194;114;76;43
216;69;137;195
44;44;28;27
176;53;292;53
173;173;173;173
211;112;211;180
65;36;139;139
196;267;283;148
95;288;36;175
289;217;66;55
253;159;111;45
219;86;73;46
139;139;139;139
193;193;193;193
16;9;47;22
167;29;295;275
184;294;55;212
220;135;138;236
256;92;271;299
226;239;192;230
146;146;146;146
104;252;138;247
165;165;165;165
21;71;127;244
194;194;194;194
300;300;300;300
21;21;21;21
126;270;277;132
56;102;133;62
201;201;201;201
153;144;180;105
14;6;253;14
202;236;18;31
48;191;288;90
93;180;98;248
162;300;295;95
12;14;110;110
16;271;152;258
282;264;114;196
57;127;68;50
176;292;292;107
92;92;92;92
28;104;154;110
113;125;70;258
105;192;163;123
75;288;24;52
127;127;127;127
279;254;124;279
108;244;8;170
20;20;20;20
121;121;121;121
199;17;199;165
218;218;65;104
247;83;247;124
289;89;169;107
81;81;81;81
69;199;99;32
201;244;168;82
208;101;268;86
78;198;73;181
222;263;193;222
101;47;15;236
189;189;189;189
143;169;31;244
280;263;96;239
286;286;286;286
73;14;77;171
288;148;7;94
254;58;173;13
246;226;246;119
86;277;269;37
222;222;222;222
90;90;90;90
51;43;133;192
110;69;99;96
92;92;92;92
158;208;232;20
26;26;26;26
118;32;267;93
249;36;49;90
51;201;170;195
123;123;123;123
76;129;37;152
112;153;153;16
196;196;196;196
246;49;268;276
42;185;42;109
282;54;100;100
66;66;66;66
188;235;113;148
108;108;108;108
53;259;156;127
290;290;290;290
116;160;199;152
295;159;87;93
273;273;273;273
16;16;16;16
264;264;264;264
161;161;161;161
290;133;89;271
49;49;49;49
80;257;185;67
139;258;126;298
109;238;238;212
117;243;136;252
275;291;259;14
206;157;146;299
95;49;60;95
280;192;243;240
139;139;139;139
133;133;133;133
173;181;97;188
185;185;185;185
214;114;280;214
250;70;270;211
43;172;76;225
242;242;242;242
32;20;207;32
186;229;49;121
190;231;23;133
273;209;82;28
121;71;189;121
53;110;111;235
229;23;142;238
289;289;289;289
127;135;57;262
165;195;164;289
140;103;171;184
225;112;270;104
167;5;33;153
126;110;15;107
49;223;47;142
199;199;199;199
24;207;122;158
211;128;128;90
102;267;246;132
50;271;31;77
183;125;12;42
184;225;254;191
213;35;58;153
45;289;289;96
183;183;183;183
153;231;216;72
79;51;281;125
100;28;237;100
180;62;179;123
193;271;97;84
227;88;98;172
28;154;69;266
73;73;127;142
112;163;230;230
293;264;23;120
134;250;282;224
185;107;166;166
221;221;221;221
176;91;177;179
150;206;222;189
125;272;31;82
260;260;260;260
87;168;48;168
157;96;213;213
21;50;65;220
54;292;226;292
271;78;290;271
227;54;178;109
255;86;123;281
64;136;204;74
144;300;273;58
150;17;17;255
106;179;37;198
243;243;126;158
20;186;236;214
251;164;164;121
112;166;251;74
172;89;192;85
266;211;268;297
239;85;125;237
159;159;159;159
211;211;211;211
233;71;87;170
52;70;99;131
94;94;94;94
290;290;290;290
44;41;208;140
152;148;213;186
300;172;36;267
33;59;15;233
21;124;23;92
42;6;86;84
100;100;100;100
211;298;226;211
186;164;48;42
115;69;289;156
40;180;205;148
166;166;166;166
270;270;270;270
297;269;213;72
259;14;79;259
129;129;129;129
23;269;93;295
56;71;239;230
158;30;138;210
104;104;104;104
279;279;279;279
242;92;115;115
254;206;154;154
149;149;282;13
246;145;57;18
48;148;124;10
232;138;95;221
161;161;161;161
68;15;134;161
22;167;247;193
31;31;31;31
112;167;188;277
44;70;100;112
117;117;193;168
78;146;293;267
71;23;274;87
65;296;269;170
250;76;167;64
119;273;273;87
20;109;229;20
157;157;168;246
196;196;196;196
175;124;118;154
21;218;219;269
225;237;71;24
154;76;218;153
206;249;76;133
59;205;231;28
219;187;250;12
51;95;287;46
126;126;126;126
28;77;63;290
278;200;186;200
164;164;164;164
277;289;112;79
91;40;39;198
248;56;72;233
242;300;242;40
127;18;285;60
105;75;93;101
7;220;246;79
90;186;146;36
58;224;64;39
118;118;118;118
112;257;120;13
103;11;239;104
24;227;8;167
130;130;69;258
72;72;220;39
204;204;204;204
229;246;247;299
22;284;108;110
248;138;121;298
85;134;134;21
25;173;286;25
164;285;257;208
300;300;300;300
185;185;185;185
48;261;215;50
89;89;89;89
54;104;79;148
239;239;239;239
194;194;194;194
138;43;239;239
201;164;188;73
66;66;66;66
7;272;271;200
154;300;76;262
104;100;183;89
237;237;237;237
243;243;243;243
263;264;202;169
97;55;106;54
96;192;209;240
282;270;5;284
129;299;119;247
259;166;272;16
94;258;134;134
126;146;55;280
280;280;280;280
117;281;281;166
246;246;246;246
39;191;111;220
47;299;30;30
134;131;210;111
252;158;297;142
73;88;30;84
132;132;132;132
149;208;213;95
248;220;251;135
157;109;166;281
238;232;238;244
196;13;160;14
205;18;18;37
50;217;17;147
238;88;88;256
209;34;116;37
220;112;14;186
65;141;151;229
147;147;147;147
15;185;140;185
160;160;160;160
178;8;78;247
269;86;293;183
199;199;199;199
85;117;240;129
77;103;134;288
95;195;275;6
248;144;254;67
246;61;186;28
296;35;240;240
85;274;97;184
259;191;252;222
239;137;140;239
252;112;93;112
263;7;182;205
183;106;37;225
120;120;120;120
122;122;122;122
67;62;177;74
33;43;67;218
63;25;289;166
217;217;299;107
123;123;123;123
47;179;243;243
83;177;271;139
295;167;295;218
253;184;25;173
120;244;206;123
118;118;118;118
199;239;242;8
218;257;180;238
62;257;133;139
262;214;262;218
79;212;193;139
260;262;265;100
239;217;94;237
172;172;172;172
47;200;34;86
23;23;23;23
187;225;187;264
241;241;241;241
18;167;198;167
280;135;278;278
228;280;181;280
228;228;228;228
78;67;299;37
123;48;224;204
28;28;28;28
209;209;209;209
204;204;204;204
58;38;58;278
143;132;81;247
71;209;285;120
10;52;10;245
20;20;20;20
193;268;18;18
106;61;168;112
189;137;197;22
70;44;97;168
112;91;270;174
245;136;123;245
145;46;116;134
80;151;295;260
101;162;56;56
179;179;179;179
160;240;240;138
168;229;229;27
137;189;22;221
133;48;138;199
190;297;219;262
91;161;86;65
139;91;90;33
24;24;24;24
184;253;175;299
214;214;214;214
140;279;289;55
235;74;123;43
141;141;141;141
109;203;91;50
96;96;96;96
286;170;82;170
62;229;236;159
53;228;188;299
297;297;297;297
164;25;110;280
219;154;188;154
149;149;290;300
193;193;193;193
34;34;34;34
31;20;31;51
179;258;53;223
270;156;238;84
65;22;272;246
88;283;165;272
59;102;96;110
91;258;83;40
98;279;97;265
150;286;115;287
203;276;259;203
152;152;152;152
62;62;62;62
261;62;205;263
179;179;179;179
60;60;60;60
230;24;148;230
53;232;8;284
55;55;55;55
210;246;210;263
26;83;202;124
52;170;52;137
57;84;175;208
40;21;159;49
208;208;208;208
236;30;88;279
65;299;23;65
227;227;77;241
84;228;94;113
79;158;191;121
224;110;63;11
147;29;29;166
164;139;195;31
231;180;15;222
193;88;199;295
170;176;132;132
298;160;23;173
57;36;177;178
234;175;264;264
265;11;72;175
11;11;11;11
110;110;110;110
279;267;185;105
36;126;106;36
240;249;40;60
203;223;37;237
296;223;257;250
23;171;79;14
27;173;27;5
48;84;277;126
223;231;7;29
151;151;151;151
166;197;139;292
170;20;298;76
145;126;141;113
34;91;110;108
94;94;94;94
173;75;275;20
107;64;124;200
241;123;107;48
54;224;137;145
158;22;66;273
70;147;235;226
283;177;61;256
138;110;93;185
196;206;260;206
27;27;27;27
18;18;18;18
110;44;225;226
24;265;27;41
85;55;193;174
14;114;27;280
84;84;84;84
238;238;238;238
39;39;39;39
109;176;234;171
71;288;68;286
145;280;280;8
8;46;42;83
295;174;296;113
135;249;7;7
75;75;75;75
167;168;18;16
96;217;197;163
294;144;27;206
199;281;89;105
31;41;213;173
242;92;221;105
274;89;156;203
68;200;151;231
159;242;224;149
122;122;122;122
58;81;294;20
11;13;120;236
59;97;45;41
227;59;247;59
144;72;109;275
177;149;72;254
82;72;183;265
37;37;37;37
122;122;122;122
284;284;284;284
140;140;140;140
248;176;185;89
10;10;10;10
297;297;297;297
116;191;150;158
216;269;241;216
164;250;154;154
87;39;288;31
169;35;117;137
282;282;282;282
133;196;127;29
272;251;42;121
183;69;55;212
150;272;169;235
232;94;221;206
251;300;277;95
32;125;242;144
25;40;284;209
300;31;257;108
219;235;74;285
10;10;10;10
268;163;103;142
177;177;177;177
24;101;178;287
54;218;239;37
183;183;183;183
130;130;130;130
132;278;132;285
11;300;67;252
247;6;177;83
201;157;157;280
13;45;191;20
263;96;93;224
295;159;200;287
149;86;106;69
115;61;142;185
189;137;178;98
93;93;93;93
101;44;101;86
26;26;26;26
73;73;113;261
76;76;76;76
151;224;105;182
229;15;235;254
40;40;40;40
20;233;233;92
239;263;64;239
270;252;127;76
201;201;201;201
273;234;276;277
209;188;188;287
13;190;247;223
224;253;199;150
153;179;22;22
248;248;248;248
25;167;92;237
168;282;63;23
284;117;101;102
248;28;107;216
5;252;267;159
87;261;152;182
158;62;62;193
121;156;211;158
44;199;63;230
245;68;245;139
71;236;241;85
218;157;31;208
76;76;76;76
92;92;92;92
248;223;40;79
249;97;29;29
179;121;37;120
197;75;253;164
197;290;282;277
183;40;36;256
115;247;195;194
201;217;242;9
61;47;73;217
70;70;70;70
11;269;32;261
100;277;133;261
39;39;39;39
170;282;282;98
43;43;200;175
232;232;232;232
185;185;185;185
154;195;171;167
149;181;55;252
131;79;79;32
275;275;275;275
87;94;163;145
215;184;26;222
105;138;42;170
156;65;179;179
6;179;85;255
234;220;241;237
228;29;265;89
125;31;160;243
245;162;22;82
94;94;94;94
277;228;59;66
230;274;93;5
39;39;39;39
60;183;44;217
228;171;198;66
216;216;216;216
204;292;172;230
299;299;299;299
286;103;7;288
297;297;79;158
22;264;158;139
108;108;108;108
174;299;66;148
98;140;241;212
100;17;179;256
18;126;153;99
125;125;125;125
112;277;61;52
118;60;216;273
175;79;243;109
179;268;244;268
138;70;188;206
146;137;146;96
262;158;116;149
169;217;14;297
299;299;277;112
114;170;12;226
214;57;139;186
6;172;73;8
56;48;288;56
40;298;233;229
228;88;290;88
84;136;135;42
292;239;239;236
223;29;231;30
150;133;176;285
222;222;89;215
101;261;47;47
252;254;74;266
250;250;250;250
156;26;201;201
286;187;203;203
209;88;41;251
223;176;36;95
229;52;83;89
44;274;107;190
210;120;265;240
78;78;78;78
124;225;133;129
91;273;109;47
231;231;231;231
208;174;172;38
119;289;192;239
286;181;214;31
22;191;226;166
273;157;279;139
147;75;255;126
222;187;45;27
88;197;103;297
232;100;216;232
44;101;173;101
193;193;94;159
279;279;279;279
57;124;87;75
254;205;254;292
255;95;238;238
170;141;144;286
177;177;177;177
124;124;124;124
20;251;15;20
167;164;266;166
279;279;155;173
185;169;78;62
82;17;154;176
129;11;59;289
213;104;151;104
236;34;240;148
116;247;257;94
39;181;91;287
163;276;121;194
133;131;186;66
83;188;116;243
203;203;203;203
47;81;169;47
52;220;275;195
213;105;272;134
221;210;173;128
141;139;106;258
253;230;217;189
201;76;11;61
164;164;164;164
163;20;12;155
271;207;240;80
245;163;170;281
274;244;268;244
13;129;272;13
220;92;70;58
125;125;125;125
10;10;10;10
23;23;23;23
295;282;9;295
67;200;295;49
41;47;241;228
146;169;146;274
94;195;7;74
142;198;145;198
16;194;201;201
246;246;246;246
281;6;60;169
194;194;194;194
67;279;205;57
48;213;187;223
181;274;59;113
268;273;170;91
168;137;225;12
251;251;251;251
78;192;114;231
294;264;216;219
200;28;200;54
113;22;196;223
80;244;99;72
24;155;45;201
95;137;30;120
65;75;210;128
102;102;102;102
214;169;145;140
207;249;276;153
13;145;13;70
149;176;24;131
224;236;224;25
267;140;37;17
270;118;276;15
135;195;41;135
196;61;155;176
152;209;216;209
205;205;205;205
204;244;60;102
99;16;84;184
259;259;259;259
241;241;241;241
297;273;127;209
268;21;65;153
297;253;179;104
278;164;169;70
92;138;79;235
166;255;198;279
288;230;159;76
249;154;238;160
122;300;68;289
206;94;213;189
197;100;240;80
244;244;244;244
198;198;198;198
202;198;256;258
74;74;74;74
181;225;269;59
23;98;12;23
126;120;140;249
163;252;165;165
149;149;149;149
34;34;34;34
11;123;300;70
215;25;166;254
25;44;32;64
92;274;268;38
162;132;183;104
104;272;223;143
205;22;220;228
296;86;155;172
126;68;105;95
100;119;223;110
91;91;91;91
59;59;59;59
252;270;11;126
281;10;38;156
265;296;178;87
67;172;265;265
179;265;176;177
223;26;63;63
277;131;61;87
227;130;225;168
245;78;245;203
238;261;96;96
162;220;224;150
53;137;53;78
280;247;58;280
283;181;181;105
224;36;87;290
228;187;273;241
254;205;136;176
160;160;160;160
23;106;106;40
259;106;42;10
216;216;216;216
272;284;290;85
9;122;117;122
91;283;52;84
25;165;127;135
133;73;133;58
278;87;24;111
295;197;119;136
52;230;111;187
298;79;84;194
79;43;83;150
152;114;62;254
262;262;262;262
120;120;120;120
277;129;244;69
159;217;180;46
95;224;264;264
91;99;81;217
300;192;285;162
124;218;7;140
242;242;269;65
267;267;267;267
114;114;114;114
298;201;298;253
169;256;69;70
300;300;300;300
259;59;51;7
221;221;221;221
250;171;135;83
195;47;177;137
299;93;115;155
243;278;105;109
150;170;96;299
74;74;74;74
199;199;199;199
257;70;116;20
254;7;56;176
121;103;275;275
38;38;110;293
93;256;267;93
40;127;127;199
21;291;291;102
277;251;128;192
280;90;157;26
80;250;203;115
27;10;98;34
174;174;136;15
49;173;191;87
135;254;187;282
218;183;40;132
287;206;206;239
235;265;237;295
198;69;275;153
286;5;241;161
106;249;243;72
68;68;68;68
230;269;234;189
299;286;183;15
255;48;114;109
288;98;293;281
11;11;11;11
7;7;7;7
191;33;161;225
81;19;158;24
121;121;121;121
124;6;180;247
11;291;79;235
66;66;198;70
231;154;290;153
97;97;97;97
263;263;263;263
176;56;278;243
51;221;169;171
225;247;101;145
101;155;144;15
251;292;33;66
173;101;32;148
30;186;199;131
160;288;216;290
181;151;112;154
150;204;68;284
45;153;67;15
50;138;290;202
244;244;244;244
42;234;13;258
39;39;39;39
251;170;293;48
67;105;165;281
139;10;118;46
144;144;144;144
217;163;26;173
48;48;48;48
35;256;148;148
34;121;145;242
38;216;134;234
119;102;237;194
238;266;195;15
290;69;143;250
138;299;291;217
48;144;216;284
217;55;266;209
107;254;131;290
140;50;207;132
163;95;127;222
182;182;182;182
284;218;47;49
81;81;81;81
236;137;263;145
267;267;267;267
197;197;197;197
222;121;273;7
48;171;27;18
199;199;199;199
202;110;202;93
125;271;139;135
9;235;153;235
126;108;279;126
6;109;128;143
204;37;44;118
36;36;36;36
220;151;94;155
273;282;180;20
219;53;91;249
211;180;132;40
62;62;62;62
199;298;204;256
232;232;232;232
126;87;50;66
295;15;10;129
150;221;233;233
53;9;44;53
146;172;107;130
211;277;277;180
214;174;89;115
213;151;213;253
64;64;64;64
37;37;37;37
195;108;226;108
226;15;224;118
127;6;37;137
168;77;5;188
220;182;22;12
52;52;298;50
287;194;238;287
266;266;266;266
274;89;154;270
24;214;244;48
119;119;119;119
121;84;297;110
136;111;170;170
156;156;93;106
92;139;19;60
214;87;51;141
192;52;62;62
212;98;29;183
66;236;147;96
269;137;273;93
136;240;204;259
120;120;120;120
66;152;222;36
81;81;81;81
178;101;211;223
160;46;226;16
288;182;137;155
95;117;185;63
27;257;142;74
292;150;189;12
49;281;12;19
142;142;142;142
71;248;8;8
230;180;250;230
239;239;239;239
10;90;96;35
267;70;261;282
192;292;212;223
23;262;18;119
235;92;95;95
240;240;156;291
189;234;286;128
254;114;22;280
145;68;257;166
169;169;169;169
208;124;109;124
71;29;176;71
210;210;210;210
115;276;81;268
283;139;189;283
117;117;117;117
31;191;263;204
297;178;290;139
247;247;247;247
197;184;294;156
145;145;145;145
120;244;78;163
219;74;266;283
110;110;110;110
30;150;181;123
246;138;254;48
17;261;112;250
7;292;108;198
107;67;298;106
270;182;270;20
248;53;20;279
90;227;164;46
137;114;200;34
125;182;5;167
201;5;297;278
119;151;293;151
38;287;140;50
74;261;14;72
83;83;83;83
9;9;9;9
257;264;76;72
101;202;9;129
99;48;59;31
133;44;16;133
240;240;240;240
30;120;101;39
188;133;191;213
255;221;166;50
230;174;224;199
149;201;259;167
168;81;292;197
214;214;214;214
224;116;239;198
246;246;246;246
258;146;249;147
194;194;194;194
207;93;93;258
14;83;220;257
204;204;191;69
35;15;253;191
78;49;294;246
18;75;56;98
31;31;275;194
58;232;290;137
137;248;25;25
40;190;219;87
57;57;57;57
213;271;10;222
103;103;103;103
229;84;276;248
226;9;174;174
12;218;260;205
136;21;59;21
57;291;229;291
142;27;27;105
145;256;108;92
242;14;242;244
295;67;240;298
62;62;62;62
171;141;233;270
283;231;215;135
99;111;5;53
288;171;224;38
145;47;244;298
16;101;235;16
179;179;179;179
114;253;92;245
39;183;126;124
22;151;22;169
213;278;264;213
192;192;192;192
111;111;111;111
266;195;23;23
64;64;136;183
227;95;249;291
15;196;99;77
150;21;127;149
163;163;54;143
96;8;10;100
208;55;31;243
291;277;17;63
272;133;236;190
55;219;60;150
9;9;9;9
103;62;44;215
89;216;160;296
34;18;288;34
128;254;128;150
141;141;141;141
66;45;171;66
11;73;228;113
132;132;132;132
207;207;287;228
197;197;197;197
109;151;90;130
126;247;233;28
73;73;73;73
297;122;203;91
180;62;70;50
53;155;175;76
190;190;36;107
169;11;107;289
7;7;7;7
106;70;184;70
132;59;81;59
68;252;281;119
235;115;262;31
271;267;267;214
250;250;250;250
111;14;166;111
165;232;216;253
291;29;29;243
287;19;168;19
62;130;142;39
93;204;89;232
148;137;148;177
196;170;10;243
200;33;33;138
259;53;214;77
109;205;57;81
55;16;151;183
295;154;165;115
236;156;72;210
112;112;112;112
92;92;92;92
287;77;272;170
7;7;7;7
142;291;63;195
262;90;262;123
33;248;72;33
67;127;8;48
156;90;195;193
31;31;31;31
176;8;246;190
197;170;188;243
104;185;67;7
187;175;260;237
213;227;8;14
126;126;126;126
137;239;249;249
82;82;82;82
163;63;231;214
138;162;176;139
61;61;61;61
216;149;36;47
167;275;239;10
213;278;106;82
248;277;86;300
140;256;86;210
116;41;147;41
161;21;39;173
142;142;142;142
62;268;54;167
82;82;82;82
149;149;149;149
263;263;263;263
33;155;128;229
138;256;126;222
253;198;199;138
286;187;8;197
110;110;110;110
21;25;111;275
193;202;156;207
242;24;86;123
135;242;244;226
238;238;238;238
101;113;218;262
225;225;219;109
229;229;229;229
148;148;148;148
143;143;143;143
253;253;253;253
171;162;12;103
141;240;6;178
298;298;298;298
104;30;135;30
291;254;24;285
17;17;17;17
21;234;274;67
122;232;272;202
168;78;38;197
100;41;189;123
109;254;268;73
180;67;42;269
254;173;181;10
195;254;287;200
296;296;296;296
279;279;279;279
241;63;38;186
106;264;187;248
46;60;12;252
226;103;156;61
18;192;143;160
178;161;224;28
36;36;36;36
93;26;93;214
12;103;122;167
113;282;126;31
67;82;15;80
106;215;293;128
37;37;37;37
262;17;67;9
201;177;138;138
147;128;128;207
235;208;87;278
219;112;255;219
183;183;183;183
235;37;37;278
144;282;158;196
113;24;178;212
258;10;294;10
174;174;174;174
170;155;162;220
219;230;230;294
124;132;140;25
165;165;165;165
163;178;134;48
230;158;167;272
286;124;98;272
13;13;100;299
140;132;36;187
183;183;93;95
120;68;128;79
240;240;240;240
95;85;271;100
250;101;66;130
267;13;278;278
251;227;251;286
225;27;247;18
59;247;59;164
300;293;281;30
44;144;140;140
121;132;295;19
133;208;181;22
83;83;83;83
173;173;173;173
131;131;10;212
244;244;259;227
87;18;162;175
188;39;82;139
176;173;203;128
185;232;98;261
208;201;136;136
221;221;221;221
101;300;13;103
119;219;71;61
188;283;178;188
144;30;147;32
298;271;129;207
276;278;220;44
72;38;31;233
250;300;262;273
211;52;259;125
159;274;212;77
180;180;180;180
167;26;167;236
261;261;261;261
149;63;94;45
134;300;300;262
175;175;175;175
139;207;116;256
202;56;252;73
134;242;111;208
95;240;22;146
264;264;264;264
141;141;92;58
246;24;10;295
190;29;279;190
50;50;50;50
188;233;81;49
149;165;195;84
183;221;207;186
60;60;60;60
191;165;269;52
236;236;236;236
164;8;20;20
257;299;284;150
178;161;159;49
250;73;216;189
271;291;250;48
36;220;220;288
80;80;80;80
286;283;168;27
89;204;8;255
7;252;98;7
269;225;46;236
292;146;247;55
269;44;236;44
57;291;21;8
230;97;223;237
50;213;66;293
276;91;195;180
205;120;177;270
122;125;216;132
276;274;118;56
117;237;268;103
140;140;140;140
225;225;225;225
141;292;78;22
88;110;281;262
174;246;246;115
138;138;138;138
271;289;236;104
10;59;208;300
294;235;236;144
91;276;161;125
56;15;148;257
41;140;41;42
286;281;30;67
7;62;7;294
193;262;73;239
224;44;245;147
235;150;206;31
192;71;281;30
39;196;283;150
169;279;244;279
166;182;188;182
276;276;276;276
130;130;130;130
259;242;185;257
225;44;189;298
45;92;45;190
84;264;263;287
210;133;190;72
7;122;16;157
84;231;207;214
197;120;136;95
114;114;114;114
211;207;61;212
216;216;216;216
246;246;246;246
220;220;220;220
272;251;149;12
149;217;262;149
97;97;97;97
258;153;56;181
15;53;77;121
246;89;184;47
7;7;7;7
130;112;130;51
239;281;82;144
124;16;16;276
23;117;62;23
276;78;78;230
229;207;30;237
147;225;154;105
93;192;77;192
284;57;17;15
112;242;134;134
95;95;95;95
46;46;60;277
77;110;262;216
255;286;100;32
266;266;266;266
91;281;13;31
102;206;129;176
293;232;214;232
153;12;79;68
186;145;220;95
119;78;237;74
162;162;162;162
279;253;106;230
91;91;91;91
127;127;127;127
77;229;42;151
282;126;42;257
243;252;243;203
257;36;95;95
17;65;272;17
288;245;300;172
272;272;272;272
182;182;182;182
277;185;260;17
264;50;49;54
217;134;287;287
124;108;152;177
30;277;58;294
118;274;219;125
204;204;278;54
293;293;293;293
181;181;181;181
223;187;63;111
191;282;184;234
133;219;8;245
217;167;237;116
75;113;29;25
286;9;129;34
215;129;188;215
275;275;275;275
190;196;245;190
289;173;134;20
173;173;103;285
185;112;136;185
180;296;249;249
245;81;277;80
112;245;231;198
113;182;38;33
94;205;56;94
118;94;171;71
184;184;184;184
50;185;205;175
296;210;64;126
230;230;230;230
82;58;58;31
118;118;118;118
231;231;231;231
57;122;31;215
133;251;158;158
22;22;22;22
131;131;82;202
231;174;255;133
172;172;172;172
115;115;142;198
46;183;299;177
289;45;196;111
171;181;81;245
242;55;253;233
116;231;58;154
178;14;187;246
27;27;27;27
199;251;51;209
127;117;235;16
73;286;140;7
164;138;51;51
105;105;105;105
160;160;160;160
71;44;71;116
70;238;283;101
293;45;144;300
36;36;36;36
214;275;113;281
200;151;200;62
84;225;225;17
129;269;263;236
296;257;69;140
207;206;59;82
67;67;67;67
295;141;79;89
248;24;13;199
171;161;122;148
270;202;103;6
253;206;178;253
173;173;173;173
297;109;109;254
179;92;9;72
33;198;298;96
109;162;277;123
261;12;230;12
240;240;240;240
257;257;257;257
137;182;35;108
143;45;200;136
297;110;294;259
34;73;226;73
239;41;79;103
125;125;125;125
212;28;104;42
249;179;46;24
223;223;223;223
123;123;156;17
173;176;200;187
120;241;258;117
173;173;173;173
270;270;270;270
102;137;137;55
78;78;78;78
131;212;212;295
183;133;225;128
256;92;276;218
252;62;169;139
31;60;225;53
33;33;33;33
252;6;269;123
264;251;231;264
284;284;284;284
201;271;271;23
11;54;112;99
164;265;167;208
236;125;125;177
104;298;56;95
173;173;173;173
208;128;16;257
205;68;235;137
130;173;6;46
185;185;185;185
167;174;153;137
256;13;238;238
249;112;189;218
213;105;56;43
211;10;54;135
204;204;204;204
73;27;44;73
250;250;247;145
170;83;51;131
22;23;299;226
248;36;236;180
54;232;195;206
112;185;192;225
264;264;264;264
253;172;38;33
155;119;27;27
229;63;240;63
160;275;22;227
222;15;32;156
79;276;294;13
72;72;72;72
190;39;299;143
33;193;283;237
271;190;35;35
8;213;77;213
185;125;190;291
37;169;56;141
130;197;132;179
190;40;139;262
37;76;16;76
259;29;81;226
15;180;157;157
201;299;276;299
243;151;211;226
197;197;197;197
269;69;222;267
165;175;56;59
256;256;256;256
129;146;187;212
241;273;239;273
184;184;184;184
260;14;123;265
289;151;283;27
236;244;199;244
198;292;291;77
137;105;233;97
149;227;269;269
187;154;157;157
284;224;149;68
283;283;283;283
220;191;236;258
300;154;192;179
125;263;68;203
197;149;164;139
158;132;59;59
211;94;90;202
82;82;82;82
119;209;53;87
29;162;193;59
5;35;175;35
134;226;18;178
28;236;71;132
68;192;64;265
152;296;91;157
263;227;227;192
226;157;276;205
253;176;170;170
296;296;296;296
119;31;279;92
218;117;193;218
241;35;228;138
130;146;159;287
113;113;113;113
82;287;259;97
162;162;162;162
225;44;61;61
258;256;100;192
281;281;281;281
259;220;183;59
37;230;89;24
113;32;205;291
124;292;238;111
167;162;75;44
185;288;173;116
91;149;185;127
112;122;117;122
163;292;33;116
282;282;282;282
41;41;41;41
65;194;194;145
120;76;292;21
70;251;214;214
200;158;223;20
102;218;180;232
154;183;62;154
57;278;210;68
270;229;229;254
189;214;25;25
239;239;239;239
170;62;104;62
117;85;60;108
156;269;186;91
66;66;66;66
179;75;70;191
240;130;138;292
283;92;30;52
164;231;199;196
146;294;150;292
181;272;137;278
17;175;175;37
152;152;112;248
239;250;224;267
277;277;277;277
179;247;202;57
159;42;107;42
10;75;244;284
105;104;207;87
18;106;250;251
57;177;177;24
154;154;264;219
156;152;63;109
153;160;111;113
40;40;40;40
68;236;36;203
66;148;154;154
86;86;86;86
233;233;233;233
181;148;288;33
241;100;131;234
201;225;235;109
37;37;37;37
178;195;279;185
85;73;276;237
137;250;186;186
140;140;140;140
238;276;276;270
104;104;104;104
248;31;169;248
84;28;112;167
83;172;183;233
131;138;243;190
134;134;134;134
213;275;6;6
299;125;155;293
141;134;249;197
204;254;95;124
253;197;199;20
140;196;140;280
216;201;73;160
135;136;256;295
144;226;264;48
7;193;251;56
9;39;65;39
180;82;205;172
202;84;221;212
49;179;136;9
76;53;106;12
288;248;189;279
150;109;262;259
162;155;55;109
200;56;289;56
29;87;194;207
288;27;95;11
59;90;90;85
262;236;77;236
179;173;179;61
169;223;241;37
261;261;10;129
5;188;41;109
276;60;18;32
92;290;120;71
71;71;71;71
290;19;137;59
81;245;98;245
224;224;224;224
5;5;252;92
33;42;139;22
275;120;161;270
49;28;246;185
15;134;181;7
49;49;49;49
24;126;151;151
34;273;169;169
10;164;78;38
118;118;118;118
67;156;37;15
260;225;116;70
75;75;75;75
106;158;12;64
286;82;39;87
20;20;20;20
41;293;182;37
243;243;243;243
85;27;66;291
84;84;84;84
217;217;217;217
147;238;168;75
155;156;293;86
147;270;176;275
221;96;124;96
252;150;22;252
260;48;173;167
70;291;140;129
166;233;296;64
43;59;188;127
275;107;143;107
39;179;60;28
238;283;194;283
296;71;33;269
211;88;11;137
78;207;119;91
179;222;218;222
66;65;157;124
250;73;188;121
277;87;191;100
5;299;294;127
5;6;121;94
225;57;257;6
240;179;181;164
190;280;225;8
46;46;46;46
9;129;283;9
249;121;223;166
170;275;280;226
173;77;248;245
46;46;46;46
237;33;41;137
23;267;171;53
241;105;262;257
161;172;223;161
72;72;72;72
243;102;233;237
92;92;92;92
38;261;196;191
251;77;136;255
240;240;240;240
272;272;272;272
175;160;201;116
162;287;204;179
249;249;249;249
171;134;201;42
114;15;247;271
53;255;97;269
276;269;57;26
112;214;204;228
176;224;176;83
251;47;124;97
26;11;93;113
136;214;281;243
66;163;245;72
283;254;51;51
272;272;272;272
72;146;267;248
12;14;14;118
215;139;250;57
234;273;234;195
272;41;45;258
47;47;61;52
284;202;164;161
257;115;265;265
51;51;51;51
207;148;119;277
279;118;32;162
90;147;284;255
259;122;274;210
172;7;159;192
293;33;259;141
141;42;208;229
6;144;118;57
115;115;115;115
225;229;208;177
183;62;64;62
71;22;203;298
44;112;186;277
202;121;149;100
20;183;156;281
12;74;59;248
56;56;56;56
158;47;97;225
270;234;270;99
104;162;132;104
29;81;81;22
234;234;234;234
145;39;142;145
163;20;57;65
96;96;96;96
297;297;48;114
34;219;265;66
218;237;135;28
87;178;224;262
162;162;162;162
16;16;16;16
45;37;137;45
207;198;247;177
60;60;60;60
189;189;189;189
193;193;193;193
128;128;128;128
82;239;249;276
247;270;173;43
46;46;46;46
135;33;15;75
220;197;235;278
86;86;86;86
148;148;151;267
66;66;66;66
100;43;122;35
99;99;99;99
231;186;79;153
265;265;265;265
137;222;36;84
233;256;256;183
82;7;221;109
111;111;111;111
115;129;284;215
53;53;155;144
190;190;190;190
37;227;104;268
83;192;258;30
203;65;299;17
132;12;132;80
56;279;248;10
28;33;180;14
139;68;131;175
15;15;139;98
189;171;94;103
93;93;93;93
156;156;156;156
266;70;6;70
137;137;137;137
185;160;185;132
281;86;163;60
295;96;141;106
139;205;169;89
249;29;86;64
167;167;63;126
296;296;296;296
157;157;230;247
24;75;162;40
69;213;213;228
106;116;41;27
184;129;234;234
219;202;28;201
75;75;75;75
122;229;56;240
189;189;189;189
276;276;276;276
53;53;53;53
15;176;176;138
178;85;41;136
290;290;290;290
59;268;163;59
253;190;116;190
27;280;159;25
222;137;280;129
47;252;246;151
216;16;17;40
94;210;5;111
35;152;206;206
129;69;244;156
147;147;147;147
22;22;22;22
179;178;275;139
43;37;296;287
158;158;158;158
258;90;90;244
208;208;208;208
68;19;265;237
80;14;74;122
240;223;258;15
182;182;182;182
183;183;183;183
48;46;48;226
103;148;249;193
29;138;161;97
146;251;131;131
201;171;266;251
98;274;290;202
48;13;134;156
131;239;296;51
289;155;205;256
212;212;212;212
185;226;287;85
282;255;255;219
293;154;196;259
35;36;14;61
125;120;166;61
45;264;210;85
194;255;188;169
23;246;134;75
69;69;69;69
42;195;262;262
106;245;275;245
168;165;168;66
172;143;172;176
217;60;217;175
282;8;219;219
183;94;202;94
160;101;261;271
190;299;148;7
292;253;292;97
26;282;77;297
153;153;216;98
81;81;81;81
172;73;201;73
181;130;215;177
218;127;259;300
229;123;175;124
54;187;201;120
131;131;108;119
136;161;294;110
148;200;248;148
84;235;208;28
33;126;45;260
41;279;119;119
298;298;298;298
27;27;27;27
281;124;194;194
66;66;66;66
192;113;22;40
172;136;188;172
210;210;31;63
238;62;258;83
98;176;98;17
135;25;238;35
233;300;129;258
158;297;289;293
279;279;279;279
206;207;33;285
108;93;173;111
228;228;228;228
169;234;258;234
180;133;83;133
123;63;168;66
73;90;32;32
225;6;135;108
118;93;244;218
235;235;235;235
170;104;76;222
172;131;284;15
99;65;122;38
135;63;55;101
72;237;103;162
279;181;158;276
9;173;107;285
251;204;240;149
291;199;199;169
169;77;154;69
174;174;174;174
39;175;270;200
284;69;204;34
153;131;183;45
131;234;45;49
71;212;160;258
264;187;257;247
294;246;73;129
286;10;63;63
209;5;115;296
185;20;60;77
278;278;278;278
197;226;171;244
247;117;5;110
145;93;300;234
227;71;171;198
167;19;127;191
188;119;120;103
180;110;124;88
127;101;187;101
99;172;111;99
257;53;52;104
88;93;232;49
289;296;125;115
264;201;199;20
83;205;127;216
141;67;91;217
280;165;200;162
167;211;276;39
75;75;75;75
58;153;90;95
167;38;208;261
121;91;102;216
279;86;92;297
192;192;192;192
31;240;240;277
65;149;193;149
15;98;125;292
85;43;45;43
248;80;44;88
80;66;250;183
163;209;232;17
292;56;90;137
238;297;230;35
150;148;139;138
252;270;34;142
73;71;87;11
122;142;255;222
92;226;46;8
140;147;177;176
292;58;198;152
98;205;228;156
21;97;170;107
131;208;208;198
244;125;152;244
45;126;46;52
63;63;63;63
84;84;84;84
225;65;132;242
274;274;274;274
134;116;172;130
156;209;187;131
256;51;297;258
124;74;60;57
243;234;52;87
145;227;164;222
150;60;282;230
139;216;73;141
225;112;264;194
119;119;119;119
259;259;259;259
176;24;244;169
33;33;33;33
215;213;240;61
173;10;166;225
22;293;293;121
177;185;138;174
251;180;166;180
234;39;156;123
242;242;242;242
126;46;230;227
54;49;99;56
10;30;175;205
219;236;19;26
239;289;172;96
37;37;37;37
287;287;66;235
11;81;194;194
175;113;228;175
265;226;52;265
203;192;147;40
207;250;195;108
16;124;249;249
227;227;227;227
75;45;32;273
174;174;174;174
274;274;274;274
47;297;281;25
110;110;110;110
151;12;137;59
231;117;234;201
174;207;66;207
118;118;118;118
143;143;143;143
121;195;119;191
234;280;47;107
167;259;167;264
18;254;95;215
229;229;180;116
274;133;282;205
288;266;288;171
262;256;206;206
153;50;133;81
110;106;295;257
297;268;268;287
287;108;101;184
237;237;237;237
123;100;208;256
114;161;76;239
79;53;207;132
121;121;121;121
207;280;239;293
48;48;48;48
166;264;284;248
129;242;39;129
43;43;43;43
33;179;48;222
104;104;104;104
104;104;104;104
159;107;256;102
281;218;130;173
93;126;148;6
237;296;11;237
85;231;193;23
208;208;208;208
60;132;38;71
173;51;188;7
238;88;156;80
198;263;263;137
184;65;70;217
59;164;79;174
106;252;22;273
59;85;85;261
75;291;198;34
141;112;229;201
13;13;13;13
78;255;240;69
174;174;174;174
243;173;135;151
156;156;156;156
257;257;257;257
32;244;222;17
294;211;29;290
185;185;185;185
27;27;27;27
36;167;66;175
143;143;143;143
65;153;276;260
126;257;235;248
138;248;171;233
299;36;131;131
9;194;295;9
166;258;232;244
275;54;235;41
140;290;75;136
138;138;138;138
43;207;15;193
138;145;103;153
246;21;22;21
181;284;27;153
104;38;49;38
90;31;136;119
92;82;82;116
57;57;57;57
54;77;20;165
181;72;61;180
255;255;255;255
213;202;147;173
130;227;49;49
85;93;198;254
96;68;200;41
191;148;93;128
183;286;158;286
100;268;225;19
153;73;280;282
35;35;35;35
103;9;9;285
91;238;41;18
189;29;280;214
135;255;275;96
298;281;127;294
234;183;28;144
69;97;247;164
117;117;117;117
212;212;212;212
122;129;80;275
30;238;240;160
13;13;13;13
176;176;49;234
114;114;114;114
35;271;216;129
137;238;137;202
202;234;202;97
113;276;25;103
153;147;22;153
273;14;192;202
234;14;242;242
36;298;163;295
186;186;186;186
291;211;75;127
243;206;133;243
27;27;27;27
60;250;93;175
24;24;24;24
145;165;257;215
211;67;46;208
281;281;281;281
282;133;202;154
281;229;156;141
263;166;46;263
145;215;251;204
45;259;12;242
224;166;256;201
61;142;93;109
215;215;215;215
22;88;131;12
41;292;220;100
13;16;143;104
101;8;152;300
67;38;223;67
73;295;112;73
177;62;102;102
118;118;118;118
274;274;274;274
108;259;95;182
48;171;16;48
32;32;32;32
52;52;52;52
44;154;113;87
279;289;185;160
112;112;112;112
117;299;117;116
173;37;139;269
289;137;197;295
260;263;75;159
44;10;157;241
254;37;95;258
173;50;97;278
232;126;104;11
101;274;276;102
207;121;134;268
206;206;206;206
270;13;270;54
245;31;186;245
247;247;247;247
295;291;267;38
163;63;251;21
130;84;265;130
101;101;101;101
280;193;52;154
169;286;285;106
119;52;27;155
260;39;39;148
259;25;252;155
212;212;212;212
58;138;294;58
47;176;47;173
95;95;95;95
172;97;172;186
97;97;97;97
273;36;230;171
192;177;181;11
260;261;55;222
159;151;129;129
55;210;230;68
216;176;114;176
52;34;214;168
50;50;50;50
113;113;113;113
42;250;72;73
31;29;259;298
172;172;215;90
160;160;160;160
50;261;189;39
93;84;216;235
287;189;281;32
22;48;274;222
278;21;44;278
201;246;112;40
9;255;30;117
55;152;93;49
44;227;135;132
176;72;268;103
84;181;88;212
208;228;172;250
131;228;188;146
100;68;60;68
38;21;229;46
116;51;57;40
220;153;289;65
144;254;101;101
216;216;216;216
21;76;240;152
26;146;93;10
169;96;271;166
98;38;287;231
295;295;295;295
136;185;160;185
219;198;97;20
64;139;267;253
152;104;176;158
120;120;120;120
69;198;88;137
235;252;286;215
201;295;205;221
46;18;194;173
105;202;270;164
90;70;271;90
151;10;258;210
172;172;172;172
53;53;53;53
129;62;129;15
55;233;45;66
275;59;118;119
248;106;168;69
194;194;194;194
25;11;102;230
69;89;131;57
108;45;228;65
220;257;126;209
164;164;164;164
203;245;148;272
239;276;271;78
228;238;174;184
86;192;149;232
84;58;150;290
209;37;267;266
43;43;43;43
22;22;22;22
22;33;66;66
298;205;261;155
36;28;70;242
5;5;5;5
151;206;211;42
13;25;10;25
218;299;218;42
124;124;124;124
121;121;121;121
223;252;15;232
277;233;198;68
26;252;260;87
77;105;215;179
156;186;219;63
139;141;6;197
240;240;240;240
81;95;242;31
120;120;120;120
222;229;75;101
71;195;215;252
47;102;180;102
220;243;127;250
220;26;28;144
78;150;258;238
14;75;14;33
32;297;163;163
131;245;211;45
52;142;61;165
12;177;130;124
278;98;278;277
123;257;129;279
35;20;145;94
96;121;235;8
84;84;88;251
239;132;132;266
48;32;135;235
129;77;9;129
137;137;137;137
292;231;135;252
215;38;242;295
200;26;209;283
240;148;263;163
251;69;207;234
95;148;208;31
26;278;70;219
76;76;76;76
132;87;67;132
249;70;32;122
141;13;51;43
85;85;273;257
33;84;84;204
173;173;173;173
25;25;264;176
51;93;171;184
203;203;203;203
259;120;120;247
264;264;264;264
261;93;261;182
145;174;147;258
292;266;9;252
166;215;240;161
64;91;212;186
168;168;168;168
215;215;215;215
46;46;106;299
74;264;8;24
213;213;213;213
203;100;186;125
37;191;18;46
237;222;110;200
67;203;67;263
163;163;163;163
70;210;125;212
276;122;255;213
86;222;73;207
239;239;239;239
141;141;141;141
174;114;26;136
144;215;14;280
285;285;285;285
15;169;297;194
64;64;64;64
59;176;172;102
114;114;114;114
68;137;106;137
79;96;130;243
127;182;254;39
56;168;299;56
76;252;237;186
135;135;135;135
99;136;193;21
299;299;274;273
231;202;202;203
206;115;206;292
200;292;74;276
298;298;298;298
33;33;33;33
242;143;153;68
276;127;259;62
293;293;293;293
283;55;253;170
177;150;272;107
296;73;137;109
59;75;30;220
116;125;125;85
31;31;31;31
252;212;162;99
92;143;91;20
244;136;168;233
27;135;52;215
180;160;272;161
25;25;25;25
223;187;253;224
142;67;155;265
131;42;131;38
109;153;128;87
55;42;158;251
189;24;146;269
230;92;48;9
297;86;280;63
156;11;107;228
215;185;81;215
56;56;56;56
281;281;281;281
242;268;229;261
114;79;183;226
101;101;125;265
183;108;44;44
188;294;293;58
45;45;45;45
249;136;249;36
237;37;85;295
167;231;263;30
25;25;71;177
168;168;168;168
295;295;295;295
215;272;79;79
285;238;166;166
228;281;143;195
69;69;202;122
75;75;75;75
22;22;22;22
68;203;30;86
86;107;279;81
245;201;41;245
92;43;230;118
105;86;86;250
77;77;77;77
90;203;90;278
129;209;191;202
163;163;163;163
279;145;272;145
37;237;254;236
87;87;87;87
59;186;114;253
143;176;176;35
59;260;13;162
138;182;271;177
27;27;27;27
180;86;25;228
69;224;172;96
287;54;87;119
245;8;47;87
249;249;249;249
179;179;179;179
299;199;198;299
59;210;271;12
17;90;233;281
168;168;168;168
59;220;155;32
295;130;272;91
92;92;92;92
93;93;93;93
46;145;128;216
288;288;288;288
164;164;164;164
156;103;103;152
268;227;84;70
20;185;70;74
21;21;257;275
152;99;252;152
211;227;178;178
120;297;113;297
135;135;280;12
227;123;160;175
188;188;121;151
251;109;82;251
38;118;108;168
9;87;167;273
176;176;176;176
110;80;205;186
202;202;202;202
182;249;169;17
151;199;168;294
284;128;238;238
101;171;288;157
216;288;118;206
174;6;105;80
153;153;156;241
197;190;112;94
67;147;260;108
96;33;245;96
238;79;14;51
42;117;42;205
7;142;241;226
164;152;136;181
60;198;134;60
74;44;94;74
271;187;281;12
264;18;85;55
43;246;298;141
281;207;207;270
184;64;262;139
152;152;152;152
63;234;189;143
288;13;163;288
67;252;31;25
15;15;15;15
269;72;170;277
31;139;106;163
247;35;271;147
130;221;181;107
75;163;163;160
103;150;38;72
50;172;179;173
197;259;71;197
51;9;6;190
208;208;234;33
243;243;129;209
237;195;109;284
256;286;286;50
291;291;179;45
156;197;298;47
272;272;272;272
117;20;21;187
69;174;246;230
175;293;233;200
23;34;60;34
169;278;204;231
122;122;122;122
138;138;138;138
197;169;189;197
63;88;27;155
211;145;75;92
235;162;37;117
117;146;146;139
22;228;35;275
38;267;201;38
221;152;97;254
274;197;282;57
219;174;244;119
117;117;117;117
268;268;268;268
181;258;218;37
186;50;43;275
95;52;66;164
128;259;274;72
164;10;39;155
54;43;213;97
72;140;165;11
222;222;222;222
33;201;98;214
217;217;217;217
135;5;212;179
58;58;58;58
84;84;84;84
119;15;66;15
103;154;52;52
37;37;37;37
223;265;71;111
279;53;149;249
219;219;219;219
244;24;140;160
64;64;60;90
175;278;94;167
198;239;15;91
217;165;232;80
131;131;131;131
52;52;52;52
243;34;97;104
182;182;182;182
32;99;119;18
163;195;290;79
221;221;221;221
267;109;43;110
209;109;165;294
59;149;33;51
189;117;231;251
10;256;285;165
96;187;229;187
270;270;90;140
245;245;245;245
35;231;19;208
189;189;189;189
273;159;71;261
31;262;168;277
157;157;157;157
171;239;156;239
104;161;15;150
31;195;105;225
68;68;296;184
96;136;237;230
79;34;275;275
232;197;106;112
147;140;38;140
240;88;167;185
103;103;103;103
226;127;119;127
249;239;147;101
249;249;249;249
117;161;214;58
168;137;105;187
294;127;158;176
155;242;37;242
294;66;296;145
104;160;47;47
248;248;248;248
137;137;281;278
187;52;276;300
233;199;79;176
106;209;194;138
21;21;21;21
129;36;216;33
46;105;197;299
164;50;292;214
176;176;176;176
193;286;88;193
106;126;232;132
37;37;37;37
223;240;159;133
108;25;220;25
230;279;125;230
32;12;136;136
25;106;85;241
13;13;13;13
108;67;63;190
25;254;254;224
80;80;80;80
223;223;223;223
23;23;23;23
273;168;6;198
259;230;11;59
279;194;91;91
187;187;187;187
150;81;117;142
228;76;205;76
20;42;287;142
70;136;93;70
298;124;219;26
75;219;245;290
12;100;63;199
278;278;278;278
282;13;29;151
134;154;284;17
218;40;40;273
5;277;277;75
15;39;47;214
74;299;102;211
192;192;192;192
272;272;272;272
56;29;39;56
73;211;139;292
80;167;57;42
95;95;95;95
266;67;76;144
87;123;41;248
290;243;228;118
19;183;187;183
109;8;280;145
267;226;176;103
274;291;205;205
19;294;205;108
117;117;117;117
50;188;88;293
73;73;73;73
174;49;81;81
86;152;167;68
188;188;188;188
229;92;92;7
171;101;10;234
149;164;149;73
143;198;5;149
9;9;9;9
225;155;289;77
5;33;229;86
122;138;201;236
170;207;97;97
131;198;172;57
242;17;19;132
208;208;208;208
92;54;161;190
259;208;69;208
220;220;220;220
156;263;218;216
98;98;98;98
97;133;9;12
86;11;220;224
191;5;5;25
273;104;86;113
25;25;25;25
261;261;261;261
213;61;189;73
164;151;198;137
147;263;21;211
140;213;100;218
212;112;252;228
225;115;239;165
64;64;64;64
14;250;235;241
177;71;71;278
19;79;298;11
236;45;65;45
294;160;206;235
186;186;118;40
285;255;24;55
139;218;266;127
80;80;80;80
126;126;126;126
99;99;184;140
42;42;42;42
255;150;115;29
26;40;111;134
95;95;95;95
215;228;176;46
85;83;174;169
116;104;235;16
200;184;245;31
248;83;298;210
124;45;24;22
125;125;125;125
19;36;144;105
133;196;100;233
141;141;69;97
161;161;161;161
39;165;67;215
297;215;234;213
188;96;43;280
194;158;142;135
47;121;31;157
194;194;194;194
300;30;93;300
198;225;111;163
95;43;205;52
260;14;238;143
10;275;190;56
97;97;97;97
108;285;135;220
250;35;91;224
264;67;286;300
107;107;107;107
143;14;14;98
258;165;159;289
149;30;272;27
78;27;184;56
85;85;85;85
295;274;225;261
96;96;96;96
295;295;25;241
76;124;292;112
194;194;194;194
117;56;56;72
170;55;145;29
231;231;231;231
91;285;89;236
159;159;159;159
262;249;226;249
249;188;107;89
238;267;267;164
8;263;263;276
198;45;254;191
137;137;137;137
68;264;176;159
124;246;210;107
57;57;70;142
22;230;27;146
277;259;164;74
39;39;39;39
273;198;222;179
126;97;203;203
56;70;70;268
140;140;140;140
162;113;256;256
131;111;229;283
157;157;157;157
58;117;188;244
38;257;293;180
137;115;37;107
40;191;141;39
251;230;155;155
92;66;48;92
179;113;232;31
48;164;18;164
70;243;211;88
115;115;115;115
34;115;237;267
110;246;43;246
276;281;296;199
266;221;74;127
5;93;67;68
179;179;78;249
110;282;96;10
224;55;221;128
205;205;205;205
78;297;134;197
201;201;201;201
224;32;270;202
183;27;126;60
26;109;9;242
96;96;96;96
203;194;280;67
127;300;98;98
125;197;230;125
146;182;192;159
282;51;10;126
183;183;183;183
155;134;191;8
296;158;296;48
38;91;202;172
282;163;93;62
114;38;177;63
269;257;178;178
293;264;72;203
121;281;121;261
261;274;264;108
278;212;127;41
5;5;5;5
277;277;277;277
150;211;204;99
49;135;299;210
293;293;293;293
256;256;256;256
183;279;165;81
39;60;101;223
145;287;219;67
149;196;296;109
177;110;273;177
260;276;13;229
210;292;107;178
289;83;26;224
93;93;131;296
81;140;81;271
190;122;139;190
85;85;85;85
168;159;85;168
75;288;228;295
113;113;113;113
174;17;104;228
131;257;98;112
232;195;278;141
275;275;275;275
59;197;95;214
73;73;73;73
215;66;134;200
125;269;8;41
62;62;62;62
236;106;220;239
140;98;136;98
153;254;143;167
187;74;114;205
109;55;102;55
162;92;116;185
78;78;78;78
32;241;261;181
76;269;72;131
133;133;133;133
130;118;24;45
84;84;84;84
45;45;45;45
172;172;172;172
69;69;69;69
109;289;32;246
66;31;208;211
293;170;55;243
162;48;48;199
297;211;133;297
178;295;148;217
164;164;164;164
196;297;108;117
202;290;290;98
16;250;260;229
226;129;68;221
62;149;149;171
5;5;5;5
240;122;31;31
81;287;82;290
216;153;75;208
224;292;98;185
85;85;85;85
284;64;171;225
17;18;36;60
58;124;38;248
144;213;89;213
155;155;155;155
91;90;91;240
43;104;179;260
292;231;148;231
152;231;182;22
60;202;146;162
272;200;124;133
202;79;92;201
249;67;249;164
33;266;222;266
22;261;162;222
110;81;118;289
272;89;150;254
173;146;175;269
31;24;136;282
179;94;132;12
95;152;242;237
247;23;282;250
134;150;43;76
230;126;222;126
161;95;50;224
283;283;283;283
40;40;156;41
87;54;85;85
193;27;270;225
27;159;24;291
205;205;205;205
15;15;15;15
162;162;162;162
222;242;107;246
164;271;164;48
52;22;28;188
124;170;224;259
192;168;102;167
214;214;214;214
258;184;34;55
7;7;7;7
31;31;47;58
253;114;214;213
225;109;101;36
213;213;213;213
146;204;220;146
174;45;28;60
254;43;276;238
288;288;288;288
262;186;162;78
65;77;90;192
258;258;258;258
266;130;246;130
248;60;122;29
45;29;36;45
118;211;287;30
159;159;185;141
271;48;183;69
268;23;288;44
10;229;137;10
246;69;168;246
192;162;274;162
45;244;81;81
258;59;183;34
288;249;226;68
250;284;279;118
293;46;93;93
260;106;232;236
150;150;150;150
115;115;236;121
39;277;182;133
166;166;166;166
45;45;45;45
49;295;231;164
296;128;290;41
116;263;278;278
131;233;35;35
67;187;19;124
275;275;275;275
169;163;121;163
268;195;257;19
295;295;295;295
277;277;277;277
11;179;46;48
181;229;289;181
146;212;110;219
181;217;259;267
116;68;209;209
115;160;160;104
83;103;211;55
295;295;295;295
42;291;73;160
6;6;6;6
225;161;46;175
28;176;200;163
279;173;198;288
29;149;29;126
164;164;164;164
113;113;113;113
10;33;66;105
33;290;226;290
41;41;41;41
164;248;196;241
201;228;65;249
113;246;273;119
234;234;234;234
51;51;51;51
175;213;288;180
13;240;281;281
182;41;204;49
194;26;148;43
72;122;45;144
181;236;20;73
158;57;67;192
268;161;90;15
217;93;108;47
269;159;212;164
50;135;141;231
119;192;5;7
190;246;190;236
180;180;180;180
118;96;290;74
192;50;208;233
47;181;111;206
45;45;45;45
122;166;276;35
14;111;215;300
106;193;258;152
164;8;236;77
218;218;218;218
47;114;39;28
176;257;257;103
106;151;106;62
11;20;268;65
87;71;283;255
167;113;85;164
39;253;136;52
300;42;40;280
285;172;281;107
217;146;16;96
236;236;25;273
292;292;292;292
126;46;186;278
111;281;239;284
130;296;162;259
60;103;138;126
117;160;125;62
5;5;5;5
112;39;71;71
289;169;95;52
6;297;105;132
216;216;216;216
152;34;37;249
265;95;92;268
254;261;247;261
156;223;95;156
92;92;92;92
130;160;100;100
264;264;264;264
108;298;298;23
144;283;173;194
151;23;151;267
43;84;273;171
89;89;89;89
232;253;72;137
275;275;275;275
87;23;156;227
118;215;156;271
106;105;42;106
183;250;267;267
71;71;71;71
13;163;104;277
21;216;216;18
176;176;176;176
258;226;155;231
69;69;69;69
85;138;96;135
177;249;249;288
75;296;293;91
32;132;296;32
163;49;41;151
180;55;244;107
106;106;106;106
251;137;270;152
271;191;288;30
159;213;126;47
41;262;120;119
28;265;213;226
28;194;121;116
54;264;54;189
259;270;151;278
224;31;41;137
26;26;134;173
226;139;60;300
109;40;33;107
108;184;229;71
195;195;195;195
54;54;54;54
137;272;190;137
145;23;62;137
99;99;99;99
196;52;152;257
187;187;232;117
219;219;219;219
204;101;171;190
225;46;92;109
263;23;87;240
37;64;174;107
283;283;283;283
175;64;159;282
105;129;10;260
91;100;285;108
112;112;158;271
31;61;293;201
191;211;191;193
151;155;21;33
199;26;26;179
197;147;202;299
272;148;119;234
64;124;109;109
145;119;113;48
209;173;209;161
289;148;164;283
37;37;95;70
267;106;254;270
152;195;35;138
68;63;163;15
143;276;126;259
218;266;70;70
99;148;74;83
8;8;8;8
49;131;136;136
256;164;248;215
6;229;6;59
207;134;269;45
101;123;291;63
173;180;92;144
275;54;298;181
30;30;30;30
46;133;95;168
289;115;115;143
279;106;112;84
40;40;40;40
159;219;46;295
294;294;294;294
93;270;180;21
269;269;269;269
64;261;257;245
215;215;215;215
161;112;27;284
5;21;99;120
261;9;143;233
222;278;222;81
164;234;234;218
141;142;208;170
85;85;43;178
140;64;74;157
226;194;226;98
215;28;215;215
256;284;98;95
167;210;194;218
33;33;33;33
215;300;276;81
138;138;138;138
277;134;284;191
65;191;95;195
83;190;209;157
17;200;146;112
233;178;276;268
30;51;121;119
199;199;199;199
50;130;190;98
108;247;171;171
72;17;278;234
158;208;51;232
173;16;16;106
253;197;265;134
102;78;164;210
261;161;261;220
175;261;38;25
101;230;187;230
104;104;104;104
252;208;15;38
284;64;189;234
295;170;204;137
69;118;118;282
173;278;15;113
168;168;168;168
65;100;232;204
28;28;28;28
168;149;201;149
288;288;288;288
211;70;182;184
173;236;162;112
35;247;247;255
148;164;263;148
214;214;215;186
258;258;258;258
285;203;128;285
139;163;128;163
97;29;118;127
213;213;213;213
146;150;130;130
55;20;9;265
109;213;231;93
294;131;156;276
288;93;34;53
173;61;72;60
283;192;111;17
83;64;145;42
68;291;8;291
98;191;219;181
280;253;188;34
186;94;157;183
139;241;75;181
78;78;78;78
9;9;9;9
217;161;253;136
225;40;225;170
55;138;186;213
225;155;89;34
35;131;57;282
22;261;273;22
230;194;17;236
140;59;116;250
195;195;195;195
232;232;232;232
192;192;192;192
265;91;217;224
94;94;94;94
43;134;178;63
123;279;83;271
147;147;137;41
120;86;129;290
39;39;39;39
64;212;79;218
163;298;35;153
295;251;261;196
225;19;48;207
185;185;185;185
83;139;52;168
203;134;134;188
179;179;109;67
248;248;248;248
194;75;101;157
93;195;227;189
243;243;243;243
132;50;246;100
36;167;32;16
266;170;135;238
276;154;190;125
260;190;71;133
244;138;138;73
35;25;35;242
85;123;83;75
233;233;233;233
243;285;137;285
135;202;247;47
147;188;147;94
84;154;112;58
154;153;228;156
63;20;197;241
231;115;163;115
63;63;63;63
53;107;45;123
95;96;96;294
131;195;142;298
70;23;166;70
123;123;123;123
219;231;57;59
177;177;177;177
160;77;77;127
92;216;73;270
226;154;103;63
254;254;254;254
176;34;166;61
75;10;10;170
236;236;236;236
89;93;93;103
281;281;281;281
53;232;50;156
139;229;158;258
268;9;243;230
192;251;197;282
34;22;10;34
139;140;172;282
12;11;26;239
137;137;137;137
207;140;24;158
93;269;162;269
196;8;175;172
107;107;107;107
38;178;214;8
169;260;49;104
239;146;229;29
45;232;155;124
160;44;254;44
278;278;278;278
104;19;41;277
286;51;180;255
168;49;280;82
165;12;23;23
282;282;282;282
176;176;176;176
288;101;27;141
272;204;61;227
126;276;86;152
84;231;135;194
179;179;179;179
201;56;150;264
50;287;287;43
14;109;274;212
173;11;207;167
85;230;94;94
157;10;171;298
37;104;272;33
263;216;258;295
233;237;31;124
66;14;190;14
165;264;285;185
168;64;64;61
178;40;91;94
151;88;126;35
212;194;276;121
57;69;278;231
238;238;238;238
157;137;25;261
6;200;200;97
284;173;284;130
186;169;249;287
113;239;43;53
167;52;180;277
15;183;237;189
45;252;186;108
286;286;47;233
69;69;69;69
243;216;37;20
170;182;115;268
115;111;50;97
48;48;48;48
236;136;262;99
77;202;122;114
53;53;53;53
169;139;71;51
169;141;232;294
7;7;7;7
266;134;285;134
159;274;281;276
246;285;273;146
283;75;283;53
102;102;102;102
275;254;21;150
41;144;99;135
248;280;60;125
219;273;219;249
47;47;47;47
32;133;40;214
48;48;48;48
160;225;160;27
227;253;291;78
147;147;147;147
64;42;123;189
268;268;268;268
281;281;281;281
272;272;272;272
52;83;273;204
63;63;242;115
166;60;134;181
53;222;10;5
200;146;200;76
199;82;285;242
277;250;287;264
276;188;222;148
168;92;92;11
127;127;127;127
139;139;139;139
186;20;219;219
69;69;69;69
78;68;53;151
229;252;50;112
88;259;287;225
151;151;151;151
136;234;63;150
190;40;145;242
212;212;283;180
208;245;180;39
152;128;290;41
268;56;120;56
61;150;150;214
190;190;190;190
99;112;112;155
142;14;280;240
174;212;71;289
48;42;30;217
86;86;86;86
44;195;227;250
259;259;259;259
201;281;248;118
180;182;196;135
253;186;166;118
94;252;94;150
45;118;112;118
220;237;214;258
274;274;27;10
9;31;256;256
103;103;103;103
46;46;46;46
119;188;285;270
187;22;281;187
60;98;47;227
299;181;181;210
275;275;260;179
159;245;7;269
30;115;166;267
151;213;252;184
126;88;220;103
261;212;32;187
44;73;141;275
74;74;74;74
212;10;193;127
167;119;35;119
235;130;238;227
62;62;62;62
153;135;220;275
189;296;296;275
157;63;44;39
244;250;138;138
125;53;229;211
226;212;51;41
251;172;286;175
202;300;99;73
260;282;285;260
65;106;38;159
189;202;199;214
270;270;270;270
127;143;192;246
174;85;200;96
219;7;283;103
295;290;74;243
179;179;179;179
202;209;30;209
114;114;114;114
40;40;40;40
147;218;167;16
172;93;230;197
91;158;185;163
58;58;199;92
68;133;233;73
52;17;178;263
196;129;275;200
11;57;137;81
76;76;76;76
148;141;142;272
240;224;203;181
10;58;210;58
77;77;253;137
158;249;156;248
32;26;60;263
265;255;223;288
257;264;40;98
118;221;118;114
71;188;103;269
162;162;252;203
156;284;265;291
83;83;83;83
191;108;74;261
273;102;196;135
34;156;252;188
117;206;206;84
212;219;73;158
233;299;299;168
259;22;73;205
168;168;168;168
297;297;297;297
113;88;45;292
268;71;126;126
13;216;138;134
232;232;232;232
29;29;29;29
7;213;15;282
210;183;208;189
152;214;207;152
158;37;131;98
237;70;276;85
231;286;231;198
254;283;141;161
87;87;177;291
187;187;187;187
263;263;182;263
228;118;293;290
214;56;219;111
255;255;255;255
184;184;184;184
132;77;70;240
164;140;180;139
204;272;214;162
24;97;80;212
233;233;72;43
230;236;58;152
241;158;61;294
62;62;62;62
195;195;210;274
209;289;113;133
92;224;54;174
23;143;101;265
231;287;185;86
138;138;138;138
61;61;61;61
133;133;133;133
257;87;211;261
75;75;75;75
152;152;152;152
52;51;151;151
200;169;75;248
236;31;250;220
210;92;128;92
29;221;24;124
279;279;279;279
217;14;217;42
8;48;37;174
282;70;97;197
168;190;98;254
192;134;88;22
212;212;212;212
86;251;41;199
32;200;258;215
115;250;156;49
10;171;105;218
207;100;7;117
150;246;46;134
298;151;10;122
277;99;79;130
281;163;14;163
280;280;80;82
296;231;265;13
48;48;48;48
85;248;251;73
10;220;270;196
131;6;291;179
96;218;102;257
14;209;119;218
60;60;60;60
110;139;133;257
111;66;250;174
69;297;134;122
281;199;196;120
109;39;143;205
115;115;18;143
85;86;209;179
263;42;154;233
197;158;70;122
5;214;116;28
100;145;120;241
147;44;173;260
230;211;117;58
245;245;48;63
183;174;153;258
179;155;134;172
256;10;71;143
226;72;149;149
145;198;190;181
260;136;180;41
166;166;166;166
216;20;246;243
50;249;234;88
227;227;227;227
44;9;184;23
62;295;227;25
292;33;114;35
110;248;259;237
194;95;194;114
262;262;262;262
144;25;198;92
213;47;23;170
179;50;146;172
246;246;246;246
125;154;52;107
280;193;54;153
117;125;117;154
250;40;111;19
155;141;155;51
135;216;247;270
295;30;163;293
115;89;13;65
22;129;221;78
144;104;61;298
186;220;188;191
235;235;228;189
284;248;276;21
119;295;192;186
278;230;259;89
104;46;245;236
24;24;24;24
117;27;30;247
210;248;210;173
92;15;241;120
261;7;131;11
218;218;218;218
40;22;37;266
131;189;79;42
202;228;44;110
14;98;98;247
193;193;193;193
88;32;224;21
108;12;262;108
259;186;21;112
9;230;90;122
213;250;24;122
254;193;17;73
244;244;244;244
135;281;133;165
295;135;109;143
83;262;82;224
207;244;190;244
55;55;284;182
67;250;188;33
53;214;171;245
63;138;105;63
156;116;249;278
251;251;251;251
275;27;26;55
72;167;276;72
246;246;246;246
67;67;67;67
263;263;263;263
17;160;85;189
214;214;214;214
169;169;169;169
212;100;24;270
282;44;264;278
87;87;87;87
179;267;152;40
137;182;269;168
121;121;188;200
96;134;38;119
219;107;68;107
160;64;11;160
45;45;22;293
265;233;154;184
254;282;59;59
141;155;141;256
100;69;265;9
34;55;55;180
214;148;199;197
269;10;98;10
294;282;231;17
284;284;284;284
267;208;52;119
247;205;166;137
151;115;105;169
75;40;40;145
147;147;205;194
244;99;133;99
101;128;23;131
183;67;87;246
95;40;40;120
25;226;88;106
99;11;121;279
162;13;99;276
256;94;164;18
89;200;46;218
179;152;152;83
34;34;34;34
277;203;120;11
45;275;57;35
272;13;247;116
111;111;111;111
35;35;35;35
131;102;210;204
278;195;195;57
154;295;127;225
147;76;76;299
242;55;242;184
70;296;179;15
182;90;90;102
205;244;77;124
52;52;52;52
93;245;82;252
225;225;225;225
111;212;113;55
207;165;278;148
90;246;115;286
280;197;13;122
159;255;107;148
139;36;139;5
78;158;164;137
111;111;111;111
227;119;125;173
167;270;175;77
74;199;97;77
182;182;182;182
173;155;300;277
135;135;135;135
224;158;279;12
73;86;254;155
262;262;262;262
165;215;81;280
109;109;109;109
262;29;237;10
123;29;253;29
200;253;125;273
293;293;293;293
50;35;293;82
228;278;133;141
15;247;206;119
286;242;164;210
67;67;70;248
164;258;220;224
187;108;32;73
215;169;84;245
81;81;81;81
255;255;255;255
244;244;244;244
143;271;262;213
79;249;66;16
293;225;221;293
257;221;45;72
89;9;50;230
11;292;270;279
30;193;150;180
75;74;199;198
42;271;250;212
177;53;261;261
248;249;122;31
204;229;229;12
140;198;116;103
179;130;217;270
246;220;61;61
236;85;170;150
283;45;119;227
247;247;247;247
10;278;186;278
103;103;103;103
153;131;10;139
257;106;178;232
34;34;34;34
138;92;92;288
250;250;250;250
116;67;62;98
284;243;135;284
153;129;292;163
92;115;115;209
105;254;215;254
21;120;102;120
283;24;100;186
76;296;148;206
246;246;246;246
218;218;218;218
11;99;216;282
118;95;220;174
113;113;113;113
86;86;86;86
240;84;282;9
130;298;294;91
243;45;270;80
168;38;178;53
219;66;292;66
111;183;223;111
106;57;120;288
286;90;90;60
22;41;297;22
94;18;193;162
295;79;24;61
271;158;152;9
181;141;12;266
139;57;86;43
210;191;67;191
216;216;216;216
66;261;217;217
237;25;160;28
197;235;208;148
270;34;150;100
154;247;32;247
40;40;40;40
165;165;165;165
250;250;250;250
131;206;246;101
171;203;294;170
218;9;194;28
110;261;122;132
134;134;134;134
86;192;185;232
57;31;202;104
77;239;77;207
193;264;264;291
113;158;271;298
232;142;285;235
215;210;44;299
219;219;219;219
295;49;161;85
77;268;257;196
192;36;58;161
90;68;9;213
26;198;62;35
97;249;190;215
143;36;164;112
207;149;88;137
89;69;58;300
120;120;254;15
18;256;27;18
89;144;89;42
152;152;152;152
147;59;290;8
131;131;131;131
159;35;142;189
220;74;118;298
50;169;197;157
93;20;102;254
68;68;68;68
152;27;68;124
291;220;115;266
289;187;133;208
184;142;120;146
110;110;110;110
56;56;56;56
237;14;101;20
196;141;212;212
21;21;21;21
126;110;110;29
128;128;128;128
218;218;218;218
42;35;35;183
184;196;28;131
210;210;25;193
72;72;72;72
206;157;114;88
269;84;14;129
299;299;299;299
88;90;113;102
19;19;19;19
176;176;176;176
174;257;134;211
230;230;230;230
265;176;245;120
269;80;269;127
289;289;289;289
257;110;195;231
70;200;24;254
289;289;147;43
299;277;69;299
118;174;83;172
27;12;105;217
280;265;277;280
168;200;173;26
48;31;111;29
42;236;200;236
123;140;125;134
178;211;254;211
254;140;65;65
195;195;165;252
45;52;73;11
80;19;113;154
263;141;154;89
171;40;184;210
76;200;246;112
62;10;32;255
109;289;258;93
290;116;202;113
257;52;121;59
285;223;250;223
99;99;99;99
132;299;91;299
92;245;40;14
219;15;233;132
265;195;44;147
11;110;117;175
219;7;130;175
53;86;275;86
85;274;252;113
263;263;263;263
77;228;293;62
83;267;266;173
79;269;251;111
207;136;171;132
37;288;149;82
150;159;150;232
94;115;71;149
19;41;122;137
161;249;239;179
49;110;294;236
123;145;209;145
289;72;192;173
34;128;47;291
143;299;245;252
177;54;258;74
5;16;50;121
282;52;264;166
147;86;287;129
209;65;294;99
39;188;202;101
71;71;71;71
300;222;42;159
19;197;47;119
69;48;18;155
250;215;186;148
191;41;82;39
42;18;47;268
297;297;297;297
179;274;50;296
245;237;234;137
287;8;287;71
157;208;145;102
34;34;34;34
160;18;243;280
290;128;267;144
44;119;87;23
126;173;177;240
57;129;297;182
236;159;285;241
31;94;231;237
286;130;85;193
141;158;127;160
180;108;228;83
28;208;38;38
63;216;51;146
296;25;275;175
239;84;251;251
260;55;205;200
252;131;252;14
47;106;42;214
32;180;28;122
82;82;28;52
118;125;75;161
235;146;9;283
31;262;100;31
205;108;84;108
228;23;222;200
227;233;98;199
186;273;186;186
141;141;141;141
205;70;62;66
241;151;250;248
64;64;64;64
110;110;110;110
240;240;240;240
97;97;97;97
14;14;14;14
103;103;103;103
270;6;251;34
78;124;282;84
203;63;39;130
92;244;63;92
251;46;284;198
210;179;62;58
241;241;291;261
125;264;47;77
240;69;139;134
288;159;147;212
22;28;64;248
205;286;129;78
39;105;39;90
260;167;167;294
98;36;204;254
175;26;70;175
112;56;112;241
24;24;24;24
131;131;131;131
13;51;51;154
276;276;276;276
260;293;264;98
246;79;30;71
194;194;194;194
111;214;191;228
232;232;232;232
253;150;282;258
40;38;38;43
197;258;37;105
60;77;178;60
213;7;22;76
129;35;35;263
214;214;214;214
116;258;293;293
144;146;220;282
149;71;180;40
34;229;67;161
35;267;35;67
37;37;37;37
261;283;61;46
224;217;127;148
255;133;56;23
146;70;86;230
48;237;80;48
237;60;23;206
224;224;224;224
273;164;211;179
215;282;189;247
173;170;142;58
49;49;277;212
289;289;289;289
84;242;218;186
180;180;180;180
40;291;31;166
165;217;109;242
292;259;203;151
49;245;190;64
214;111;127;127
276;220;192;220
156;156;156;156
254;190;280;268
18;104;10;18
182;182;184;257
36;281;275;6
137;283;153;251
147;147;147;147
121;208;234;191
76;95;76;279
74;97;189;46
77;34;175;129
158;158;158;158
74;164;145;47
153;100;232;79
19;81;235;39
180;214;130;47
224;122;201;201
191;191;191;191
246;246;246;246
186;90;57;109
295;235;241;148
287;122;100;209
56;167;171;102
39;296;34;34
293;209;27;115
211;211;211;211
85;85;85;85
228;61;70;228
141;46;213;213
194;293;166;241
55;242;287;95
263;263;263;263
181;258;25;50
88;85;80;95
46;92;255;33
196;196;196;196
300;300;300;300
152;81;23;64
279;221;291;263
187;231;51;238
107;37;57;291
297;75;231;198
243;267;79;33
276;262;84;215
158;128;216;231
77;77;77;77
139;90;300;104
35;6;169;210
276;217;285;276
125;125;125;125
92;64;136;247
54;170;132;200
279;162;229;88
197;197;197;197
33;283;33;271
123;177;215;247
136;12;147;32
94;108;65;268
217;289;228;101
269;51;182;294
195;179;10;151
88;299;98;279
17;25;14;14
280;153;290;128
67;259;106;114
243;243;243;243
26;295;97;52
70;70;70;70
95;35;144;146
35;283;260;117
252;252;212;21
177;89;77;72
286;65;125;75
104;137;161;75
88;113;270;294
276;228;289;10
177;177;177;177
172;97;231;119
98;150;130;108
190;99;25;185
47;171;159;251
265;127;127;30
247;247;247;247
105;209;81;81
243;228;54;42
258;135;268;161
65;65;65;65
157;157;157;157
95;221;274;221
51;43;175;9
30;30;30;30
249;164;84;42
296;48;48;194
165;200;117;268
56;44;223;48
253;160;253;199
119;282;70;236
292;230;22;197
86;169;201;196
110;110;110;110
82;294;276;196
8;8;8;8
29;285;68;234
269;84;215;114
53;87;7;193
64;162;224;131
184;89;89;276
83;83;83;83
133;221;39;133
30;206;127;251
284;284;284;284
146;146;146;146
64;69;180;168
47;146;66;162
187;264;241;107
143;143;145;172
168;150;168;159
157;27;145;28
292;210;288;118
288;43;17;101
164;269;13;272
222;280;296;241
105;105;105;105
274;111;18;157
22;22;22;22
163;91;209;202
49;49;274;92
270;294;270;230
55;204;225;186
51;128;89;116
192;107;116;144
121;75;75;280
279;268;103;179
273;212;273;177
145;145;145;145
172;172;172;172
156;56;202;156
111;210;156;256
106;98;99;29
94;145;163;127
170;170;170;170
221;173;224;111
203;117;84;69
153;153;153;153
124;124;124;124
298;298;298;298
10;200;200;116
17;17;17;17
42;187;154;133
281;164;222;148
223;194;180;257
166;232;85;85
255;255;255;255
279;279;279;279
15;270;75;277
202;152;69;35
152;225;152;234
61;61;200;149
267;243;293;272
220;220;220;220
17;17;59;45
43;9;20;299
187;149;187;240
194;91;31;258
33;224;25;35
39;77;61;67
129;279;141;129
95;95;95;95
19;113;11;122
196;25;248;121
66;66;66;66
175;101;105;105
117;114;18;7
64;161;160;225
50;50;50;50
235;167;258;70
156;207;27;207
284;102;246;74
266;192;128;199
157;257;106;100
218;99;262;280
152;24;24;148
290;216;93;123
269;266;80;33
271;246;154;282
164;194;218;214
145;145;145;145
113;154;146;146
92;136;101;226
92;279;123;157
155;142;50;92
142;241;18;185
229;197;299;54
210;231;295;137
8;297;165;221
80;231;270;80
202;284;95;220
191;98;98;247
100;100;100;100
59;59;59;59
236;235;240;97
29;29;29;29
220;215;295;234
299;143;280;103
208;197;208;101
52;233;229;151
182;144;158;130
182;157;157;282
148;94;296;253
15;15;15;15
106;177;175;77
34;299;117;197
96;223;20;222
58;33;157;128
291;278;89;125
77;77;81;89
198;198;198;198
55;55;55;55
92;64;167;284
42;42;42;42
8;8;8;8
248;248;248;248
38;74;213;214
165;272;21;190
97;141;97;291
13;298;187;8
108;108;108;108
284;69;194;194
143;15;28;211
57;57;57;57
231;231;231;231
61;281;61;199
100;15;228;20
144;144;144;144
54;66;10;235
55;39;39;129
191;117;218;262
98;98;98;98
162;162;162;162
172;172;12;210
81;81;81;81
279;10;186;156
46;35;35;187
254;254;254;254
44;9;30;87
237;237;237;237
47;260;199;238
47;47;47;47
108;214;146;146
205;291;27;99
91;143;5;87
210;116;297;297
122;45;26;33
133;133;133;133
48;47;47;44
88;166;112;112
234;151;205;56
13;222;42;137
217;217;217;217
121;245;100;221
50;50;50;50
36;40;131;239
102;190;254;100
117;117;117;117
106;90;180;259
86;37;180;67
212;126;110;287
146;101;214;143
268;283;283;233
173;57;294;53
144;144;144;144
282;15;93;97
71;239;191;286
11;11;11;11
112;272;279;37
118;138;288;178
13;19;175;146
45;273;151;37
243;243;243;243
252;94;56;44
138;35;169;242
159;179;210;210
115;188;134;264
109;109;109;109
249;249;249;249
91;235;60;60
221;112;154;93
36;135;37;238
118;272;165;46
198;198;198;198
87;112;58;127
254;292;254;195
291;157;101;101
290;58;203;279
180;180;180;180
248;291;86;74
190;95;61;45
37;209;155;206
14;141;245;109
182;197;65;228
48;192;92;214
243;297;229;153
43;257;176;227
275;90;156;27
95;95;95;95
161;199;161;81
78;17;53;90
132;132;132;132
67;285;90;67
167;193;67;226
44;164;157;249
54;65;219;79
113;97;176;223
137;282;184;44
177;260;164;30
163;146;243;163
49;42;42;55
68;144;278;278
115;155;288;159
204;80;110;149
260;76;282;278
91;218;243;91
116;116;116;116
185;48;298;78
71;35;264;11
194;131;286;39
180;180;261;227
22;22;103;85
82;282;174;267
83;118;53;75
286;294;286;148
198;229;100;229
230;267;54;47
293;137;40;294
248;248;248;248
27;75;140;106
250;250;250;250
55;55;55;55
172;276;65;267
227;173;241;214
222;269;222;144
87;87;87;87
95;196;187;265
90;45;21;165
156;156;156;156
227;46;18;168
12;162;158;146
155;95;6;80
165;165;165;165
234;19;29;55
130;130;242;68
119;213;212;46
132;244;199;45
20;171;196;84
111;276;230;30
277;138;93;29
298;291;126;149
132;147;102;244
21;21;21;21
106;199;108;107
265;103;207;120
86;106;23;94
145;145;145;145
24;80;188;24
99;233;130;95
270;37;57;173
169;152;130;152
78;228;71;216
43;43;43;43
180;235;238;140
141;27;282;23
201;46;130;237
153;203;136;166
66;284;106;160
89;180;190;55
77;235;55;83
240;164;52;68
185;185;185;185
82;82;276;29
169;39;39;300
279;70;71;6
62;62;10;235
23;192;244;71
156;156;156;156
16;188;151;273
278;280;69;232
113;292;189;138
199;291;180;70
37;100;23;23
288;108;108;95
279;7;46;285
123;190;123;276
230;32;285;149
123;223;116;223
147;147;147;147
238;40;6;238
198;244;143;283
172;172;172;172
46;285;123;104
121;186;289;132
265;265;265;265
21;28;279;279
143;34;42;221
103;183;96;16
206;206;206;206
168;86;280;100
263;36;283;32
187;71;218;71
218;250;224;299
240;240;240;240
49;269;226;181
90;100;111;203
51;51;51;51
37;260;229;38
29;163;15;21
111;247;209;222
122;200;123;123
41;222;255;298
54;74;207;89
98;107;198;247
298;148;16;285
52;258;35;102
129;44;172;138
168;253;168;196
80;50;23;8
95;277;165;98
266;11;29;189
204;12;88;75
58;208;168;208
221;7;245;257
184;281;126;272
116;233;170;64
172;92;40;14
260;240;267;232
118;118;118;118
192;192;192;192
281;205;66;142
139;85;212;246
24;7;72;241
13;13;162;201
260;234;235;231
143;298;213;14
224;201;224;222
204;204;204;204
221;221;55;197
120;120;120;120
45;153;188;246
268;268;268;268
157;242;241;220
67;187;196;229
237;249;149;152
156;287;29;294
237;237;237;237
29;29;29;29
98;99;247;80
94;185;42;185
63;178;215;215
186;178;182;85
209;175;167;9
240;85;85;187
110;93;284;284
236;158;79;226
110;204;163;118
175;175;147;246
207;207;207;207
28;28;28;28
161;240;55;79
262;27;195;120
124;244;255;206
221;109;129;245
139;153;116;154
152;53;212;129
176;251;67;262
133;19;236;152
56;91;287;268
45;6;58;141
179;251;6;6
158;208;99;271
97;34;82;235
268;168;177;67
296;222;201;74
279;99;82;62
157;114;290;157
111;83;83;164
221;167;155;229
143;95;197;102
86;284;93;93
177;177;177;177
185;48;148;295
202;284;256;187
119;234;170;29
70;70;70;70
216;273;281;106
21;170;119;242
83;190;210;113
242;172;190;150
127;127;127;127
42;42;42;42
262;90;39;76
231;222;294;205
226;226;226;226
182;11;234;160
32;103;193;76
224;121;210;200
145;193;193;17
172;244;148;207
265;265;204;60
245;171;214;21
98;170;12;132
10;10;10;10
179;18;219;89
76;13;87;166
184;226;184;50
157;8;42;57
300;262;197;109
136;136;136;136
225;16;109;117
36;36;129;234
229;108;71;97
130;40;282;70
296;132;247;63
258;114;167;182
18;85;300;269
118;229;257;234
168;286;11;19
11;11;11;11
111;111;208;157
28;69;174;72
258;258;258;258
156;148;156;190
109;109;109;109
275;235;291;96
56;162;18;82
183;162;189;201
200;47;174;292
29;15;168;193
293;226;75;96
109;214;214;181
28;28;178;5
188;270;202;279
98;275;255;218
19;153;19;257
216;44;254;44
123;123;123;123
17;290;17;287
117;143;129;215
74;238;170;165
94;94;94;94
233;115;144;85
76;31;229;213
181;168;158;100
172;21;38;12
181;87;90;187
47;228;234;134
223;223;223;223
37;37;37;37
245;46;109;279
190;120;120;89
38;12;35;255
34;159;295;66
144;209;294;64
80;290;290;283
156;156;156;156
43;187;267;179
51;19;33;271
261;192;192;96
241;229;16;144
111;31;283;168
250;183;282;49
257;299;136;107
168;172;65;266
71;185;70;284
291;145;115;291
234;234;234;234
22;210;131;167
255;249;74;134
283;163;248;63
285;43;91;188
90;182;43;269
72;59;200;200
271;172;172;184
140;265;140;290
146;128;253;114
87;87;289;149
118;222;56;211
207;66;9;44
239;42;165;12
76;76;76;76
203;94;266;20
102;102;102;102
72;18;18;68
32;215;223;229
149;149;149;149
27;27;27;27
119;19;293;261
142;269;196;163
203;187;120;203
114;114;114;114
27;96;20;167
54;223;260;260
35;35;35;35
40;158;63;79
9;278;277;9
199;11;69;136
184;81;7;14
235;235;235;235
141;141;141;141
183;183;183;183
233;233;233;233
162;161;203;290
46;134;226;226
253;253;253;253
25;226;97;96
245;245;245;245
37;285;259;83
142;144;65;226
88;88;88;88
231;43;206;231
155;17;155;85
34;265;164;149
147;200;200;93
51;279;130;87
60;60;60;60
215;215;215;215
8;102;263;102
155;148;99;87
5;273;158;181
256;20;256;53
253;253;253;253
121;226;290;230
76;76;76;76
156;156;156;156
14;14;14;14
294;194;177;68
11;29;116;218
159;197;90;230
65;154;133;235
148;148;148;148
216;216;216;216
282;282;282;282
84;251;91;205
135;79;271;135
102;98;62;103
162;59;116;114
65;65;65;65
192;98;140;49
146;128;170;153
82;81;90;288
8;149;213;119
172;248;286;286
164;249;176;255
122;122;122;122
206;279;279;54
231;218;134;155
188;148;103;255
254;78;213;78
92;59;201;201
229;67;267;144
102;178;176;140
259;296;227;290
152;183;35;27
107;251;107;65
82;268;85;173
258;249;294;84
102;102;155;145
91;236;62;213
209;70;11;95
31;31;31;31
42;42;118;177
57;124;267;241
196;152;194;218
143;250;85;143
75;75;75;75
163;292;6;135
271;62;160;154
202;202;202;202
211;211;211;211
133;160;268;105
218;246;70;143
6;6;14;291
48;58;37;14
282;16;40;82
118;281;169;266
169;169;125;126
83;131;31;212
278;278;278;278
48;240;142;45
102;181;170;294
204;220;165;165
134;191;177;121
100;263;174;285
264;62;13;214
193;160;221;63
209;216;220;42
209;209;209;209
90;152;92;210
13;253;112;64
118;144;133;31
197;151;289;257
142;83;43;9
201;201;201;201
237;11;291;237
288;288;59;273
250;250;250;250
92;70;33;124
30;99;99;223
157;94;139;157
255;262;167;54
132;101;101;207
176;218;192;32
231;112;209;188
118;228;15;19
166;166;166;166
296;296;296;296
48;59;62;177
179;276;286;26
222;150;191;105
12;48;233;163
55;26;225;103
277;262;277;127
67;73;252;32
154;154;154;154
136;33;125;38
236;236;252;85
216;45;81;261
15;15;15;15
49;49;49;49
125;228;236;259
7;125;28;223
131;82;165;22
217;220;297;137
246;83;133;246
189;189;189;189
128;87;8;23
258;258;258;258
240;240;240;240
119;283;183;268
10;188;188;218
269;210;45;134
5;142;108;42
253;253;253;253
272;150;38;160
280;154;121;98
238;7;201;174
62;176;244;142
12;12;12;12
213;213;213;213
247;140;90;140
65;65;65;65
185;185;185;185
115;23;223;299
206;177;177;158
34;139;144;124
8;276;65;80
250;167;218;161
191;191;191;191
290;38;11;140
24;24;24;24
219;219;219;219
22;269;217;186
250;250;250;250
57;57;57;57
279;136;35;30
202;100;97;287
286;286;286;286
281;268;225;279
259;259;259;259
187;187;187;187
178;137;67;272
69;196;98;257
75;243;109;229
204;268;68;204
255;255;255;255
38;148;286;286
186;111;59;59
79;238;80;87
47;279;137;67
261;261;282;175
118;229;18;12
108;108;108;108
122;36;234;122
121;253;31;192
114;292;101;202
74;269;14;96
73;246;99;246
240;240;240;240
26;235;196;182
104;111;117;115
73;104;210;175
99;8;78;78
17;208;216;228
246;162;113;178
22;139;160;22
158;158;158;158
250;44;250;20
71;243;121;182
24;212;189;299
185;283;229;229
178;122;168;9
133;255;280;280
138;138;138;138
255;290;194;251
270;256;6;139
285;42;202;217
14;61;61;103
146;146;223;154
235;50;285;245
188;32;43;188
149;164;68;191
28;43;82;71
189;210;208;266
251;267;100;173
37;257;124;255
206;147;206;110
227;299;252;13
184;188;191;94
80;272;257;105
149;57;269;107
26;297;139;250
183;183;183;183
127;98;93;114
269;99;6;148
131;131;131;131
143;143;143;143
191;191;191;191
184;184;262;159
122;122;122;122
23;81;44;126
13;21;263;21
21;39;148;106
11;243;166;44
234;216;129;81
98;199;283;256
298;59;247;25
208;156;64;94
244;9;76;17
237;237;237;237
91;91;91;91
288;162;162;226
13;13;13;13
81;157;146;81
250;250;250;250
224;67;254;50
253;242;104;237
73;215;42;199
79;79;79;79
75;106;183;156
250;65;65;105
72;72;72;72
87;184;179;8
64;31;66;177
52;257;120;257
289;289;289;289
281;281;92;238
74;74;74;74
190;249;229;37
81;110;197;81
180;167;247;88
230;77;230;143
37;77;71;272
265;178;63;159
28;243;35;270
253;157;46;253
170;71;72;194
127;127;127;127
247;236;298;247
238;238;238;238
128;98;244;47
41;41;41;41
186;191;247;10
189;249;79;187
18;75;231;96
43;43;43;43
162;162;162;162
258;80;102;80
213;134;95;134
199;251;291;139
54;71;75;297
198;235;117;7
219;188;257;146
86;240;203;203
80;260;191;257
10;145;160;231
39;300;74;156
75;111;100;159
72;72;72;72
29;241;213;263
253;92;30;236
125;44;160;160
198;300;273;198
260;260;260;260
36;36;36;36
267;79;33;256
228;277;161;150
158;43;43;239
40;245;131;9
236;179;253;81
283;262;57;262
59;59;59;59
120;95;42;197
50;49;256;62
166;108;166;173
229;228;75;228
167;274;268;63
106;106;106;106
175;175;175;175
254;261;252;75
267;267;267;267
259;241;236;80
50;50;50;50
47;220;220;158
156;29;238;7
282;273;33;70
165;179;24;10
118;134;221;278
293;152;233;181
8;62;238;291
243;243;243;243
264;102;250;76
145;35;70;97
275;289;22;64
41;41;41;41
130;44;73;214
242;242;242;242
139;252;262;29
288;288;288;288
104;104;104;104
148;52;200;201
180;21;234;57
94;284;101;66
125;6;262;286
96;192;271;283
149;213;278;199
99;145;145;189
252;252;252;252
116;166;116;132
257;257;257;257
252;244;21;244
86;258;91;283
28;166;193;28
11;56;300;258
216;216;216;216
104;103;181;100
73;121;233;233
294;294;294;294
249;88;211;230
115;157;258;173
9;6;45;225
285;285;285;285
99;234;186;136
92;80;83;117
44;44;148;256
47;47;47;47
21;167;167;242
161;88;161;286
120;62;202;202
86;288;46;86
183;114;102;9
99;31;69;94
18;150;18;208
35;220;152;231
34;34;34;34
111;83;117;279
222;215;288;100
199;72;233;206
233;152;79;223
224;172;184;126
71;263;209;106
65;65;144;223
47;298;144;58
291;74;238;112
174;41;174;251
156;179;32;46
126;126;126;126
298;298;298;298
263;135;289;76
243;253;5;219
187;187;187;187
79;79;79;79
115;62;218;58
193;257;204;168
109;36;264;218
195;110;170;45
290;51;7;230
241;190;249;148
82;25;16;82
43;278;32;278
164;164;164;164
287;287;287;287
37;190;98;158
296;181;117;262
161;127;121;245
260;96;29;37
242;242;242;242
264;73;73;270
124;107;283;107
299;233;267;233
275;211;268;268
200;17;233;211
17;43;82;43
274;55;236;55
142;123;127;142
170;170;267;190
106;106;106;106
181;181;181;181
110;110;110;110
107;107;107;107
32;215;271;273
53;53;53;53
171;10;27;27
90;144;86;127
159;239;20;90
83;18;36;18
244;258;276;15
107;97;151;140
113;113;113;113
16;16;171;279
34;17;261;186
217;251;166;53
258;41;176;263
160;193;83;193
81;293;299;176
174;174;174;174
280;280;280;280
47;146;208;133
203;212;212;212
48;211;278;297
154;188;212;123
144;218;139;202
146;52;167;167
54;5;54;230
116;288;296;288
44;247;243;116
33;49;190;96
137;248;257;18
210;268;199;268
271;73;270;183
189;38;38;199
22;193;295;203
13;51;53;78
11;70;246;21
16;165;21;54
82;253;63;115
52;119;234;140
20;103;143;103
144;152;183;31
190;190;190;190
169;169;297;275
271;81;244;271
173;173;173;173
73;243;81;214
235;172;243;156
100;217;92;277
15;15;15;15
263;205;176;94
270;218;101;80
289;289;289;289
100;100;100;100
200;200;200;200
194;166;275;53
274;63;11;263
276;276;114;271
14;55;122;236
107;182;64;128
15;86;279;300
52;233;173;99
214;135;54;214
171;170;81;267
268;107;297;107
153;95;195;258
194;194;194;194
103;67;67;114
196;228;196;132
140;6;243;6
139;139;139;139
96;115;27;46
138;12;218;237
278;62;167;167
73;226;230;238
124;124;124;124
183;183;183;183
48;48;48;48
230;130;174;133
26;151;251;234
166;166;166;166
243;157;53;271
189;189;189;189
61;61;61;61
83;226;223;83
67;9;67;16
88;94;224;138
219;107;280;296
61;45;136;238
214;151;161;128
246;161;195;246
294;146;91;266
240;196;74;206
93;93;93;93
185;185;185;185
36;272;139;44
285;13;154;75
247;247;53;273
70;70;70;70
289;105;65;244
208;25;117;132
10;87;300;83
30;252;252;176
250;250;250;250
118;118;118;118
226;279;262;234
136;81;244;221
262;273;99;39
268;240;240;62
20;20;20;20
107;116;294;34
231;107;198;6
279;6;252;27
49;49;49;49
185;139;194;142
91;142;127;40
78;15;105;78
125;125;125;125
113;269;113;211
191;48;269;56
91;50;236;236
58;133;154;58
245;132;272;245
98;98;98;98
73;149;225;266
207;199;151;96
24;24;24;24
113;187;134;113
104;104;104;104
15;176;101;232
285;65;300;223
286;203;56;180
261;250;262;262
195;195;195;195
81;212;225;211
212;158;27;223
299;299;154;23
241;78;155;78
131;225;225;88
73;264;187;62
166;166;166;166
50;60;239;127
283;282;205;283
73;54;173;55
101;201;158;284
69;69;69;69
245;179;144;13
250;55;55;76
31;31;31;31
227;132;211;186
194;130;181;123
144;34;281;227
126;242;295;180
202;243;161;144
7;44;127;60
204;85;137;54
256;256;256;256
58;178;296;143
229;194;201;231
151;36;240;44
137;91;91;269
194;81;93;199
124;124;124;124
226;226;226;226
52;299;299;28
138;202;21;202
127;132;191;255
95;186;230;297
231;92;294;95
145;95;215;183
241;294;75;241
182;289;282;196
41;41;41;41
230;155;286;158
196;152;275;275
223;217;21;223
166;94;45;154
293;151;94;56
126;126;126;126
42;198;231;203
149;154;154;96
130;240;153;272
188;245;245;174
14;173;80;133
58;5;19;255
178;183;178;21
278;278;278;278
265;32;74;118
254;233;47;224
114;166;166;93
244;267;33;208
276;134;54;66
120;120;120;120
117;165;147;20
298;52;270;298
244;256;50;40
119;121;184;159
202;286;228;147
64;64;140;128
176;249;270;297
222;211;276;211
10;22;151;185
299;17;207;116
235;235;89;99
69;291;215;100
73;73;73;73
112;112;131;114
226;111;62;285
236;114;236;215
298;216;245;245
8;227;153;189
218;25;136;185
70;222;281;83
65;185;276;144
274;274;52;174
120;239;239;155
54;54;54;54
237;235;235;257
270;8;129;16
121;94;181;181
24;236;63;256
176;176;176;176
226;139;64;251
12;57;157;57
260;260;260;260
9;9;9;9
23;199;100;46
184;24;47;184
225;237;100;296
210;259;199;286
95;82;222;179
162;87;173;27
52;51;79;278
151;151;151;151
186;186;90;86
153;290;296;45
134;51;254;132
48;155;248;8
232;266;84;80
25;85;26;194
218;218;218;218
175;175;175;175
288;222;235;7
30;203;143;13
175;289;235;145
210;210;210;210
148;148;148;148
99;99;99;99
43;43;43;43
23;225;225;46
124;124;124;124
48;100;29;54
234;234;234;234
180;180;180;180
202;289;231;20
48;227;290;170
122;194;234;181
275;254;220;187
21;86;154;260
290;172;27;245
171;191;96;103
227;110;79;157
236;259;67;119
44;253;203;44
66;96;66;296
211;152;41;263
170;33;31;161
140;64;274;213
123;123;123;123
193;272;214;199
287;227;142;81
191;116;87;116
149;215;169;114
16;283;257;252
138;202;267;188
90;90;90;90
27;213;48;104
26;26;26;26
44;262;68;71
242;142;236;47
15;15;15;15
83;83;83;83
273;210;196;29
28;39;172;145
295;239;245;21
169;156;292;68
21;21;21;21
220;52;40;262
47;281;155;268
47;47;30;297
184;184;184;184
211;214;181;155
181;245;186;67
17;295;95;196
77;77;77;77
145;145;202;53
83;275;149;241
118;5;132;5
15;49;230;15
129;129;129;129
164;216;297;115
276;20;241;241
100;30;225;225
74;14;57;119
109;206;87;190
233;233;233;233
222;199;245;88
135;65;69;12
179;96;239;26
85;85;85;85
288;20;72;288
96;30;73;118
300;300;300;300
223;5;178;131
277;128;69;146
241;6;113;148
48;179;144;189
108;85;67;164
63;63;63;63
271;195;19;94
216;276;47;35
126;33;135;120
177;173;157;116
13;13;13;13
259;12;216;259
138;113;160;289
92;136;48;233
187;40;35;187
161;260;161;68
196;108;108;94
56;56;105;213
295;123;43;5
120;187;95;88
47;30;178;82
276;276;276;276
47;47;47;47
9;9;9;9
234;263;243;296
32;189;12;30
236;232;234;142
61;61;61;61
238;78;78;277
17;135;222;110
138;270;182;11
172;191;272;250
185;185;185;185
105;51;247;153
264;35;35;57
160;59;288;136
171;171;171;171
250;289;177;250
121;215;42;42
210;49;151;147
188;188;188;188
158;101;104;158
189;189;138;119
123;121;299;265
277;277;277;277
79;284;228;92
247;46;207;282
66;177;300;87
83;271;82;271
190;273;76;240
258;121;265;109
117;180;182;235
227;101;101;131
186;186;186;186
255;255;255;255
192;15;84;221
15;25;103;84
187;187;187;187
284;285;156;248
129;107;251;81
90;90;90;90
107;180;134;260
117;227;23;287
51;51;51;51
122;35;117;255
122;122;35;77
216;109;109;77
63;205;18;205
194;194;194;194
256;163;90;132
35;214;190;111
107;193;91;107
230;55;230;166
36;36;36;36
131;131;131;131
127;224;268;57
86;86;86;86
159;217;282;107
235;80;175;24
135;239;255;255
255;198;86;230
250;238;125;82
94;213;168;74
284;68;211;175
193;256;53;64
248;18;6;81
47;247;276;270
34;179;279;252
283;278;194;272
179;179;209;288
177;185;296;277
48;56;72;8
253;227;176;297
83;83;83;83
239;98;244;47
264;126;264;73
139;139;139;139
28;146;136;77
67;168;147;254
99;99;99;99
157;64;157;205
196;196;196;196
224;224;224;224
189;189;55;90
291;296;284;195
252;257;168;123
99;30;219;140
16;257;211;173
160;160;160;160
57;88;270;56
85;85;85;85
111;289;289;172
143;75;98;59
214;96;208;153
25;240;117;117
121;121;121;121
146;146;280;58
220;34;226;128
41;26;226;136
146;94;87;118
104;87;155;195
195;170;138;245
145;119;294;190
299;39;280;47
193;193;193;193
246;113;114;273
109;178;236;189
168;152;235;152
165;188;291;291
212;225;212;165
152;291;112;170
276;158;232;272
226;179;245;70
122;233;221;177
40;72;234;217
33;276;264;231
196;276;187;90
45;138;299;209
16;16;9;276
200;178;245;220
17;240;223;240
81;54;54;6
21;16;164;213
183;183;183;183
113;217;277;102
169;216;120;80
188;164;92;270
276;21;37;21
254;109;115;117
258;68;274;288
21;49;138;127
194;194;194;194
133;174;83;133
248;77;99;278
6;26;79;26
115;116;38;182
252;45;68;162
198;271;60;198
111;20;271;29
255;155;218;205
21;21;21;21
291;30;215;156
41;295;89;191
35;163;226;132
178;178;178;178
142;118;176;122
19;19;19;19
294;294;294;294
33;95;31;84
146;102;296;125
82;164;203;214
125;127;54;144
202;197;78;63
262;88;12;137
90;33;90;157
39;217;276;61
172;157;158;228
273;171;291;115
254;254;254;254
272;237;67;145
76;166;98;184
252;85;147;85
22;38;153;264
130;161;233;251
198;217;60;235
72;12;223;188
118;95;147;150
214;189;290;8
290;23;217;288
300;106;109;241
112;175;299;145
40;155;97;128
249;249;249;249
142;86;245;93
28;28;28;28
75;22;271;13
221;221;221;221
190;159;176;57
46;184;125;191
122;168;89;52
298;242;8;221
154;255;10;214
45;84;274;132
81;180;180;13
84;138;216;185
298;298;298;298
6;50;232;143
16;16;16;16
157;72;186;263
175;202;88;214
21;21;21;21
95;95;95;95
205;205;205;205
255;169;59;139
126;243;289;289
268;197;130;164
90;90;128;110
140;196;291;38
99;201;91;52
6;278;91;114
95;50;193;193
241;208;119;85
273;126;241;7
125;27;143;209
206;22;187;151
18;118;72;18
204;289;271;271
194;42;47;183
274;118;292;230
257;137;101;258
299;165;158;181
112;230;296;112
176;228;251;47
164;194;267;267
209;286;102;230
160;109;198;109
202;202;202;202
191;191;191;191
41;248;225;67
175;175;175;175
223;49;180;159
266;198;116;232
135;12;259;16
21;21;21;21
44;22;93;123
268;296;225;40
262;214;270;270
70;70;70;70
211;211;211;211
300;291;291;294
162;99;62;268
269;269;164;22
270;127;244;293
154;154;154;154
110;110;110;110
258;122;263;216
199;26;122;280
243;78;117;145
181;131;135;283
18;28;37;148
264;121;73;197
108;108;108;108
210;210;210;210
295;295;295;295
204;216;32;122
200;74;103;135
30;264;194;41
292;198;36;123
292;236;81;235
220;72;117;220
51;249;72;168
159;190;282;64
125;126;82;67
195;47;6;172
77;88;119;140
153;153;75;63
144;175;12;150
109;109;109;109
91;155;130;195
40;40;40;40
124;227;47;208
213;232;194;111
228;120;164;73
88;271;230;182
81;231;74;229
101;40;287;165
247;17;15;113
62;114;136;202
279;111;238;7
265;113;207;113
142;241;139;102
168;107;264;74
78;78;48;6
68;158;148;33
82;296;117;193
20;187;72;20
112;112;112;112
13;42;279;246
175;242;168;200
151;109;119;103
35;172;236;150
66;153;112;245
134;53;94;16
126;211;82;219
88;205;204;70
290;242;257;290
152;78;40;167
201;204;84;246
36;62;89;62
163;173;244;196
61;61;61;61
32;32;49;150
214;163;297;6
33;266;47;7
199;17;170;39
34;17;65;291
293;293;239;69
74;93;188;86
6;52;101;101
268;249;200;231
138;178;69;251
201;245;201;138
234;93;136;233
87;141;66;106
299;127;137;137
114;7;234;150
17;16;79;90
89;292;285;127
119;119;119;119
236;236;236;236
36;259;284;284
58;58;58;58
236;139;187;169
296;88;140;124
174;174;174;174
214;214;214;214
135;10;131;255
218;183;219;225
172;111;261;192
180;180;180;180
209;209;209;209
259;171;232;88
245;236;41;97
201;201;201;201
92;92;92;92
126;138;8;8
232;232;232;232
294;41;285;25
32;32;32;32
132;90;74;44
74;185;185;291
102;246;102;115
65;65;65;65
214;214;214;214
28;28;28;28
184;188;205;27
292;130;71;235
276;156;174;218
83;69;149;233
221;86;86;245
168;159;163;150
10;141;55;137
245;189;14;204
248;220;220;300
208;208;208;208
47;267;119;120
162;98;203;98
141;198;33;75
9;9;9;9
97;103;278;118
176;138;227;269
257;105;212;235
248;45;197;261
151;9;175;9
132;132;132;132
274;71;49;118
162;243;246;182
89;111;124;195
57;184;182;286
51;176;119;51
83;176;237;181
128;31;10;128
112;112;289;168
62;62;62;62
207;248;248;203
297;297;297;297
22;22;267;223
15;252;71;257
165;173;247;18
214;195;194;164
96;112;119;221
117;117;117;117
299;50;299;283
78;184;233;53
282;47;114;17
281;77;300;155
79;20;128;259
254;73;150;30
230;238;151;230
122;165;152;246
16;165;158;50
238;201;162;10
84;201;213;84
155;48;48;189
184;175;11;262
221;253;206;269
75;75;75;75
169;161;239;239
171;6;6;119
80;80;80;80
225;24;174;24
70;267;292;16
139;139;139;139
93;189;45;45
74;74;293;119
185;185;185;185
224;224;224;224
74;80;149;27
23;23;23;23
223;9;142;53
192;280;147;276
297;151;237;284
135;261;233;72
20;20;285;5
18;204;256;182
30;249;83;269
169;54;178;244
51;89;51;193
150;132;75;294
62;62;62;62
178;162;124;287
10;159;75;293
164;36;32;260
58;102;247;38
269;299;129;169
145;122;138;122
93;252;76;200
8;141;42;152
171;192;104;94
285;129;175;168
72;15;245;5
278;165;84;189
99;99;99;99
285;285;285;285
35;35;35;35
242;242;242;242
278;223;234;55
105;265;145;213
193;130;6;103
276;162;57;263
250;129;57;163
288;103;80;201
250;225;196;42
201;195;275;124
147;100;6;42
71;114;111;263
104;104;178;143
28;18;18;169
44;69;145;155
123;274;222;195
156;276;37;97
90;156;167;164
224;180;23;248
10;10;10;10
256;298;144;219
73;108;15;260
283;176;67;105
112;143;270;53
161;161;59;170
245;142;245;96
152;192;184;175
22;62;205;56
129;129;129;129
117;78;181;180
261;150;261;73
83;237;25;211
109;125;125;29
201;267;197;9
116;110;166;47
180;180;180;180
226;103;193;242
231;231;231;231
294;119;157;214
132;204;102;239
237;168;238;77
16;45;58;211
218;218;218;218
73;28;289;143
89;117;261;55
141;66;256;66
248;46;46;34
216;16;252;89
77;77;220;55
104;159;172;172
22;144;192;256
237;153;98;38
259;42;135;145
142;77;77;201
206;174;16;128
223;108;158;230
129;220;151;43
264;165;141;94
19;135;60;56
180;180;180;180
247;20;82;284
8;8;8;8
7;119;156;88
31;159;293;98
58;48;13;111
68;276;46;10
84;223;193;251
140;140;140;140
290;290;260;23
68;68;68;68
246;210;219;223
181;157;151;60
126;108;127;145
145;105;145;120
168;168;168;168
270;259;56;117
268;204;122;109
30;198;235;147
88;88;153;239
56;297;92;146
67;73;244;217
198;123;257;52
81;64;90;74
22;35;206;111
136;214;214;10
254;97;203;128
259;259;259;259
77;50;114;287
286;140;20;24
37;188;107;166
121;241;232;260
130;130;130;130
14;217;284;247
213;80;88;187
127;127;127;127
238;240;208;238
44;201;87;263
274;274;274;274
153;153;153;153
216;245;138;245
68;173;54;132
201;109;56;299
133;253;262;161
279;239;145;295
155;155;155;155
160;205;162;117
300;47;58;155
109;12;8;139
44;98;88;171
61;143;40;143
292;292;292;292
223;24;30;24
270;30;296;224
201;103;148;198
55;165;16;282
177;177;177;177
27;297;110;110
204;42;42;214
260;234;161;281
66;66;66;66
221;279;290;276
86;269;98;250
104;246;155;250
192;192;192;192
110;110;110;110
21;200;99;208
160;160;160;160
137;289;187;187
41;41;41;41
236;236;236;236
145;145;145;145
148;148;148;148
144;75;193;100
27;27;277;186
100;162;231;100
105;299;233;212
248;233;153;32
58;208;6;174
62;141;177;233
107;172;186;24
139;139;139;139
233;38;299;38
18;18;18;18
112;179;60;199
298;95;174;77
259;286;6;231
246;246;246;246
129;129;129;129
70;7;70;168
203;5;41;41
42;178;42;226
21;21;21;21
96;238;154;283
129;50;239;50
199;64;60;90
142;223;48;287
290;290;290;290
113;113;113;113
119;204;200;257
67;196;240;257
32;290;262;289
27;175;27;15
106;106;106;106
171;190;171;135
74;149;37;35
174;243;243;8
184;184;184;184
300;251;276;275
81;155;20;10
160;160;160;160
73;103;278;234
251;124;246;145
215;100;55;168
66;254;132;297
257;57;168;167
285;285;285;285
199;283;52;199
211;283;259;162
234;234;264;247
281;98;292;183
30;196;267;80
149;149;149;149
285;285;285;285
275;41;51;22
115;115;115;115
63;63;63;63
281;96;274;274
39;73;141;73
35;229;225;298
40;40;40;40
180;180;267;163
254;254;254;254
49;268;108;261
183;45;160;161
254;220;36;119
127;12;107;151
157;147;271;271
213;188;110;38
218;23;82;101
178;119;222;181
284;71;217;197
56;130;150;185
145;272;145;13
235;235;235;235
76;254;259;232
214;132;215;196
25;75;49;134
153;159;169;98
11;42;11;210
199;248;61;218
40;144;47;47
171;52;224;196
231;274;78;167
125;47;142;104
257;26;297;162
205;21;21;272
273;69;119;273
125;169;201;106
245;26;81;134
98;98;98;98
239;230;264;217
182;65;148;62
30;8;71;181
259;213;199;37
275;275;275;275
167;91;69;13
216;26;275;106
59;150;284;191
230;230;106;20
286;286;286;286
278;85;192;248
156;294;124;300
115;246;288;120
250;250;250;250
288;212;226;208
10;224;98;217
138;138;138;138
15;137;130;93
197;99;99;10
174;289;108;145
185;168;268;89
153;18;153;224
35;199;199;222
157;78;71;111
273;20;119;272
255;255;255;255
204;254;164;300
289;289;289;289
266;35;35;103
203;21;130;134
293;293;293;293
133;277;73;176
106;207;182;253
274;149;6;149
18;34;262;282
62;62;62;62
17;24;131;293
33;33;135;81
175;278;175;172
285;271;277;178
97;273;157;273
164;164;269;111
284;107;286;284
140;236;155;104
83;83;83;83
271;271;271;271
118;166;56;112
294;132;91;294
118;118;42;23
61;293;194;61
172;7;141;168
41;300;147;136
300;300;300;300
131;270;258;102
66;66;66;66
280;217;105;126
179;132;59;86
275;275;275;275
213;161;102;111
53;94;37;187
261;206;170;89
198;35;121;215
211;90;104;232
84;104;137;215
259;259;109;149
140;146;37;276
154;154;154;154
201;211;88;58
267;267;267;267
202;202;202;202
273;80;300;13
249;17;244;234
104;201;115;88
205;205;205;205
190;94;190;224
183;77;140;84
268;85;85;67
37;37;37;37
121;59;67;99
260;98;260;174
57;243;111;62
39;192;298;135
95;286;195;169
84;212;27;212
104;277;288;77
55;217;217;192
209;118;18;70
286;211;63;56
176;112;117;33
87;298;153;32
251;109;255;157
90;273;66;184
151;151;151;151
67;115;210;67
234;201;97;186
254;130;169;100
63;92;91;167
91;231;223;130
168;63;32;52
29;293;66;267
210;210;210;210
181;230;230;74
171;67;144;161
208;208;208;208
20;94;115;64
250;250;250;250
249;71;23;51
191;204;83;74
169;169;169;169
23;23;23;23
180;201;226;61
106;262;167;167
220;232;279;246
128;72;93;231
266;223;75;286
41;159;272;256
216;131;144;157
71;29;134;71
282;282;282;282
243;279;155;254
243;206;22;59
245;184;210;85
57;185;43;64
265;229;140;232
204;254;147;102
20;239;269;24
275;174;276;46
120;258;83;230
181;181;181;181
277;277;277;277
53;53;53;53
194;263;64;73
148;108;230;260
77;77;77;77
43;278;51;132
217;241;121;217
242;197;91;274
18;108;99;130
63;262;198;250
115;115;115;115
251;15;116;16
45;96;128;21
193;92;91;91
212;289;289;261
141;208;219;221
248;268;164;268
229;296;238;76
278;142;260;86
126;126;126;126
291;185;99;76
252;252;52;136
46;195;5;18
197;211;268;17
111;111;111;111
289;274;138;24
95;240;82;95
86;86;86;86
245;206;248;139
239;80;80;71
78;78;161;120
71;131;117;150
250;77;171;124
30;129;87;274
158;145;201;157
65;201;258;133
130;300;30;177
63;239;41;265
253;215;143;277
117;118;167;147
196;193;240;70
13;249;258;129
212;212;212;212
223;297;231;281
290;38;226;198
66;240;143;35
42;117;86;86
280;280;280;280
237;59;170;170
60;22;87;193
20;11;192;119
229;229;229;229
171;16;16;21
66;272;66;10
190;214;252;201
203;111;142;81
204;218;279;105
145;90;94;19
177;259;24;107
241;107;42;251
33;33;33;33
211;112;109;292
229;30;104;231
180;180;119;122
236;94;197;111
86;231;231;274
99;61;55;123
212;173;115;118
120;124;35;76
129;23;196;17
281;295;184;54
169;169;169;169
214;245;136;178
201;134;9;9
100;73;112;297
203;99;156;284
81;66;38;17
40;40;40;40
105;105;105;105
282;282;282;282
73;204;122;204
268;202;202;172
157;228;134;289
292;292;292;292
121;47;38;177
154;20;224;193
12;199;133;112
219;104;199;243
103;91;274;95
296;139;296;123
266;172;53;142
88;87;46;32
122;29;141;126
23;220;293;182
235;235;235;235
93;214;203;220
198;152;127;128
174;174;57;297
31;44;48;241
132;279;18;177
246;76;186;161
224;224;224;224
157;298;116;165
136;224;157;45
40;208;208;168
211;211;211;211
174;174;174;174
9;9;9;9
49;49;245;210
65;106;258;258
98;202;143;143
162;51;138;33
253;15;95;246
168;187;290;199
144;18;63;285
124;84;124;226
254;276;285;108
198;224;91;91
298;192;231;109
14;14;14;14
226;190;119;107
37;195;255;84
285;156;77;186
274;101;256;256
60;183;213;206
50;256;292;8
149;149;149;149
150;104;70;67
189;193;176;15
102;182;47;182
47;131;129;264
242;242;282;95
197;126;135;96
135;257;276;257
170;287;126;225
36;93;222;63
246;30;232;200
261;210;104;103
226;150;101;124
17;187;263;232
11;201;8;61
6;58;6;92
18;127;120;78
110;110;140;178
263;22;164;27
132;47;133;133
122;122;122;122
34;265;125;79
257;272;47;48
185;292;171;269
255;25;100;165
130;124;104;252
44;180;18;128
287;202;163;176
138;138;138;138
40;243;125;238
61;103;249;44
179;179;179;179
95;95;95;95
281;56;43;120
29;160;20;114
212;150;177;280
54;16;110;110
118;48;227;206
178;211;68;137
181;245;100;100
65;203;185;281
197;189;103;283
177;90;150;177
35;224;51;116
30;164;180;184
54;44;191;273
46;46;265;127
36;102;28;224
296;131;296;257
98;46;248;248
286;188;150;252
29;110;238;149
147;159;267;51
67;87;142;189
48;152;22;153
123;283;289;73
215;135;140;170
97;150;169;210
84;300;88;178
286;197;260;147
139;35;129;35
56;107;127;7
129;129;161;156
55;66;180;66
7;17;254;161
198;196;206;36
233;213;264;233
189;189;189;189
164;226;187;151
67;67;67;67
283;247;44;207
100;135;292;100
131;115;108;14
150;124;13;150
53;53;53;53
145;145;274;70
133;243;204;218
56;169;84;300
164;152;164;180
155;268;124;152
84;84;137;137
267;267;267;267
153;153;153;153
114;132;172;32
116;232;134;267
100;100;100;100
237;61;238;44
51;51;51;51
44;216;209;216
241;241;241;241
186;211;241;130
27;132;228;158
10;10;10;10
137;201;215;228
39;166;97;97
195;50;289;112
294;123;210;210
18;285;132;132
94;94;94;94
292;267;123;173
296;192;264;296
208;105;30;70
179;198;282;189
62;62;62;62
39;297;222;151
183;45;231;215
189;189;267;287
280;201;102;280
153;191;101;116
190;190;190;190
283;283;283;283
280;126;280;184
28;84;81;213
279;36;85;85
21;21;21;21
60;192;236;87
144;144;144;144
85;157;41;148
211;166;231;211
151;151;151;151
183;52;181;114
32;156;169;109
226;50;226;255
252;190;254;49
171;220;211;170
165;280;225;90
114;257;35;292
35;275;253;237
172;223;177;139
33;33;33;33
282;281;33;277
267;67;277;67
18;212;9;54
7;19;127;290
34;19;161;287
203;226;53;216
139;115;138;43
202;110;231;286
124;300;265;168
58;42;134;281
209;11;220;297
186;186;186;186
119;19;271;247
264;212;207;264
81;81;81;81
68;174;257;121
14;202;202;30
190;79;113;127
30;10;202;173
144;144;144;144
137;202;157;105
14;88;80;97
196;107;204;223
133;133;133;133
53;53;53;53
92;6;92;85
150;174;26;88
127;194;108;211
190;190;190;190
37;36;89;9
11;105;63;298
17;199;173;16
94;64;202;58
112;232;165;112
192;137;7;53
21;37;46;191
223;223;108;269
127;198;53;106
181;261;13;227
114;253;133;132
148;197;190;103
229;149;111;164
218;162;162;49
54;253;11;101
171;113;146;263
264;264;264;264
258;199;230;52
9;9;9;9
231;231;231;231
159;266;9;58
107;236;107;28
90;242;174;112
95;266;231;168
244;244;244;244
289;79;21;103
85;289;176;139
98;277;211;262
103;103;103;103
200;43;86;262
142;142;142;142
256;155;271;126
78;37;179;132
213;213;213;213
64;64;64;64
219;219;219;219
220;235;77;61
114;114;114;114
166;112;63;5
24;242;206;111
39;39;288;210
194;94;234;156
203;175;175;59
83;162;106;230
287;208;257;40
211;287;18;133
143;175;272;65
242;115;153;153
275;277;195;155
67;67;67;67
51;93;102;93
85;221;244;272
234;234;234;234
267;267;267;267
89;21;227;155
236;299;23;23
147;97;209;117
162;155;263;94
271;296;18;271
69;282;262;156
216;34;295;249
123;118;273;251
8;292;145;294
276;276;276;276
161;275;257;42
55;99;54;95
36;283;28;283
252;135;115;57
290;252;110;30
107;186;88;112
93;135;86;237
26;26;26;26
118;113;113;241
255;219;255;79
17;17;17;17
47;47;47;47
145;187;88;205
256;58;256;215
214;214;214;214
137;88;217;126
16;159;67;103
204;44;32;212
251;231;253;156
273;273;273;273
27;266;165;14
287;287;287;287
213;245;125;228
164;227;224;219
7;193;177;177
31;245;117;116
113;113;71;48
239;255;127;31
287;34;184;203
247;12;55;188
196;196;196;196
237;190;61;214
95;227;221;95
65;11;205;24
53;152;193;164
10;290;156;40
97;8;128;286
62;161;64;38
24;289;289;91
268;7;36;175
117;299;116;95
120;56;150;178
236;262;257;279
118;133;85;62
105;244;144;238
79;215;295;295
206;206;206;206
149;149;149;149
151;178;66;178
283;104;80;186
187;78;220;33
71;116;114;116
144;126;216;23
279;66;146;289
170;170;170;170
117;295;81;89
71;135;96;154
166;184;17;103
35;44;5;152
49;49;49;49
6;16;277;22
64;283;18;71
101;85;95;68
196;140;56;5
94;283;283;54
127;14;272;127
189;58;93;54
35;141;83;25
232;119;143;143
18;223;260;180
85;85;85;85
161;161;161;161
37;228;179;6
195;111;171;268
229;229;229;229
73;223;105;130
257;257;257;257
220;103;285;123
250;152;107;81
145;57;125;218
271;30;289;161
280;239;21;262
223;201;86;151
103;268;109;103
59;222;59;270
152;238;151;177
139;87;152;281
27;240;151;270
96;96;96;96
75;23;207;52
224;86;18;261
223;11;11;12
266;282;230;105
68;205;126;22
39;133;47;146
49;221;211;85
41;123;283;191
114;292;127;196
283;105;82;195
279;279;279;279
283;283;283;283
23;262;200;217
203;57;240;196
119;294;95;141
264;264;264;264
30;185;157;153
5;109;149;38
242;202;9;9
83;258;195;83
8;152;138;257
47;123;117;42
213;24;29;14
145;225;93;227
59;62;280;265
174;70;107;170
147;147;147;147
102;167;195;59
170;134;121;107
209;160;201;89
159;11;220;57
132;115;271;190
265;213;160;8
230;239;190;234
123;99;6;28
240;182;251;50
284;280;139;229
168;144;89;230
207;25;84;118
253;253;253;253
99;51;269;269
196;196;196;196
191;77;291;11
259;291;259;277
79;241;79;215
291;131;131;70
13;197;108;248
149;138;223;138
157;157;157;157
72;12;131;184
33;8;46;11
48;6;48;79
249;34;288;113
76;60;228;70
138;138;138;138
212;212;212;212
167;123;110;285
70;70;70;70
106;79;207;202
271;87;75;149
138;122;136;136
58;260;33;233
218;134;85;69
43;14;26;33
54;214;295;135
67;67;67;67
71;111;127;134
257;59;130;106
252;220;300;93
277;288;214;232
39;227;181;294
12;245;135;110
28;54;182;194
128;74;154;56
23;204;277;204
245;112;119;102
74;120;64;196
296;176;42;42
288;235;296;169
162;30;164;164
285;285;285;285
157;157;157;157
12;289;260;151
170;282;267;88
293;63;177;87
192;92;132;122
290;290;290;290
234;166;22;72
184;184;184;184
280;156;84;264
155;110;155;273
206;206;9;252
290;28;196;42
48;197;202;89
137;293;245;224
119;119;119;119
117;129;72;178
79;79;120;46
164;207;46;104
269;135;11;83
194;56;219;102
42;42;42;42
117;244;40;142
126;84;191;126
215;163;255;131
33;33;33;33
72;50;50;284
252;252;252;252
231;284;262;287
240;99;255;158
12;265;253;265
108;109;20;95
30;207;88;54
28;28;198;91
42;45;98;226
111;111;111;111
267;103;189;64
90;108;59;45
47;255;47;47
280;89;160;24
184;84;80;181
65;113;281;88
88;158;25;242
196;280;294;5
113;261;224;66
172;290;116;123
134;134;134;134
121;254;110;99
98;110;269;126
290;94;299;84
45;222;33;99
287;119;183;97
272;121;84;106
89;89;89;89
31;31;31;31
247;13;135;284
257;102;247;247
256;256;256;256
237;219;84;196
283;131;167;38
232;232;232;232
112;240;26;226
261;261;244;189
238;238;238;238
90;86;258;179
249;50;207;207
221;49;103;281
129;134;7;22
107;107;222;28
159;178;87;300
158;164;164;216
115;115;115;115
204;174;176;286
264;249;264;157
268;8;146;31
208;208;208;208
242;299;187;268
176;176;176;176
158;174;24;46
83;83;83;83
284;128;157;37
292;160;198;227
170;9;117;75
111;111;111;111
71;66;84;66
22;22;22;22
105;140;92;105
140;291;12;207
91;136;40;237
83;189;38;238
265;265;265;265
193;193;193;193
187;40;28;179
168;285;285;175
288;219;205;219
114;266;127;176
42;145;91;145
74;238;194;252
18;289;119;169
242;93;15;185
151;152;273;14
85;259;139;215
40;140;90;161
165;210;179;225
37;37;37;37
8;158;91;142
250;136;192;272
7;212;181;213
184;103;286;286
136;167;75;19
136;134;113;299
59;132;175;81
203;82;62;118
18;73;76;300
286;230;25;42
235;209;48;11
185;227;54;147
257;257;257;257
170;238;170;241
161;294;294;201
203;203;203;203
235;136;12;136
261;132;179;184
46;156;18;230
205;153;205;254
35;222;278;143
214;214;263;133
180;197;250;273
68;68;68;68
45;275;202;264
36;158;150;56
169;185;141;75
70;144;18;287
166;43;159;277
20;38;25;224
95;111;96;96
113;113;113;113
153;59;298;285
161;125;149;118
217;49;205;205
214;77;202;205
214;260;292;150
241;241;241;241
293;16;70;257
193;163;11;125
165;150;19;19
178;277;207;188
127;127;127;127
30;197;164;223
148;148;148;148
241;241;241;241
93;9;249;92
238;199;138;205
89;89;89;89
286;158;100;100
243;133;122;283
268;268;268;268
241;214;214;222
156;42;277;120
115;90;124;256
126;117;246;8
221;48;167;176
189;115;229;189
275;141;284;284
123;238;29;155
219;54;62;21
215;215;215;215
234;234;234;234
100;177;19;14
62;62;62;62
13;13;13;13
96;96;96;96
20;211;151;44
252;123;61;168
111;111;111;111
111;87;82;101
108;108;108;108
35;35;35;35
16;227;144;14
17;17;17;17
68;250;64;250
66;289;270;82
60;150;246;31
104;245;95;245
226;11;61;26
289;289;289;289
44;10;44;292
199;199;199;199
165;165;168;288
88;88;88;88
128;128;128;128
29;111;29;233
231;256;228;116
295;295;295;295
103;299;65;155
66;46;250;66
8;8;8;8
287;287;145;126
17;17;17;17
59;120;35;35
209;97;209;33
78;110;171;251
70;234;259;289
151;14;79;88
71;18;212;290
168;240;122;196
293;264;61;215
188;195;269;188
242;110;97;252
279;187;219;203
195;75;269;229
85;275;296;211
90;278;177;90
68;151;211;151
179;188;55;26
217;276;272;272
215;135;247;42
125;125;125;125
257;255;255;101
161;161;161;161
69;69;69;69
93;163;194;127
54;213;56;230
32;73;269;273
107;117;133;95
76;76;76;76
107;158;14;108
289;143;290;161
164;215;152;215
181;181;181;181
209;209;209;209
132;160;116;47
165;242;243;126
110;219;57;219
73;73;73;73
42;14;120;84
203;203;203;203
65;282;293;65
151;247;62;288
235;20;183;234
178;237;280;73
188;218;266;44
252;232;237;280
190;168;167;167
234;58;14;234
51;133;84;51
180;45;201;180
105;105;175;95
150;125;94;150
287;188;27;247
189;189;189;189
142;133;98;98
184;169;50;50
20;226;166;96
298;9;285;203
110;235;235;92
239;89;35;89
72;23;23;145
29;219;67;122
112;68;268;227
144;224;89;89
102;240;73;21
280;280;280;280
135;137;9;70
149;277;52;52
73;73;73;73
274;156;268;156
164;14;237;66
70;216;70;28
119;221;47;185
8;48;196;196
273;94;213;148
181;228;12;136
148;168;128;169
95;295;265;59
188;207;133;257
162;47;6;162
207;68;68;259
154;255;249;216
245;245;45;190
90;90;90;90
93;34;231;257
30;30;297;221
137;193;80;31
101;268;192;219
151;198;55;70
233;290;96;98
238;126;143;126
238;35;74;186
152;137;84;286
282;132;276;282
204;204;204;204
135;29;138;26
294;171;176;272
50;115;254;247
187;187;187;187
6;158;12;77
144;144;144;144
240;240;240;240
278;118;198;211
199;106;118;81
128;126;125;40
140;215;51;226
137;278;88;295
81;81;81;81
256;256;256;256
71;71;229;71
43;121;300;117
144;144;144;144
281;281;281;281
248;207;241;241
110;61;7;198
240;207;142;43
124;248;158;291
158;227;50;158
207;250;7;87
91;91;91;91
61;10;26;286
193;29;288;125
79;179;261;17
156;145;161;156
275;120;59;59
296;296;296;296
188;188;188;188
233;142;109;283
284;265;106;286
124;23;61;125
120;73;253;85
28;292;91;292
110;17;260;8
58;137;238;94
131;131;131;131
39;39;39;39
88;51;11;106
250;274;64;171
239;120;179;100
217;220;260;179
37;229;211;124
106;156;127;209
71;71;71;71
36;124;297;39
261;234;89;234
219;219;219;219
8;220;207;284
88;258;17;66
184;129;107;139
183;243;183;161
134;104;81;117
54;204;296;103
54;64;64;278
81;33;81;124
155;155;155;155
179;179;179;179
68;257;188;77
234;234;234;234
31;214;24;146
271;149;185;240
177;177;177;177
187;114;13;284
8;260;141;272
44;263;68;206
122;298;155;170
285;285;113;266
138;43;232;138
102;172;172;39
85;136;263;288
94;258;94;129
163;163;163;163
36;36;36;36
140;148;220;68
9;180;61;180
43;87;88;43
272;91;92;37
131;255;110;82
59;59;59;59
149;288;145;145
235;241;61;130
22;273;37;179
188;188;44;45
32;189;19;27
218;87;196;222
45;45;45;45
92;92;92;92
149;246;149;145
184;282;24;30
237;152;277;207
287;282;282;222
278;24;276;271
44;133;133;19
237;56;31;261
117;22;43;191
180;66;132;163
135;198;145;273
193;105;144;189
209;133;297;203
229;225;181;142
239;239;239;239
138;219;104;219
145;255;178;6
283;154;187;49
25;25;38;61
186;70;275;208
271;261;281;140
98;113;45;190
175;275;46;216
61;158;27;153
251;91;221;56
152;249;179;27
98;263;54;92
277;152;47;284
293;216;186;239
283;238;205;9
209;209;209;209
275;83;19;183
66;261;92;249
247;247;247;247
292;122;178;76
178;178;237;46
181;87;31;22
259;259;259;259
267;45;96;260
38;143;249;86
281;152;236;197
101;72;112;72
69;60;15;143
243;56;182;291
85;85;85;85
295;295;295;295
29;171;182;87
9;126;251;181
253;253;253;253
116;116;116;116
69;120;198;104
67;246;117;119
219;20;88;160
257;257;257;257
270;138;244;30
221;181;186;223
92;92;156;35
83;21;230;228
79;79;79;79
78;289;214;214
8;161;137;203
149;149;213;74
45;23;116;194
123;123;123;123
179;104;7;206
121;22;212;185
85;5;85;100
261;106;166;256
139;287;40;8
106;129;25;25
223;138;295;114
46;229;75;138
85;65;250;215
99;76;192;47
246;76;37;165
103;103;103;103
217;70;85;174
222;117;163;55
226;101;41;218
28;288;170;105
70;203;256;74
169;146;298;169
262;262;262;262
252;268;221;252
74;256;213;36
103;108;103;196
137;26;199;285
31;31;31;31
128;89;90;90
10;84;132;96
35;70;77;118
21;21;21;21
65;63;216;65
89;214;240;273
288;288;288;288
77;90;274;77
8;92;8;17
195;239;8;195
13;13;13;13
156;79;269;156
214;263;19;214
95;47;275;151
225;291;143;213
145;13;254;242
212;212;212;212
50;131;21;50
222;276;96;61
43;266;177;94
91;135;114;56
32;39;60;95
94;94;258;76
152;152;120;185
212;89;31;144
214;214;91;113
250;147;267;196
130;130;216;234
117;198;242;178
154;217;271;8
277;289;179;131
277;201;252;164
119;300;297;202
50;50;50;50
163;202;210;88
251;235;107;174
107;107;107;107
262;20;185;93
170;170;170;170
51;66;143;38
276;272;235;288
269;12;90;95
35;251;270;207
117;300;90;195
49;64;64;155
92;39;194;97
230;187;149;200
252;252;252;252
264;264;264;264
108;57;109;57
170;299;58;118
62;35;37;229
295;197;218;218
238;23;87;238
110;110;110;110
30;207;75;260
295;277;73;234
70;39;202;267
300;300;269;214
157;165;268;174
145;297;238;113
157;157;157;157
90;42;51;29
11;11;11;11
167;167;167;167
273;30;238;164
32;32;32;32
140;247;88;61
97;278;8;50
250;250;299;283
140;70;91;216
17;240;19;228
252;213;208;131
275;251;152;253
193;269;205;193
81;57;221;207
250;70;234;26
91;239;239;190
300;300;267;85
35;128;36;36
5;129;298;122
284;230;203;203
158;139;172;185
216;216;216;216
54;118;112;212
124;215;111;253
104;247;284;254
206;206;206;206
23;23;23;23
221;221;221;221
54;286;218;225
56;56;56;56
87;94;131;87
122;122;122;122
49;76;81;244
152;264;139;139
133;25;215;37
202;113;258;196
89;256;15;133
71;77;84;66
190;190;190;190
156;156;156;156
116;193;150;215
208;227;28;243
25;251;74;245
101;180;178;244
111;111;111;111
250;101;209;230
287;72;230;194
225;239;177;117
215;193;56;65
293;270;54;246
55;78;263;78
140;72;261;106
124;88;255;25
52;219;180;180
42;42;42;42
299;297;251;294
37;37;54;164
124;254;90;290
257;271;249;270
42;33;281;294
67;67;67;67
110;121;289;69
19;61;252;252
79;79;79;79
44;44;44;44
284;41;245;201
297;196;145;125
292;292;282;112
120;142;200;11
31;297;202;90
33;195;119;160
235;131;46;282
44;44;264;175
89;89;89;89
41;212;231;227
42;114;15;272
265;107;134;147
201;201;201;201
296;296;296;296
117;264;182;16
74;74;74;74
248;248;248;248
80;80;80;80
28;53;67;75
288;9;198;228
51;137;139;137
244;28;43;166
186;96;41;220
163;163;50;33
15;113;110;244
240;163;279;287
75;92;104;141
208;208;208;208
59;137;150;278
200;40;284;194
108;160;81;216
55;55;254;63
56;56;165;63
147;226;88;55
188;188;188;188
95;81;95;152
274;25;90;274
184;151;83;38
155;237;201;26
85;85;85;85
74;251;33;280
54;54;63;71
38;72;48;289
42;42;42;42
19;265;64;281
214;214;214;214
201;70;169;74
162;227;130;51
87;87;87;87
209;233;233;45
139;53;137;136
77;77;77;77
37;37;42;122
57;45;207;64
53;53;10;174
260;31;67;30
270;29;295;27
38;48;219;124
201;296;185;31
292;250;9;292
31;31;31;31
249;249;249;249
105;179;93;94
77;77;77;77
27;297;194;50
115;52;52;164
247;247;218;256
259;65;60;93
279;279;279;279
157;44;10;60
298;267;100;276
290;35;299;286
185;178;178;15
50;249;231;82
102;191;36;191
197;239;227;141
157;212;263;168
173;173;173;173
143;143;143;143
279;47;298;47
83;83;83;83
83;231;130;267
105;253;233;96
251;251;84;203
174;174;174;174
62;87;281;62
231;231;231;231
8;251;37;251
124;46;265;119
55;55;55;55
280;71;111;280
106;164;211;271
140;140;140;140
105;191;159;35
254;79;79;212
220;123;69;159
50;281;130;258
247;247;247;247
201;297;154;297
243;67;242;64
265;228;189;189
259;259;259;259
182;223;84;179
15;19;132;49
273;292;267;64
9;11;289;197
237;251;141;161
88;297;66;297
6;87;256;87
240;123;281;242
165;234;293;27
278;278;278;278
164;151;224;126
227;258;289;257
279;279;279;279
152;152;152;152
171;141;104;198
241;185;220;225
271;271;271;271
34;92;279;275
266;173;85;75
177;177;177;177
172;172;172;172
28;28;28;28
121;194;298;160
207;295;54;249
134;134;134;134
16;203;121;176
292;190;76;119
8;90;261;134
29;220;257;222
28;259;37;259
283;70;263;213
91;82;74;101
107;159;252;181
208;44;44;278
115;165;26;245
71;119;56;182
56;221;184;189
166;96;71;166
90;138;171;203
16;9;107;104
53;30;218;30
290;93;290;200
120;102;111;139
238;238;238;238
185;73;231;105
115;115;115;115
277;57;238;238
263;247;202;250
239;206;276;129
228;228;228;228
233;151;16;231
66;131;82;14
29;114;269;182
261;34;84;71
74;97;237;149
255;179;240;121
282;282;86;143
107;107;107;107
264;148;186;240
117;170;57;195
70;183;141;174
122;122;122;122
243;243;59;186
22;220;257;120
178;198;133;77
276;78;279;170
144;256;143;62
69;121;125;174
114;198;208;210
190;143;100;190
209;209;209;209
225;225;225;225
228;228;228;228
253;112;175;237
15;15;15;15
100;100;100;100
14;218;143;184
251;93;61;8
86;11;279;73
41;41;41;41
241;203;88;147
94;94;94;94
281;140;100;199
93;93;93;93
243;21;112;112
181;74;95;88
223;182;16;168
254;254;254;254
248;75;75;268
198;179;38;179
87;87;87;87
293;293;293;293
141;181;274;235
170;248;95;260
179;113;14;187
243;117;32;200
68;92;175;125
296;248;107;296
292;147;296;79
130;129;28;206
286;286;286;286
261;256;216;131
118;118;118;118
212;295;210;159
13;178;241;241
294;23;278;23
258;175;240;197
233;151;299;46
174;174;174;174
131;146;211;77
13;99;180;239
207;155;59;273
24;233;18;24
19;63;196;63
39;231;265;88
94;7;94;191
114;80;244;222
211;27;69;196
72;72;72;72
80;173;161;43
262;60;281;264
127;28;33;168
68;160;282;174
255;95;29;54
274;83;140;40
231;296;296;143
39;209;83;163
236;236;236;236
68;148;178;84
41;264;41;207
284;20;143;293
298;191;252;191
250;141;180;98
247;150;163;176
149;79;243;182
146;146;146;146
228;105;293;227
82;180;262;129
169;189;279;145
241;96;215;50
138;138;138;138
163;163;163;163
128;128;128;128
272;97;241;245
86;81;62;62
267;82;76;76
108;108;108;108
270;248;283;62
85;166;63;240
235;155;194;52
102;7;170;170
251;200;159;159
94;23;159;76
84;9;161;215
284;229;194;233
21;87;223;251
198;227;73;198
141;141;141;141
54;54;54;54
209;185;153;210
182;242;192;216
141;83;29;7
249;249;205;41
77;34;61;127
96;96;96;96
256;266;281;209
255;44;77;78
263;263;263;263
163;229;191;93
124;204;246;64
108;235;250;289
134;133;283;180
230;30;31;163
279;241;67;67
41;30;278;204
95;136;137;67
227;105;148;282
55;55;55;55
279;213;248;213
250;263;209;101
168;168;168;168
48;248;67;112
225;64;278;55
253;253;253;253
279;287;238;238
147;236;95;204
103;67;298;45
38;54;200;11
143;143;143;143
253;253;23;235
60;60;78;164
22;132;208;223
18;255;90;14
198;296;162;42
101;101;192;175
101;164;66;31
144;100;100;8
94;94;94;94
172;172;172;172
248;206;139;167
145;135;168;168
230;217;287;239
145;145;145;145
101;54;220;54
12;256;192;221
251;251;251;251
43;289;177;79
135;94;148;214
181;18;18;269
45;11;269;116
286;164;34;153
29;291;206;161
8;8;8;8
233;233;185;93
38;17;263;263
90;125;106;250
23;41;41;101
117;117;117;117
285;285;285;285
114;179;215;243
185;50;23;8
85;132;204;208
72;72;72;72
234;234;234;234
231;231;231;231
120;150;141;224
208;33;33;237
168;168;168;168
68;226;176;190
40;62;104;62
59;261;36;133
269;231;67;285
280;280;37;263
270;181;295;292
108;108;108;108
262;216;224;294
28;112;239;228
219;219;219;219
146;197;36;120
179;18;64;133
178;296;19;19
161;131;239;28
77;160;40;288
116;116;116;116
238;137;243;60
262;72;5;40
230;102;298;44
159;159;159;159
175;129;173;291
300;300;300;300
172;172;127;91
68;24;259;128
241;241;241;241
179;119;35;119
32;98;292;201
183;157;131;223
250;211;105;130
143;143;25;263
275;234;234;285
268;268;268;268
167;115;269;167
240;240;240;240
261;283;295;246
292;233;55;287
37;37;37;37
115;115;115;115
81;11;167;142
288;173;62;73
128;128;267;29
161;231;253;148
206;87;87;99
253;253;253;253
283;211;283;161
254;110;20;244
23;55;181;181
279;143;266;208
60;33;58;181
33;11;55;85
48;96;250;92
88;88;88;88
254;254;254;254
146;108;165;103
225;270;215;176
177;177;177;177
79;227;198;198
230;53;123;111
26;204;180;26
86;170;114;236
297;297;297;297
189;228;39;84
37;71;93;182
39;39;39;39
139;139;139;139
199;184;39;33
165;267;165;266
146;20;79;133
113;138;113;208
85;267;176;42
88;84;169;259
57;57;57;57
154;270;18;245
165;8;171;174
225;162;288;264
299;101;110;195
52;129;153;243
248;18;206;92
95;218;22;26
292;227;39;112
156;156;156;156
18;18;18;18
291;266;240;238
90;256;35;294
216;112;59;112
213;251;32;273
95;82;153;153
137;137;137;137
240;240;240;240
238;207;187;62
161;148;65;203
201;177;265;147
141;161;51;29
268;261;230;116
112;68;90;63
191;249;205;260
67;176;120;37
88;88;88;88
17;17;17;17
9;9;9;9
265;158;141;126
65;211;128;85
284;201;45;71
195;39;130;237
43;43;43;43
180;180;180;180
136;10;281;10
299;53;172;84
261;261;261;261
237;237;237;237
94;148;187;266
147;148;184;148
241;30;10;197
28;277;233;89
197;112;174;112
146;278;254;92
140;140;140;140
63;251;63;62
164;43;195;40
53;176;261;284
77;278;189;209
224;185;153;75
11;299;192;58
298;72;57;123
181;120;83;83
186;59;216;216
19;19;19;19
257;257;257;257
8;8;8;8
146;47;199;104
207;207;38;182
106;246;206;227
289;70;65;193
150;13;43;229
264;221;169;209
262;149;137;198
256;256;256;256
268;268;268;268
225;150;55;129
137;245;218;145
267;122;185;190
68;68;68;68
289;114;62;269
253;139;270;89
58;89;272;240
297;160;185;160
60;60;46;69
71;10;130;31
151;296;254;59
182;97;32;32
273;273;273;273
298;8;63;55
243;63;187;225
267;178;219;269
202;269;110;202
17;189;243;34
111;10;270;152
207;207;207;207
252;170;206;276
98;41;42;296
136;111;176;242
294;213;83;291
9;273;18;97
287;228;228;269
243;255;42;123
80;80;80;80
273;42;96;288
53;168;253;196
161;231;23;23
133;39;71;185
75;182;295;186
226;239;226;68
57;57;57;57
180;116;20;215
242;118;268;287
129;129;129;129
204;240;31;55
49;182;166;216
206;206;206;206
166;266;243;18
286;28;102;41
287;122;203;186
208;222;242;56
297;188;153;153
81;81;81;81
299;252;126;124
38;38;38;38
202;203;255;122
84;193;11;215
70;197;279;272
203;203;203;203
246;97;188;210
263;108;192;131
241;254;75;26
103;5;273;130
292;138;128;125
228;52;260;113
195;195;195;195
59;13;253;279
32;75;112;32
7;7;7;7
140;292;233;50
160;145;46;51
159;159;159;159
163;221;182;30
132;132;132;132
72;72;72;72
242;85;242;20
241;109;9;152
188;188;188;188
166;15;217;217
150;262;288;75
267;80;279;261
249;69;108;169
163;297;212;192
233;216;27;261
84;156;105;77
162;186;40;130
247;255;195;32
119;160;88;199
178;163;278;108
128;86;283;128
276;242;198;256
132;132;132;132
46;178;147;297
73;173;218;244
242;196;277;157
32;184;32;42
49;111;73;85
241;106;27;216
232;232;232;232
246;82;18;233
277;265;137;47
201;83;172;281
205;188;188;160
208;110;210;169
35;45;67;36
79;79;79;79
132;174;179;132
298;80;80;300
262;104;107;275
8;288;91;8
17;119;299;219
218;74;88;275
148;15;254;172
288;191;32;191
67;67;67;67
199;92;5;92
88;254;158;55
295;226;85;165
148;24;220;189
108;117;117;223
122;219;286;32
139;139;222;200
245;245;245;245
71;37;201;201
210;210;210;210
250;250;250;250
133;17;67;268
84;251;249;249
147;67;180;263
73;73;73;73
54;127;177;267
130;254;268;27
171;130;256;239
31;204;168;73
5;5;5;5
287;27;107;113
177;67;106;9
21;236;44;192
64;122;248;183
242;242;242;242
182;182;182;182
287;91;189;15
218;247;244;244
34;148;215;187
186;186;186;186
198;198;198;198
141;141;141;141
73;136;242;133
55;284;140;25
102;102;102;102
150;150;150;150
225;106;225;209
134;277;255;115
203;93;177;240
127;253;276;137
179;94;236;285
68;57;175;73
55;226;286;152
281;107;263;107
265;132;267;237
284;10;35;186
78;140;204;204
19;193;88;156
47;47;47;47
26;155;209;142
30;237;37;81
214;214;214;214
233;231;126;163
81;81;81;81
45;212;9;13
75;214;249;244
138;292;200;255
230;230;230;230
233;204;162;237
142;276;214;213
189;266;241;171
218;218;218;218
168;199;40;72
96;133;189;133
105;174;192;152
248;192;192;37
128;16;139;139
234;216;257;85
147;74;105;15
274;267;59;267
168;274;101;33
110;59;283;283
199;284;106;16
152;77;166;279
6;6;6;6
194;194;194;194
93;71;35;126
166;166;33;294
135;147;264;147
62;158;158;141
28;84;28;22
28;168;283;277
190;190;246;297
294;262;149;128
176;182;246;145
141;296;264;264
186;186;186;186
142;48;18;148
53;220;69;291
188;117;125;166
299;133;74;150
205;34;149;199
268;213;108;108
261;264;259;188
135;135;135;135
30;30;30;30
103;20;144;245
56;288;189;229
229;229;229;229
281;256;256;56
54;129;240;132
21;221;17;17
98;79;146;98
137;136;261;62
170;265;51;222
133;118;44;237
59;59;59;59
183;196;279;174
167;23;220;257
74;73;167;235
139;224;116;123
140;140;140;140
130;293;133;235
40;129;239;277
120;38;214;46
197;252;173;215
270;17;164;245
191;173;249;223
104;104;104;104
50;84;296;154
299;299;299;299
150;61;68;194
72;72;72;72
285;163;39;103
66;66;66;66
183;288;112;183
59;59;59;59
268;82;139;143
213;213;213;213
101;297;208;208
162;297;268;137
269;269;269;269
107;47;158;247
292;45;286;214
194;156;141;194
148;286;24;233
187;120;191;283
221;142;266;22
209;209;209;209
114;142;142;229
139;54;276;296
145;31;201;150
112;252;238;208
80;80;80;80
138;163;196;271
134;134;15;221
121;126;121;206
213;122;131;57
275;163;72;48
201;169;146;57
288;33;65;34
283;283;283;283
163;216;185;41
237;106;217;62
43;125;82;15
5;5;5;5
41;281;281;127
233;233;233;233
264;205;112;195
261;74;90;74
7;81;29;36
20;203;251;133
45;159;43;129
197;179;14;9
272;23;61;272
172;264;155;264
180;87;279;66
148;263;234;11
258;258;258;258
148;35;155;61
85;190;40;165
221;221;35;120
281;297;286;253
99;263;289;152
39;27;7;52
265;226;31;252
156;199;271;275
205;249;163;192
141;188;193;285
168;168;168;168
231;231;231;231
184;184;184;184
72;35;290;20
121;209;207;241
18;18;18;18
145;65;160;172
260;166;264;80
226;226;226;226
68;210;235;297
125;125;125;125
56;56;56;56
10;83;19;10
165;106;37;112
295;198;144;134
201;30;275;231
257;257;85;38
7;11;168;187
230;69;131;139
152;166;71;166
218;218;218;218
141;146;33;272
78;153;98;28
34;215;93;184
231;240;292;98
294;271;271;128
188;36;102;207
268;154;76;66
263;59;176;176
9;128;9;251
193;216;58;224
21;252;145;62
240;255;140;150
233;233;233;233
202;7;161;24
195;80;126;294
72;163;21;240
184;184;184;184
5;211;203;203
194;170;162;205
97;46;272;97
221;105;159;159
277;277;277;277
39;27;119;27
145;148;274;156
151;48;99;48
266;162;172;216
98;225;154;98
10;289;209;211
55;162;80;186
214;214;214;214
92;164;283;297
77;121;271;271
145;34;298;261
24;24;24;24
293;153;250;269
103;103;103;103
125;170;139;13
236;236;236;236
77;85;210;77
289;110;85;234
12;44;261;109
195;274;133;162
244;244;176;101
298;75;141;141
299;155;257;50
170;6;73;243
198;205;249;177
235;125;284;161
274;267;68;238
246;15;108;267
219;274;218;206
226;226;163;261
64;64;64;64
213;209;99;221
60;292;45;67
182;182;182;182
210;31;172;218
48;145;131;268
201;203;101;204
179;240;134;179
291;266;27;151
194;153;153;297
94;230;150;152
7;46;152;182
252;75;300;262
199;263;171;247
247;285;133;232
141;141;141;141
49;175;37;265
297;194;282;194
36;175;157;281
223;223;223;223
214;214;214;214
137;134;126;18
296;296;296;296
253;253;253;253
87;56;168;87
13;142;40;195
232;236;102;244
194;214;32;214
110;57;110;155
272;272;272;272
261;249;36;36
74;230;27;13
68;249;256;256
257;272;46;46
88;287;159;220
272;206;206;96
300;176;300;159
295;208;140;208
28;5;45;92
296;156;261;292
125;284;262;284
279;245;267;279
69;224;128;36
259;19;19;263
257;257;257;257
118;146;49;121
205;81;41;115
54;157;181;150
206;277;129;86
32;32;253;272
94;33;221;221
107;237;132;107
79;54;176;86
127;274;84;134
11;233;125;24
170;47;217;155
243;208;123;257
39;262;39;40
98;218;175;103
169;201;228;296
102;102;102;102
228;171;237;255
73;73;239;30
201;201;195;177
295;295;295;295
96;191;208;129
290;290;290;290
129;248;81;12
95;112;113;157
147;196;181;78
241;159;102;130
274;274;274;274
78;78;78;78
162;140;30;162
113;257;16;260
20;20;20;20
123;23;281;123
198;198;198;198
232;232;232;232
39;70;221;253
152;103;234;232
37;120;186;73
179;187;100;286
228;219;219;83
279;111;128;160
185;185;185;185
157;157;157;157
74;74;74;74
217;8;267;124
237;237;237;237
215;283;152;197
297;265;132;43
244;279;128;244
183;21;62;21
42;42;42;42
18;84;84;118
224;262;9;182
111;150;59;284
125;260;152;114
216;287;170;54
23;266;144;249
135;152;110;232
201;201;201;201
103;103;157;129
287;279;205;99
176;176;176;176
14;14;14;14
73;20;20;264
274;100;64;92
26;34;242;78
249;169;26;142
62;297;298;249
143;78;143;277
54;54;54;54
36;159;47;10
188;196;113;199
22;111;207;111
41;229;236;294
136;210;87;87
77;283;52;87
173;147;139;261
188;188;188;188
207;207;207;207
230;250;102;139
84;85;208;123
256;29;248;160
255;255;255;255
200;126;255;174
67;194;267;207
292;165;240;170
162;286;12;226
129;87;154;27
34;130;120;54
140;140;140;140
17;192;215;223
79;286;128;190
262;262;262;262
275;184;275;87
143;179;63;141
274;209;175;105
288;82;210;74
291;291;291;291
296;257;116;204
218;201;45;60
298;224;175;298
245;160;245;19
223;125;149;101
193;50;29;128
108;152;264;256
203;56;56;67
194;93;292;187
58;58;58;58
136;187;57;73
208;158;195;116
255;173;90;9
106;281;271;259
25;231;132;68
45;45;45;45
185;66;11;294
144;131;108;274
174;108;95;137
238;209;238;36
198;178;238;20
121;123;123;269
46;192;59;164
298;291;238;260
267;277;73;54
100;103;44;49
124;124;128;114
208;58;118;137
111;115;234;148
232;109;222;120
129;129;138;108
93;220;132;70
56;56;157;90
181;153;272;235
129;217;76;129
218;273;6;248
74;57;99;177
219;130;219;276
79;278;280;131
170;170;170;170
128;205;199;151
173;173;173;173
193;166;142;299
196;93;236;264
167;167;167;167
227;227;135;89
295;237;218;193
166;266;112;86
71;71;71;71
10;10;10;10
97;5;90;242
116;61;262;180
40;25;69;24
199;199;157;39
174;84;284;172
281;281;281;281
219;219;219;219
156;179;39;179
223;228;26;215
187;233;261;153
190;289;126;289
8;233;191;89
262;46;31;253
213;213;213;213
217;57;217;79
215;16;149;215
290;181;290;70
96;83;242;117
216;144;287;248
17;152;188;229
232;145;145;281
125;125;125;125
175;175;175;175
73;163;29;73
258;122;169;214
54;288;202;170
169;126;126;244
39;167;39;265
300;300;229;261
203;173;15;249
121;221;181;221
137;150;273;273
85;85;85;85
234;57;261;276
195;172;123;164
236;50;109;206
182;120;24;168
16;16;16;16
196;141;287;79
53;139;257;83
36;34;116;72
60;14;132;39
284;284;146;243
271;13;34;263
243;231;18;186
47;47;47;47
5;5;5;5
275;144;298;277
210;73;258;201
150;25;98;174
158;7;7;110
56;91;285;296
48;241;259;103
110;46;155;272
49;16;111;208
191;216;110;34
19;19;19;19
61;150;252;43
60;22;130;173
61;53;98;276
258;258;258;258
279;5;92;262
10;201;235;87
161;69;161;164
173;247;151;14
97;291;8;97
166;68;31;166
11;119;119;45
101;150;225;75
43;136;121;240
219;66;24;24
257;213;36;106
266;266;266;266
93;255;62;62
121;121;121;121
288;288;288;288
163;72;63;205
245;245;245;245
88;111;242;54
280;213;82;160
95;232;45;40
179;254;254;20
214;102;297;278
43;29;115;279
263;59;47;207
176;176;176;176
269;269;269;269
220;220;220;220
279;185;218;50
263;147;76;147
82;210;40;229
206;195;204;191
220;197;47;149
108;38;265;108
57;78;284;54
252;122;58;122
154;238;212;299
103;103;103;103
198;33;161;188
51;199;166;251
209;77;64;249
283;60;126;78
155;291;97;117
69;292;101;283
232;232;232;232
42;155;20;34
14;145;156;70
164;112;112;262
64;74;151;210
298;19;44;60
157;71;290;155
286;216;144;226
48;113;113;149
125;157;82;82
73;199;7;67
287;287;287;287
75;151;102;52
101;50;15;74
65;55;52;6
54;22;41;204
90;19;144;5
51;250;152;128
15;15;15;15
282;15;81;70
79;188;250;42
78;184;213;293
124;181;144;34
282;239;291;198
240;240;240;240
259;259;259;259
87;125;168;284
201;143;264;264
300;237;258;78
157;12;36;67
251;251;251;251
30;162;93;239
17;50;140;179
224;224;224;224
83;83;83;83
298;248;149;140
89;13;266;99
91;193;295;16
65;65;65;65
240;212;236;80
66;225;194;114
78;101;170;15
292;230;230;148
95;31;26;121
42;111;28;269
191;191;191;191
71;179;171;26
174;174;295;264
271;135;79;70
293;293;229;78
106;35;273;59
221;216;110;259
88;93;190;212
282;167;287;262
105;68;115;115
169;18;59;10
258;258;258;258
178;178;178;178
252;252;252;252
208;31;251;251
93;36;153;140
89;28;49;196
68;68;68;68
17;6;56;152
300;300;300;300
54;297;100;234
209;50;165;166
33;98;105;93
12;166;281;281
7;7;7;7
119;102;18;36
161;225;231;242
96;5;25;37
28;28;28;28
285;285;285;285
195;150;157;157
105;105;105;105
179;24;101;40
94;276;94;113
5;5;5;5
262;263;85;87
53;53;76;102
265;171;6;71
180;180;180;180
178;31;110;127
272;77;272;98
298;62;62;237
258;273;271;143
152;202;72;202
89;166;70;143
68;68;182;30
23;135;74;23
171;63;48;103
57;20;118;287
73;233;10;233
139;139;19;143
27;27;27;27
25;220;25;247
164;282;293;90
284;13;70;16
16;91;299;166
62;97;28;51
105;104;290;168
193;194;194;185
287;263;284;169
209;190;108;238
137;94;43;43
236;245;272;239
96;179;96;172
54;99;138;281
103;103;89;86
51;160;171;25
223;247;223;247
98;98;98;98
38;38;38;38
274;78;270;285
252;182;209;71
80;80;80;80
212;49;222;84
258;182;292;154
75;9;75;140
126;265;126;294
68;284;148;133
147;226;38;279
116;113;276;169
36;13;36;183
173;152;83;163
76;41;217;138
215;121;280;258
227;167;179;184
147;147;147;147
241;100;241;90
200;168;119;202
155;155;155;155
297;297;297;297
230;238;269;262
258;166;43;70
146;222;59;252
266;217;167;280
236;92;46;243
203;242;40;76
212;174;134;232
225;19;49;114
266;149;147;266
67;249;215;195
36;144;144;156
293;104;74;144
245;49;23;252
263;46;171;193
82;82;82;82
229;73;73;295
111;111;111;111
224;295;59;194
246;246;246;246
96;167;105;167
132;132;132;132
110;19;287;194
280;147;209;277
155;197;155;193
35;263;263;53
21;280;284;192
264;128;46;264
200;120;277;162
20;161;40;88
204;204;204;204
38;237;32;178
222;274;141;164
103;24;193;159
202;260;88;89
85;85;85;85
100;219;154;188
136;136;62;71
219;148;292;213
210;132;253;207
120;120;221;7
96;141;110;141
257;257;257;257
220;294;7;143
279;279;279;279
263;263;263;263
55;22;197;69
244;117;113;36
290;141;101;278
62;203;80;62
273;145;257;9
172;172;275;126
188;211;52;147
104;104;216;200
204;161;225;117
227;227;227;227
268;230;27;187
104;32;63;85
47;233;75;175
40;135;83;291
109;52;238;218
106;120;97;24
5;5;5;5
185;77;119;190
132;244;132;93
227;227;227;227
7;7;7;7
240;46;246;229
221;26;41;118
111;165;164;165
155;80;73;72
123;85;44;48
268;281;74;161
246;54;218;114
6;278;110;274
163;28;152;297
194;194;194;194
67;262;112;125
154;143;132;107
75;215;108;107
49;270;232;165
196;241;174;202
154;45;200;262
293;125;236;242
132;132;132;132
135;42;104;201
298;232;107;71
234;92;152;92
167;219;135;291
272;32;247;44
217;217;217;217
104;161;209;104
153;142;29;232
212;72;186;81
53;251;296;85
76;76;76;76
7;118;77;230
127;74;160;120
14;100;247;258
284;210;168;14
12;204;43;202
282;274;126;278
94;259;10;144
218;211;28;214
245;29;245;265
55;205;158;49
270;155;190;174
220;248;5;248
132;17;98;124
136;261;38;136
203;89;72;203
109;35;269;18
225;225;225;225
208;279;157;20
37;37;276;255
96;96;96;96
133;133;133;133
268;268;268;268
9;186;100;99
175;269;235;92
141;140;48;230
198;95;231;41
157;157;157;157
170;189;170;23
247;67;50;70
13;13;13;13
199;275;36;198
98;98;98;98
222;202;222;295
72;181;226;72
24;24;24;24
99;82;183;47
212;180;14;24
191;120;26;195
18;200;55;55
117;125;12;264
112;112;112;112
174;123;299;250
11;11;11;11
202;202;202;202
60;60;60;60
210;287;18;273
7;43;187;250
172;173;278;81
59;59;59;59
228;85;254;300
210;176;39;113
206;259;135;215
247;247;247;247
37;37;37;37
63;152;152;117
156;156;156;156
260;130;163;139
248;248;248;248
190;273;214;131
260;260;260;260
155;93;34;93
84;268;249;293
230;233;60;146
96;30;115;41
167;128;123;38
189;189;189;189
40;68;143;273
218;86;144;86
286;21;21;57
158;281;197;144
140;37;228;226
115;115;115;115
192;192;192;192
207;158;134;30
74;97;70;74
208;12;60;191
11;196;15;79
50;50;50;50
217;136;109;283
286;174;286;102
169;243;226;162
126;20;106;45
204;113;113;14
121;37;59;281
266;44;18;29
227;208;99;36
108;195;79;111
162;162;162;162
86;260;259;32
294;25;92;217
173;216;145;62
59;59;59;59
137;81;275;216
25;265;256;21
97;97;97;97
218;218;218;218
61;288;19;234
67;117;204;67
87;87;87;87
182;182;182;182
224;224;224;224
251;251;251;251
205;144;209;42
240;240;240;240
246;244;207;244
169;299;45;44
265;265;265;265
111;60;291;126
23;179;14;70
299;267;121;69
20;72;247;72
201;201;201;201
44;126;242;126
238;288;5;146
123;97;199;52
111;149;75;243
205;49;252;6
13;137;200;184
151;272;223;229
19;289;6;189
193;205;261;25
193;41;215;214
47;47;47;47
90;90;90;90
258;141;120;262
168;111;194;296
181;145;285;132
258;241;85;218
122;188;232;288
276;276;276;276
227;267;6;166
60;92;95;164
247;166;166;132
100;100;35;12
214;65;129;24
133;33;192;11
101;228;202;124
121;121;121;121
18;65;153;51
145;131;70;191
25;25;25;25
67;40;101;182
290;294;32;258
149;110;21;79
152;152;152;152
40;40;277;273
173;173;237;77
195;195;195;195
239;225;284;187
99;200;177;204
178;206;239;266
169;196;196;7
98;112;109;40
222;131;34;158
51;151;187;187
200;164;6;27
209;137;89;136
158;158;190;18
272;233;233;170
181;102;252;61
228;28;6;183
201;276;251;55
239;239;239;239
239;239;239;239
278;145;295;278
153;57;182;116
58;11;292;57
180;180;180;180
20;206;157;67
235;44;73;44
46;123;200;72
252;151;166;252
111;219;111;86
97;149;207;190
32;48;182;192
160;160;160;160
142;145;142;124
213;285;173;173
281;281;281;281
143;261;55;202
65;65;65;65
98;195;151;195
202;290;202;276
286;286;220;147
246;277;22;279
54;87;154;137
251;9;145;139
152;24;8;247
11;11;11;11
267;233;233;172
208;150;108;17
57;106;136;72
60;60;60;60
93;243;32;109
122;32;250;215
248;248;248;248
24;134;102;270
49;47;76;287
219;282;155;155
157;192;66;40
224;86;197;227
245;240;208;240
73;102;249;168
199;38;143;137
106;104;287;295
15;208;57;93
53;178;134;264
32;140;223;146
170;290;203;35
145;53;206;145
5;155;279;293
123;99;212;188
63;209;90;63
113;239;15;214
31;174;211;20
299;299;299;299
78;161;288;100
119;147;261;166
151;182;173;185
66;66;66;66
279;268;90;137
58;19;45;253
295;210;92;251
137;111;39;257
63;144;269;72
136;159;219;56
5;137;52;120
268;226;117;227
22;144;159;69
188;188;188;188
216;216;216;216
151;56;223;56
270;233;128;245
72;273;287;266
44;68;295;85
67;10;293;244
274;234;135;149
207;196;23;43
63;132;252;195
51;7;118;98
66;249;24;237
150;150;150;150
131;257;124;194
24;148;243;168
292;92;121;247
268;13;180;60
20;20;20;20
65;170;269;269
55;261;287;72
199;79;19;76
68;114;12;147
113;203;160;148
220;220;220;220
16;16;16;16
137;180;231;180
15;90;65;79
176;249;196;238
263;263;263;263
6;6;74;31
175;156;197;151
160;160;160;160
202;219;229;234
83;83;83;83
266;205;226;68
6;229;151;229
204;128;117;111
169;169;169;169
232;273;136;220
212;285;75;198
49;96;76;158
55;62;113;102
242;242;242;242
124;124;84;100
224;161;295;234
212;143;29;146
162;162;162;162
101;285;155;87
147;147;147;147
292;25;218;25
218;218;58;293
110;199;230;162
71;216;187;188
203;75;75;198
120;120;120;120
152;245;98;87
69;263;140;89
283;38;50;222
188;188;188;188
298;288;89;298
144;144;144;144
100;100;100;100
198;198;198;198
250;214;136;214
86;156;86;212
257;33;288;68
213;299;135;84
78;187;207;78
104;230;158;186
176;199;147;169
159;94;94;225
249;130;283;167
186;186;186;186
276;276;181;288
111;251;15;146
146;78;98;194
31;237;208;222
278;97;85;121
277;277;277;277
108;68;15;91
102;195;216;49
203;203;203;203
136;136;136;136
265;74;56;178
175;294;292;217
16;95;54;210
173;104;122;253
31;143;107;240
136;229;259;131
5;254;53;206
274;13;158;291
72;72;72;72
239;82;295;116
90;142;24;127
43;224;113;113
91;91;91;91
94;227;123;32
284;254;263;166
40;184;272;192
116;265;213;124
259;289;77;287
287;74;124;187
296;296;296;296
153;213;48;28
62;188;249;264
251;259;70;127
85;260;299;79
191;226;269;180
117;281;281;180
224;154;169;169
143;115;111;53
28;154;59;154
162;43;265;144
282;227;117;100
9;118;229;9
169;169;169;169
100;100;150;207
249;35;231;182
159;187;103;206
29;264;253;300
119;64;203;235
9;9;9;9
140;28;203;199
130;130;130;130
66;222;190;289
232;203;188;203
17;53;9;155
89;41;104;244
98;98;98;98
87;255;128;54
265;124;245;206
163;292;163;54
110;256;224;226
179;179;179;179
223;14;293;11
114;8;113;15
285;285;285;285
130;130;130;130
90;251;82;258
110;182;282;57
222;9;9;60
153;248;248;23
228;228;228;228
242;216;90;163
218;66;106;167
150;150;150;150
168;279;296;68
155;273;116;207
192;175;144;210
269;39;100;213
136;41;156;153
26;197;13;78
236;153;82;195
60;195;110;60
300;132;141;51
219;28;220;285
174;142;96;174
230;273;230;298
280;280;280;280
62;129;89;64
96;80;155;152
94;80;233;221
98;168;21;134
239;279;245;202
165;6;280;152
84;263;268;247
153;5;144;62
60;277;148;292
221;221;12;175
47;15;158;209
193;79;39;48
25;257;118;161
272;120;67;135
80;80;80;80
223;234;28;39
55;186;223;201
202;202;202;202
253;138;111;29
204;204;204;204
204;204;204;204
57;57;57;57
23;206;254;113
159;16;116;116
32;32;247;104
87;109;120;65
281;139;202;80
10;111;261;111
277;98;172;178
146;155;281;95
236;236;236;236
239;239;239;239
122;151;5;24
178;125;35;167
87;171;267;270
56;217;279;126
64;64;64;64
152;102;60;283
99;155;82;287
39;12;271;228
212;228;19;53
111;15;293;233
258;141;184;169
20;18;66;84
31;31;177;147
130;130;130;130
188;44;266;202
141;84;110;187
221;102;293;221
183;216;149;143
197;197;197;197
131;176;156;176
84;114;201;84
99;120;235;86
145;145;145;145
203;203;203;203
148;286;153;153
251;251;251;251
187;129;129;127
132;218;228;189
5;5;5;5
186;64;73;199
135;135;135;135
117;187;171;58
105;221;80;221
141;211;258;40
292;283;283;202
257;257;257;257
96;275;275;248
142;167;7;53
267;157;126;283
282;287;61;232
163;67;61;44
221;114;145;197
285;195;56;152
144;292;128;113
271;119;159;174
47;31;6;14
94;300;154;274
31;31;31;31
238;238;238;238
37;197;240;124
110;122;69;122
86;67;32;163
75;75;75;75
178;178;178;178
57;119;72;261
116;122;55;198
39;99;142;269
81;81;81;81
27;27;27;27
246;246;246;246
70;261;140;21
265;152;25;18
230;108;179;250
101;212;177;203
60;169;49;81
44;109;126;71
240;238;60;238
40;170;234;219
95;182;212;42
226;194;187;194
72;140;78;210
19;259;191;45
283;161;88;216
83;44;160;5
74;34;143;79
173;252;173;156
81;57;65;207
83;228;228;19
121;258;204;265
282;211;34;103
89;36;19;19
118;66;78;212
22;289;247;249
134;39;30;162
288;217;78;288
274;207;172;226
89;292;164;56
119;147;282;151
46;186;76;184
42;168;296;296
194;194;194;194
96;96;96;96
79;79;79;79
212;124;216;98
280;280;280;280
161;116;171;220
157;234;263;263
40;40;40;40
276;189;185;175
130;130;130;130
78;288;102;118
198;70;173;119
106;240;19;169
192;193;145;223
263;263;263;263
110;110;110;110
207;116;237;272
298;298;298;298
96;6;99;249
245;116;88;83
250;242;174;204
13;192;289;228
262;131;106;139
292;142;82;163
52;260;73;193
268;203;26;69
177;163;293;288
223;223;223;223
238;141;238;141
247;247;247;247
50;80;6;20
202;91;72;197
18;18;18;18
208;145;229;79
75;10;42;223
18;87;87;173
69;165;117;68
260;180;144;190
214;173;97;219
128;255;83;62
63;39;40;115
138;48;258;285
269;139;88;74
15;206;206;282
171;206;254;183
155;14;109;225
244;97;291;136
224;152;144;227
125;87;125;10
232;163;49;92
168;168;102;252
188;160;150;133
102;102;102;102
200;224;215;290
227;222;285;95
171;40;132;5
246;175;63;52
195;195;195;195
113;185;144;136
260;246;129;111
283;283;166;284
10;25;10;48
221;182;182;290
144;144;144;144
10;229;69;170
150;30;71;136
76;162;50;106
189;76;193;166
138;63;16;154
288;288;288;288
85;185;185;96
121;88;15;11
37;264;107;164
184;174;263;261
110;91;183;91
240;19;20;253
168;150;150;30
192;178;21;269
62;151;48;62
169;235;217;275
160;77;119;40
273;201;121;49
284;284;184;96
290;223;129;89
296;290;226;171
263;232;298;185
43;189;54;43
187;151;159;299
32;149;80;149
251;176;225;300
210;295;199;56
220;135;142;198
218;163;234;40
277;95;227;166
207;121;77;16
300;300;195;11
229;229;229;229
249;65;253;34
135;185;60;91
82;82;82;82
129;87;292;35
207;207;207;207
74;69;25;82
236;261;116;202
296;73;238;291
246;258;130;147
132;132;295;262
70;175;24;202
157;190;218;194
120;120;120;120
121;154;240;154
60;148;31;296
119;119;119;119
146;146;146;146
166;114;137;104
10;53;220;222
175;206;199;119
84;247;233;178
103;120;138;102
294;155;130;219
60;210;56;60
42;70;126;126
160;170;275;27
286;25;25;129
30;112;110;44
194;194;194;194
21;276;81;81
27;93;127;96
22;218;218;162
266;261;265;74
182;170;208;149
195;195;195;195
48;75;279;293
135;176;91;176
294;82;15;160
51;28;103;221
208;59;42;184
129;15;72;291
102;170;52;52
46;209;146;163
95;158;238;296
23;23;23;23
27;63;243;249
167;71;142;140
87;162;89;109
30;108;37;161
162;162;162;162
253;283;198;116
262;138;173;129
11;176;262;289
129;193;65;295
97;210;205;97
300;168;15;184
190;149;241;269
119;197;95;92
94;65;50;65
290;290;290;290
131;173;137;29
136;136;136;136
295;295;295;295
24;189;84;189
159;159;5;201
202;220;296;115
223;223;107;98
239;239;239;239
5;5;5;5
57;57;57;57
223;223;300;230
86;159;34;300
154;145;57;240
87;133;192;60
107;107;107;107
70;70;70;70
116;168;168;48
226;241;241;120
15;21;266;120
51;51;51;51
124;198;125;18
134;134;134;134
205;205;205;205
127;237;127;188
223;160;260;289
58;58;180;240
218;281;207;239
181;231;285;115
283;283;283;283
297;297;118;224
137;95;137;82
195;120;203;103
124;5;85;124
118;177;114;14
23;40;258;261
134;46;80;225
198;238;124;105
268;282;263;173
279;5;81;81
68;54;48;208
274;274;274;274
194;77;124;88
47;163;198;15
63;216;94;166
295;150;221;83
266;266;122;111
74;241;117;263
81;26;187;16
224;265;59;120
271;195;290;276
155;155;204;133
200;79;66;149
248;248;248;248
40;56;133;22
124;250;94;221
44;181;189;300
246;216;49;190
274;125;158;186
215;148;255;252
56;118;215;297
292;234;36;292
133;156;48;293
70;39;142;36
183;295;147;91
40;40;40;40
116;164;217;223
80;80;80;80
284;126;231;41
279;9;214;190
297;297;297;297
76;293;127;205
62;295;62;236
48;134;160;143
112;130;130;162
300;28;163;193
175;43;127;28
149;149;149;149
74;141;32;232
87;11;102;73
68;123;218;290
192;282;251;49
46;291;111;272
35;113;60;191
7;7;7;7
296;30;266;145
273;171;50;94
154;170;214;72
192;192;192;192
187;134;181;40
31;255;37;114
179;300;46;68
63;180;178;68
47;122;67;273
33;7;42;42
152;152;152;152
254;22;5;117
277;277;283;218
38;116;38;252
231;231;15;32
253;179;136;182
159;277;136;136
24;276;132;248
222;222;222;222
290;290;290;290
101;192;95;75
119;264;264;56
268;40;296;268
36;142;98;230
63;70;210;270
182;257;6;6
240;116;296;5
208;13;198;113
150;82;208;187
171;76;222;280
102;222;175;28
82;82;82;82
196;196;196;196
189;6;63;222
179;121;63;198
151;227;255;177
183;183;21;222
150;127;39;262
298;244;207;6
121;82;6;142
64;169;64;168
39;293;107;84
100;182;282;223
57;119;132;166
138;224;53;178
28;229;92;7
5;169;178;227
96;103;224;233
182;252;148;15
253;253;253;253
176;176;182;247
76;75;76;116
100;10;174;174
209;209;209;209
192;59;51;59
93;58;120;246
252;252;252;252
120;122;86;86
166;166;166;166
163;273;158;34
146;35;42;133
77;120;62;285
129;129;129;129
148;190;273;225
151;6;46;174
19;113;136;122
166;183;182;37
240;240;240;240
56;56;56;56
124;38;61;11
267;41;30;219
202;285;285;19
165;165;165;165
140;140;140;140
219;242;15;62
53;219;141;276
26;26;26;26
265;94;197;236
78;60;204;144
283;279;147;180
149;149;149;149
133;133;36;229
197;17;283;115
181;68;121;276
139;170;202;199
210;62;266;144
293;27;248;274
60;256;141;175
184;184;184;184
273;193;247;40
226;79;46;226
171;66;263;138
125;208;154;228
40;31;40;295
8;184;266;7
61;249;259;61
176;277;240;97
106;106;106;106
258;235;155;263
112;78;17;22
52;32;25;14
252;25;45;90
241;241;198;78
51;275;227;227
251;142;61;142
238;175;198;270
103;103;103;103
159;155;281;137
169;123;39;272
281;48;209;81
287;287;99;60
299;299;299;299
88;91;24;95
62;156;119;247
17;151;196;17
200;200;200;200
251;208;211;208
155;171;128;169
32;251;277;143
283;127;258;294
73;161;95;169
254;181;87;57
25;173;238;273
96;96;212;64
107;21;20;21
22;81;198;299
142;184;43;73
127;127;127;127
280;122;172;233
210;210;210;210
101;32;134;130
280;44;300;298
79;64;285;136
24;223;173;133
106;196;146;287
153;257;181;181
166;166;198;296
256;256;256;256
125;260;101;91
141;95;95;5
124;197;268;149
286;121;261;261
161;239;219;33
159;221;159;122
88;68;91;48
74;63;252;63
100;126;117;100
270;142;250;222
69;35;133;27
197;109;143;94
40;94;120;144
46;116;91;62
283;68;90;255
67;67;67;67
141;120;180;209
248;86;36;296
120;77;143;162
71;13;223;274
176;176;176;176
146;30;85;251
205;134;228;238
74;177;116;251
8;55;257;93
32;100;168;24
171;147;171;270
263;263;263;263
287;287;287;287
44;39;268;200
45;52;43;52
97;197;113;173
247;247;247;247
217;133;48;131
244;245;143;104
126;164;291;201
270;172;232;270
162;162;162;162
45;283;36;175
235;36;219;238
98;141;151;141
161;119;125;125
46;46;10;117
179;179;179;179
168;208;119;48
27;132;140;156
116;179;50;24
25;25;25;25
61;8;80;8
56;96;258;84
203;62;85;188
186;186;186;186
20;80;91;209
65;253;130;135
97;264;180;237
93;109;93;117
151;292;81;239
72;148;99;217
248;201;84;62
182;137;247;171
194;62;75;266
103;295;134;50
67;67;67;67
41;98;9;31
73;58;41;58
286;286;286;286
64;280;215;202
29;29;29;29
217;279;217;235
27;162;265;27
267;53;43;22
75;48;145;299
224;275;50;275
117;165;107;165
41;41;41;41
132;282;90;232
278;13;248;35
251;251;251;251
41;187;75;41
295;65;198;230
160;141;171;141
134;222;242;294
147;16;195;85
165;34;42;245
36;121;138;248
131;155;225;173
236;257;189;256
64;64;64;64
184;92;80;90
125;97;281;97
176;176;176;176
23;13;147;184
224;298;218;151
202;202;202;202
75;298;178;31
177;177;177;177
287;287;287;287
83;27;217;294
16;99;106;281
298;111;142;291
63;30;195;200
195;141;63;260
206;59;276;271
248;56;219;279
279;279;279;279
173;173;173;173
268;268;268;268
203;189;227;257
289;197;153;135
287;292;268;224
298;231;231;195
254;28;165;5
163;81;97;77
77;129;234;112
260;260;260;260
231;206;163;273
242;6;155;101
96;21;109;277
40;67;101;21
165;161;166;98
201;201;201;201
91;91;91;91
227;227;227;227
14;20;260;136
88;130;184;232
147;153;185;185
27;27;27;27
91;91;91;91
165;165;165;165
5;299;248;286
235;146;90;224
117;147;114;277
86;276;292;292
281;100;123;299
269;263;32;155
70;156;74;252
217;202;163;52
63;226;150;92
175;155;37;175
269;65;170;170
149;24;92;293
119;119;119;119
41;41;59;41
126;126;126;126
78;247;9;150
161;219;161;154
219;67;108;96
176;290;290;285
9;275;153;18
87;168;84;245
175;211;27;175
115;188;248;268
47;77;188;34
10;243;116;182
268;71;77;171
98;96;57;263
43;145;167;87
205;205;205;205
146;146;146;146
116;296;154;245
206;141;63;55
132;17;271;201
287;287;197;147
8;215;200;284
21;25;258;21
74;79;155;74
63;276;98;67
159;266;68;246
69;258;208;142
124;124;124;124
241;40;258;39
270;141;175;275
35;228;126;263
112;243;73;73
170;8;8;129
22;275;160;235
37;181;209;239
42;126;206;269
269;269;269;269
183;183;183;183
228;254;300;257
189;152;225;23
265;265;265;265
59;198;278;277
196;93;157;271
290;250;286;171
283;283;283;283
102;97;113;200
168;125;218;221
246;246;246;246
298;169;136;60
20;45;123;174
221;221;221;221
132;132;132;132
251;279;279;60
98;98;98;98
94;283;94;62
132;175;35;125
80;254;176;49
258;74;155;17
190;50;17;190
95;156;215;215
250;94;144;258
189;29;205;63
270;270;270;270
58;229;229;81
51;79;172;111
28;28;28;28
189;151;37;201
86;233;205;274
225;162;179;17
120;120;120;120
37;37;37;37
292;208;193;187
121;77;105;121
205;205;205;205
106;287;115;289
241;176;164;62
255;72;202;68
264;28;280;220
94;94;94;94
56;56;56;56
251;24;130;18
54;108;109;153
64;209;239;256
210;9;24;279
167;167;136;272
79;70;153;234
20;299;187;242
240;191;11;198
234;29;27;97
300;299;79;167
141;141;141;141
87;24;15;85
103;220;220;228
275;275;74;78
116;116;113;148
164;295;110;146
233;204;139;289
146;146;146;146
163;52;288;272
181;10;258;53
282;291;12;232
230;230;230;230
266;214;53;222
273;231;102;63
202;216;31;262
210;74;223;268
207;245;198;70
65;164;162;296
26;189;143;63
297;206;297;213
181;74;248;80
69;10;17;192
280;280;280;280
47;179;253;88
59;176;55;277
38;70;123;38
69;69;69;69
166;166;166;166
211;68;185;211
57;200;188;163
287;79;72;192
90;141;111;150
214;297;231;102
201;201;201;201
252;268;252;180
285;289;130;189
214;102;291;127
64;64;64;64
30;30;30;30
104;104;104;104
293;59;274;272
16;141;262;50
286;286;281;221
12;175;12;152
212;212;212;212
136;75;287;136
196;96;224;196
180;180;180;180
177;96;96;277
235;33;279;244
275;275;275;275
22;216;47;272
159;34;259;151
296;294;294;289
114;114;114;114
215;215;215;215
218;218;70;38
152;107;256;235
297;297;297;297
77;94;41;183
201;6;295;282
88;80;58;70
147;256;14;20
245;216;127;264
255;55;121;27
269;146;225;241
52;246;52;94
229;19;285;91
20;20;20;20
217;66;9;273
259;66;162;78
253;274;228;264
6;129;248;97
215;40;161;246
200;259;68;31
229;95;254;163
168;173;267;173
195;195;195;195
292;243;249;126
31;255;221;198
38;295;76;172
181;101;130;68
292;73;63;172
22;206;162;102
169;169;169;169
192;241;114;267
74;121;106;248
202;29;149;17
251;251;251;251
114;135;22;259
160;160;27;124
181;149;181;249
246;190;165;224
140;249;129;23
283;283;111;290
65;156;217;129
206;271;99;100
28;268;33;127
103;180;101;241
192;179;22;97
265;265;265;265
222;100;151;117
178;178;178;178
30;30;30;30
129;214;279;15
282;274;282;220
206;71;249;178
278;65;186;186
256;188;193;193
11;11;11;11
66;144;220;279
262;266;193;185
204;16;204;201
270;271;271;65
194;194;194;194
155;287;35;25
144;140;204;204
300;300;300;300
92;256;215;272
165;90;214;24
128;128;128;128
233;24;229;222
219;125;296;55
30;282;124;202
11;20;201;201
131;210;210;88
15;156;156;242
78;78;78;78
159;152;197;12
71;103;71;189
263;112;291;119
92;59;59;159
185;186;93;224
55;146;146;167
104;74;74;259
139;139;92;296
100;172;125;85
229;99;277;79
209;149;113;230
286;84;102;278
300;71;71;268
269;105;219;252
85;166;35;35
264;189;62;286
170;85;276;153
31;139;122;291
192;229;192;98
5;240;231;114
214;107;49;107
223;92;211;198
22;83;97;154
34;34;106;204
102;207;207;150
193;77;226;226
176;246;208;46
272;290;262;93
227;158;109;260
36;247;211;78
265;130;122;265
249;108;209;115
57;130;61;288
123;123;123;123
54;45;251;101
107;163;162;219
115;245;83;95
79;79;79;79
145;145;145;145
49;36;154;31
96;96;96;96
193;154;140;84
202;23;82;296
121;233;80;75
46;46;46;46
143;288;84;219
224;198;288;288
76;209;300;236
27;27;27;27
197;196;8;200
155;155;155;155
205;55;282;32
205;82;238;18
117;180;192;201
207;111;293;98
63;82;5;247
34;155;287;238
194;194;194;194
180;157;254;243
156;108;64;74
231;146;172;23
21;93;291;58
54;54;54;54
286;239;292;297
273;93;49;212
83;125;125;195
182;50;104;194
198;299;213;176
20;251;108;108
165;187;294;165
239;241;209;81
106;106;106;106
289;76;289;83
186;190;123;30
25;219;276;258
89;220;55;55
84;12;285;8
122;90;81;122
282;294;172;172
93;137;28;294
288;266;167;232
243;243;243;243
259;79;300;133
293;25;23;157
152;237;45;46
46;253;253;280
297;297;297;297
242;155;34;242
159;88;55;88
122;122;122;122
159;287;166;65
286;286;286;286
56;245;95;82
63;63;63;63
71;196;250;292
223;223;223;223
66;66;66;66
247;62;294;250
44;44;44;44
200;9;202;210
91;66;91;138
200;185;89;73
244;284;156;220
156;43;229;225
165;165;165;165
207;207;207;207
238;71;36;11
36;241;77;62
215;255;48;233
95;171;291;144
11;271;14;268
219;155;187;130
22;235;268;22
187;47;47;194
89;89;89;89
125;277;255;299
234;261;211;234
289;289;289;289
65;211;17;148
146;132;216;247
9;9;9;9
298;211;216;7
108;108;8;56
174;174;174;174
51;233;189;147
187;187;187;187
174;88;294;88
68;127;62;127
226;111;226;260
218;202;249;218
287;287;245;240
280;107;107;107
20;39;120;105
279;223;142;80
284;172;61;17
216;108;39;9
235;242;31;199
192;237;92;92
202;202;19;232
263;162;24;162
197;22;246;22
72;41;251;28
284;284;162;131
187;151;274;191
185;158;286;286
191;281;219;165
296;270;6;296
40;245;40;224
185;229;261;229
81;81;81;81
271;271;297;80
17;145;12;101
210;210;210;210
60;277;148;264
19;144;149;274
17;17;17;17
188;132;12;128
235;235;235;235
292;188;21;163
191;252;232;244
59;59;59;59
226;88;291;259
53;53;53;53
283;283;283;283
227;203;27;269
223;290;11;276
49;49;49;49
96;34;250;55
238;238;238;238
152;158;230;113
241;7;275;33
268;103;152;12
84;20;300;117
176;210;45;292
205;163;166;166
160;160;160;160
120;120;120;120
175;296;159;156
203;203;203;203
110;42;280;193
59;66;280;59
221;193;82;270
141;235;89;125
230;150;56;291
101;101;101;101
221;104;164;234
172;179;127;63
102;36;267;21
151;292;54;51
103;49;223;169
153;47;285;62
219;292;292;272
130;259;5;21
267;113;68;6
118;130;255;255
23;104;238;104
238;44;23;180
274;203;216;154
235;282;194;235
251;281;195;251
221;226;35;35
163;88;204;249
160;217;249;238
136;136;136;136
133;243;253;64
76;141;112;17
119;241;26;172
120;209;137;137
235;203;290;139
281;281;239;19
110;213;219;252
293;293;293;293
232;232;232;232
271;178;181;166
112;112;112;112
213;197;67;245
261;194;194;298
36;137;197;291
129;129;129;129
160;16;22;173
132;292;272;215
215;63;97;64
93;163;291;93
38;288;288;118
198;48;48;262
118;82;100;100
90;254;126;254
70;294;235;235
142;127;101;84
67;117;153;132
54;228;156;184
201;201;201;201
249;200;72;222
154;54;150;53
189;189;21;241
50;291;102;172
83;132;214;292
151;81;279;17
119;140;11;34
104;242;282;239
90;90;90;90
106;240;21;65
242;50;228;242
241;268;139;179
111;288;185;276
136;124;136;132
60;69;59;19
284;272;234;290
41;160;254;235
274;274;274;274
271;232;191;212
116;116;116;116
172;64;77;6
76;60;118;76
116;116;116;116
14;192;192;291
241;300;110;121
182;240;125;108
179;17;162;179
290;128;290;108
5;200;77;214
30;120;100;288
206;206;206;206
98;37;262;7
159;100;131;133
53;233;235;165
262;276;156;239
72;287;285;177
29;219;141;79
147;147;147;147
147;205;107;221
230;224;270;38
55;55;55;55
143;116;257;76
263;199;93;93
253;117;122;236
44;95;199;88
11;11;233;210
219;64;219;65
69;84;80;295
300;221;186;206
232;229;283;43
220;103;30;139
144;105;230;105
153;147;226;147
104;66;104;248
153;153;153;153
269;125;102;137
64;86;46;72
265;265;265;265
149;289;96;148
177;290;50;50
241;204;288;221
82;70;298;232
287;183;173;192
169;150;150;75
129;179;36;36
207;190;106;297
203;166;216;246
15;233;47;285
53;53;53;53
219;244;264;219
132;117;231;287
71;147;48;130
9;79;137;28
114;114;114;114
152;10;241;118
123;123;123;123
86;56;149;174
105;213;258;285
247;247;276;225
147;270;148;91
22;101;13;123
228;228;228;228
104;11;86;43
225;193;169;245
142;20;35;140
89;89;89;89
58;293;293;231
136;204;192;73
82;82;82;82
163;163;163;163
166;240;19;180
241;108;206;206
91;217;45;150
190;190;190;190
61;189;218;207
92;103;237;237
116;139;281;278
203;29;115;124
244;271;279;55
288;288;288;288
296;259;281;249
10;98;17;140
142;73;26;73
216;215;248;271
81;151;113;205
222;18;100;143
196;196;71;208
226;226;226;226
71;127;27;117
82;82;82;82
79;22;220;194
276;233;299;82
222;64;99;219
251;251;251;251
226;270;76;275
222;85;222;185
281;12;253;35
156;281;21;81
189;290;62;45
69;144;206;33
187;253;299;73
5;5;5;5
117;153;221;117
217;217;217;217
147;147;147;147
32;32;32;32
208;295;73;146
16;137;85;120
210;218;235;287
255;97;199;144
123;293;119;278
125;176;176;95
205;107;277;194
73;235;238;253
199;239;259;162
230;30;93;289
209;272;203;6
20;296;262;148
107;220;214;105
222;62;218;14
214;192;182;295
159;197;25;115
76;76;76;76
288;30;148;176
173;173;173;173
259;235;219;40
48;265;142;45
78;78;78;78
222;222;222;222
272;62;97;97
85;72;211;72
253;253;253;253
168;168;188;129
27;106;264;11
122;115;37;207
184;68;218;189
162;20;68;162
27;74;50;191
244;59;9;194
146;146;146;146
179;179;179;179
231;124;180;231
61;61;61;61
114;235;267;260
296;296;296;296
256;154;271;296
203;204;229;124
26;291;123;262
84;46;46;187
173;173;173;173
110;219;26;40
118;138;85;295
102;87;261;282
190;243;229;284
6;283;142;54
41;104;41;97
89;264;89;58
259;45;259;266
135;25;275;41
11;11;11;11
142;82;262;236
64;255;118;126
238;71;71;256
29;227;127;127
207;297;246;278
178;122;244;244
44;86;94;135
56;125;28;234
137;137;137;137
49;40;157;15
69;123;103;46
78;191;269;232
95;95;95;95
123;270;270;161
220;220;220;220
104;43;279;279
265;206;206;144
102;140;136;136
20;276;251;268
118;210;41;203
149;195;187;23
86;63;298;142
100;100;91;173
137;191;256;230
89;112;28;92
79;79;79;79
198;297;299;201
80;66;90;274
45;123;141;103
64;64;295;233
21;41;182;55
127;116;120;99
198;5;217;62
135;135;135;135
267;285;227;246
256;279;271;271
279;85;180;51
157;11;130;130
172;247;161;140
109;109;109;109
203;203;203;203
220;220;220;220
45;45;45;45
282;7;240;22
103;9;296;136
170;247;191;97
256;166;76;5
163;262;180;169
272;59;251;100
167;167;167;167
115;115;115;115
184;272;248;272
73;73;73;73
297;96;71;112
208;32;32;238
147;138;150;130
18;24;153;147
107;83;279;190
94;105;160;153
228;120;120;207
103;103;103;103
268;238;83;274
252;252;252;252
267;242;150;295
285;255;153;200
104;291;203;84
272;270;21;219
161;296;295;18
202;202;202;202
86;93;164;190
73;63;39;84
108;108;108;108
273;178;31;28
234;234;234;234
81;48;199;195
214;109;74;278
211;73;76;295
245;245;245;245
251;90;210;212
11;20;37;192
214;46;238;220
139;139;139;139
219;219;219;219
91;102;56;161
218;218;206;163
98;76;274;125
124;46;58;134
255;58;255;294
299;271;299;90
225;225;225;225
174;42;13;243
251;287;66;251
273;251;122;273
132;124;226;292
244;244;244;244
49;94;195;121
255;98;252;172
94;161;171;14
117;27;74;68
14;46;151;268
229;220;166;268
208;208;208;208
193;278;121;80
125;261;208;161
77;87;234;163
231;231;231;231
190;139;97;125
157;253;179;88
90;90;90;90
45;130;82;47
158;193;26;90
246;246;224;153
88;88;88;88
140;140;140;140
266;198;164;18
174;183;88;213
106;108;54;277
176;105;209;198
279;259;6;29
24;97;72;60
233;220;216;220
41;41;277;231
218;249;218;289
176;74;177;289
141;141;141;141
80;71;190;77
163;232;86;86
104;31;262;148
11;11;11;11
277;25;179;6
186;163;295;133
59;80;59;282
71;101;71;83
251;25;214;189
233;233;233;233
156;206;255;124
165;286;277;53
224;212;233;296
30;196;126;145
152;6;213;78
184;139;139;200
8;8;8;8
146;222;253;287
204;292;93;56
64;64;64;64
250;183;133;156
91;91;91;91
97;275;250;246
172;172;172;172
156;171;205;213
113;113;113;113
224;285;198;224
274;41;263;146
97;97;97;97
207;207;207;207
266;266;266;266
55;17;53;177
195;134;211;195
282;282;282;282
142;258;202;76
180;279;279;250
250;73;15;173
254;254;254;254
6;6;6;6
118;118;118;118
164;140;240;140
110;50;46;250
190;190;190;190
299;259;51;199
61;213;75;213
229;229;65;45
120;28;296;21
73;13;22;110
192;15;35;238
28;70;69;5
255;255;255;255
42;217;126;35
81;81;172;131
69;212;43;111
122;67;264;78
292;109;117;173
107;262;263;11
119;298;157;119
42;46;172;38
187;187;187;187
242;18;27;194
149;149;56;297
52;10;82;244
143;236;45;130
22;22;299;45
188;89;81;47
65;65;65;65
64;209;136;146
286;286;84;66
115;296;287;287
37;61;30;176
217;155;180;246
68;276;195;288
120;120;120;120
213;213;213;213
284;183;15;115
163;170;254;40
195;195;195;195
58;207;127;36
56;222;275;56
127;96;274;18
14;69;69;18
169;28;28;163
41;241;214;51
29;278;162;224
52;101;60;233
21;154;206;206
183;183;183;183
231;54;16;95
185;102;165;76
159;235;27;27
289;104;300;172
298;298;298;298
197;197;160;299
65;189;285;171
218;52;293;184
172;172;247;64
164;68;260;28
212;212;212;212
158;254;119;129
253;13;169;52
159;96;191;257
279;84;84;249
54;160;278;296
94;94;94;94
261;229;237;276
58;53;113;212
173;173;165;235
245;121;155;192
185;182;278;147
146;96;79;228
181;223;157;108
60;27;135;37
177;64;262;189
157;239;207;36
34;83;83;81
200;174;176;16
195;178;178;11
44;66;262;208
263;263;263;263
245;89;9;279
157;272;272;83
243;259;82;259
34;262;232;22
20;16;268;268
281;275;117;191
84;189;177;177
243;65;130;205
7;98;295;215
170;251;21;251
139;175;194;47
228;145;27;228
215;215;215;215
148;122;94;94
205;212;144;34
180;205;257;150
27;230;193;176
31;110;119;171
296;295;173;67
103;134;147;197
127;259;168;115
204;273;68;5
93;6;266;93
239;290;176;290
279;240;240;193
221;35;35;21
235;81;10;227
138;138;138;138
228;228;228;228
108;49;287;128
298;298;271;109
268;224;277;234
78;57;49;212
14;14;14;14
44;297;268;85
268;126;6;119
244;11;275;23
158;227;17;107
73;73;73;73
278;81;173;7
158;158;158;158
146;146;146;146
78;161;99;170
122;188;84;196
217;187;217;108
114;58;35;193
14;161;269;161
139;289;195;255
207;59;291;247
10;165;165;117
124;132;205;37
115;174;281;64
175;207;106;120
275;131;64;60
293;60;139;240
40;160;266;238
94;145;72;246
271;128;149;190
217;243;41;243
120;177;282;66
64;206;174;69
69;159;88;104
10;51;129;54
111;68;59;54
153;153;123;204
152;126;97;8
259;42;155;97
43;233;43;29
26;37;26;286
19;19;19;19
26;26;26;26
23;196;54;93
17;151;137;104
182;294;43;170
200;17;210;79
69;48;50;28
276;35;50;209
296;38;41;38
25;84;76;27
183;43;80;46
153;295;40;102
237;237;237;237
13;247;267;15
267;267;267;267
276;161;163;248
80;122;7;300
59;40;177;98
141;65;47;141
190;254;190;241
277;180;281;133
129;129;129;129
148;43;271;140
187;60;183;134
77;146;199;146
172;10;10;82
111;281;38;52
16;195;32;279
180;126;296;183
179;266;206;229
131;131;131;131
92;280;239;83
233;56;281;282
110;43;56;182
234;181;298;120
229;126;274;254
28;210;28;260
121;121;121;121
194;202;65;274
153;153;153;153
207;99;77;184
171;171;59;55
171;273;48;273
288;11;79;55
7;230;49;110
257;257;257;257
103;127;44;10
14;256;104;67
116;236;86;99
77;192;285;6
46;295;70;118
169;136;184;60
52;263;121;52
87;87;87;87
50;50;64;237
153;64;219;98
243;231;155;73
103;61;105;53
151;47;266;73
192;236;264;138
236;293;293;99
152;278;240;68
233;116;71;145
110;110;110;110
20;293;48;293
45;203;165;235
122;122;122;122
39;39;39;39
132;290;174;132
91;209;27;53
97;66;84;97
295;79;71;79
122;234;29;228
100;100;100;100
297;95;273;128
196;275;28;256
15;15;15;15
249;246;174;246
13;276;13;160
90;90;90;90
10;10;10;10
62;10;237;213
285;77;271;113
286;108;187;108
110;110;110;110
65;231;167;65
102;168;60;151
287;222;101;44
177;246;257;293
297;34;185;114
121;184;120;267
166;169;159;27
172;172;130;133
133;286;284;156
232;17;78;6
151;151;151;151
252;252;252;252
80;95;12;94
223;93;166;161
242;242;242;242
155;155;155;155
269;269;269;269
112;122;282;282
206;142;137;67
255;220;173;93
242;34;164;136
231;84;137;187
80;104;58;288
157;69;277;273
266;172;26;206
255;253;242;78
242;242;242;242
227;71;263;236
98;98;114;34
36;36;36;36
11;11;112;142
22;279;46;96
48;238;172;113
170;273;171;28
152;269;232;19
222;9;251;235
125;125;125;125
121;231;208;203
186;186;186;186
266;225;39;186
223;195;161;43
265;99;270;194
106;106;106;106
244;244;244;244
73;196;104;295
250;50;189;189
138;112;49;135
82;7;236;209
247;100;247;283
190;190;190;190
289;48;226;196
50;234;283;223
245;245;245;245
221;10;160;42
290;18;96;165
173;173;173;173
107;257;248;9
241;73;261;278
286;41;99;97
173;20;207;91
56;280;97;97
79;78;217;251
101;109;181;251
81;157;45;102
295;295;295;295
108;65;295;65
199;199;199;199
97;124;143;253
169;169;169;169
183;29;183;7
170;250;271;253
130;44;42;97
153;169;298;244
44;130;73;74
282;73;83;160
259;138;114;119
256;256;14;254
76;50;51;21
136;131;263;180
104;109;20;16
298;298;235;195
287;283;283;249
269;110;174;149
97;246;59;45
130;130;130;130
276;173;228;113
50;280;288;171
115;5;153;232
130;284;284;172
148;36;36;99
275;256;275;48
53;61;53;257
19;266;24;24
27;93;167;56
87;162;97;51
272;201;144;114
132;162;180;292
216;230;203;284
41;41;41;41
249;249;249;249
276;104;221;255
119;119;119;119
145;196;63;295
254;213;230;106
206;87;182;139
155;89;290;244
292;284;284;89
135;135;135;135
31;124;9;158
211;211;266;161
226;188;161;254
124;124;101;210
88;273;268;187
47;258;120;148
224;256;279;72
94;94;94;94
238;265;114;265
252;289;73;212
247;247;247;247
211;81;205;40
142;165;15;238
171;232;247;8
42;291;265;299
147;232;13;85
86;132;102;16
199;96;96;288
219;133;79;76
284;136;141;220
116;52;200;100
54;11;196;232
40;278;165;162
110;110;110;110
81;216;91;81
210;297;248;178
115;223;223;19
118;164;180;118
285;106;60;106
147;147;147;147
157;157;157;157
187;187;187;187
36;36;36;36
66;109;78;78
79;119;9;146
148;148;148;148
125;125;125;125
54;226;221;238
192;192;192;192
298;197;248;39
61;74;290;173
113;279;138;164
187;187;287;47
103;274;39;103
69;156;291;58
244;267;14;244
7;271;112;224
45;251;222;134
157;115;217;300
167;67;111;204
60;179;231;139
122;122;122;122
10;234;14;65
6;250;227;29
184;253;253;296
274;131;274;31
210;36;41;88
164;264;18;125
179;223;260;25
179;179;179;179
237;221;182;182
287;210;223;287
54;54;54;54
22;10;184;299
33;140;58;69
5;90;240;57
221;221;221;221
21;275;215;21
51;216;258;33
69;211;205;186
102;45;45;137
219;88;12;12
280;133;248;245
79;69;150;158
196;76;188;233
34;117;287;212
230;230;230;230
263;202;112;221
256;237;69;29
39;39;39;39
208;140;87;194
72;72;259;44
150;123;112;173
251;93;106;251
96;179;296;296
284;284;284;284
272;124;297;111
9;164;232;260
66;165;66;30
41;41;41;41
269;145;229;74
148;294;23;58
151;23;123;140
104;232;113;247
93;276;100;100
291;185;11;95
59;187;172;204
20;119;282;85
121;129;141;103
208;175;167;288
135;215;202;246
269;96;186;96
249;249;249;249
191;191;191;191
79;153;216;99
288;190;114;161
183;194;183;24
180;145;113;145
70;139;299;69
128;164;234;234
111;111;111;111
205;38;279;121
53;243;249;175
214;214;214;214
266;129;33;171
229;78;243;19
191;35;23;145
188;41;54;192
214;64;85;101
77;299;68;179
247;275;223;223
283;105;87;220
294;188;288;259
191;191;191;191
292;136;285;167
19;19;19;19
186;186;186;186
130;130;130;130
201;201;201;201
194;287;43;281
284;121;6;27
125;152;97;126
219;220;292;11
272;272;272;272
153;273;204;234
52;94;93;160
142;79;186;36
130;130;130;130
296;281;177;69
297;279;297;26
283;283;283;283
39;39;39;39
136;166;225;239
264;140;264;35
188;288;262;139
110;256;18;297
9;157;47;199
44;217;131;76
145;72;124;72
119;25;119;218
134;111;273;299
298;268;128;154
118;23;11;225
202;202;202;202
74;74;74;74
237;237;237;237
99;99;255;241
37;37;37;37
59;59;59;59
24;214;156;24
49;290;184;245
16;121;199;246
199;65;65;279
39;77;214;282
241;80;96;131
128;128;128;128
287;11;259;89
199;54;199;273
235;235;235;235
15;293;176;158
252;205;223;205
194;282;23;284
82;82;82;82
84;84;84;84
176;103;289;260
209;246;172;234
294;294;294;294
278;268;291;48
80;8;185;43
135;125;103;261
246;246;246;246
281;300;40;185
50;50;50;50
104;235;44;19
52;229;141;201
55;55;55;55
131;167;293;167
225;137;137;67
18;20;144;18
131;41;285;12
188;262;278;68
245;245;245;245
74;287;6;6
24;109;24;252
232;185;276;42
202;59;210;269
72;56;103;40
269;126;31;48
19;85;291;173
272;15;15;167
298;190;191;85
264;209;226;106
141;141;141;141
133;133;133;133
134;129;55;250
287;140;140;123
190;262;130;205
25;117;299;31
46;107;209;87
249;214;249;228
216;143;216;76
237;226;83;191
95;170;95;169
255;85;241;95
85;294;260;86
7;149;24;161
174;160;247;33
86;278;158;14
257;243;189;264
196;36;300;300
84;84;84;84
85;40;53;201
178;98;89;60
224;176;224;291
46;290;124;290
240;156;62;240
12;82;251;41
161;88;162;253
160;293;249;227
129;73;46;10
121;46;99;293
219;213;145;219
104;228;232;80
289;289;289;289
74;183;142;12
279;84;132;286
223;119;178;170
51;76;184;163
198;198;198;198
260;125;20;251
96;137;174;174
171;79;205;205
163;210;289;172
97;30;213;176
286;44;264;85
162;162;162;162
291;200;219;219
46;46;46;46
207;133;127;5
157;157;225;268
154;103;283;114
56;175;230;149
266;266;266;266
221;174;221;146
75;208;68;37
107;292;99;53
79;79;79;79
129;177;24;16
231;231;231;231
60;256;208;238
104;170;220;223
229;273;154;34
72;60;129;268
127;127;127;127
237;36;89;67
110;25;239;225
23;40;45;178
160;223;223;124
23;116;214;119
106;268;63;67
261;261;261;261
14;98;219;136
155;123;234;155
23;97;163;97
180;162;211;165
212;219;108;103
165;115;69;282
235;42;168;34
223;239;280;58
128;42;149;88
121;121;233;214
127;270;296;270
166;49;249;100
133;193;214;27
140;105;237;7
273;149;80;282
294;128;294;268
30;295;152;197
286;50;216;289
152;164;51;267
257;257;257;257
6;118;105;142
26;279;281;97
225;225;225;225
94;176;174;70
176;259;187;220
8;8;8;8
225;225;225;225
177;125;79;79
107;222;111;105
165;41;264;105
260;281;60;11
78;78;81;36
188;155;12;184
75;150;7;223
123;262;61;235
300;112;114;88
24;24;24;24
123;120;60;120
274;160;61;160
89;89;89;89
74;74;74;74
14;248;24;204
14;238;13;207
295;109;154;133
277;277;166;135
149;220;206;80
247;247;245;276
202;214;238;165
280;294;273;273
26;26;224;223
111;111;111;111
182;232;289;233
272;15;162;177
47;110;242;242
201;282;22;271
144;139;114;85
11;19;250;277
180;95;270;159
292;292;292;292
83;133;183;189
230;285;72;295
153;228;282;200
128;128;128;128
293;293;293;293
131;50;110;131
226;169;137;226
276;51;12;292
152;200;179;152
17;198;189;140
9;27;196;175
154;244;109;109
81;41;81;243
228;235;150;150
229;131;92;58
250;100;254;14
233;87;181;13
10;20;10;14
112;112;112;112
279;170;33;179
228;86;41;71
300;298;72;111
238;231;124;144
186;186;186;186
153;69;114;86
291;102;207;297
216;216;216;216
208;208;225;274
160;129;160;275
251;251;251;251
144;113;113;104
278;19;278;288
192;192;192;192
193;102;102;284
71;67;49;204
193;193;180;26
146;112;137;235
9;255;65;9
204;204;51;89
134;68;164;228
100;117;112;295
61;61;61;61
61;239;184;58
103;147;109;135
130;13;288;101
261;67;45;131
151;213;247;105
210;210;210;210
240;106;137;113
75;17;95;279
270;270;270;270
8;97;14;58
44;44;44;44
170;232;117;209
230;33;131;245
158;158;158;158
176;176;176;176
180;245;21;47
145;100;69;236
148;148;131;260
67;88;259;107
292;292;292;292
110;246;36;133
259;74;259;55
138;145;255;238
300;6;283;86
47;218;300;9
214;274;52;214
164;149;294;294
83;115;6;232
44;44;44;44
80;147;293;14
16;86;100;236
55;194;41;238
174;174;174;174
216;216;216;216
42;299;135;292
257;92;84;157
110;186;22;22
156;192;275;214
77;16;256;283
107;191;172;191
126;90;280;280
69;291;173;192
23;74;64;178
265;6;196;36
51;217;232;121
300;300;300;300
283;153;50;24
56;20;188;180
140;115;91;93
18;186;115;236
210;210;210;210
181;181;181;181
33;33;33;33
197;197;197;197
111;287;209;177
30;29;77;47
218;218;218;218
206;211;58;184
113;49;122;209
102;232;139;198
28;7;7;280
226;206;226;58
214;133;119;61
233;31;256;59
12;78;179;236
188;47;179;188
193;284;130;132
268;276;118;222
186;114;44;95
264;138;132;17
42;230;31;182
141;40;188;85
208;171;139;78
202;257;209;179
263;184;259;239
87;231;167;288
176;159;225;18
131;131;131;131
78;113;130;293
27;97;56;262
205;266;34;221
193;73;167;100
158;243;15;158
265;265;265;265
185;33;242;5
90;90;90;90
255;255;255;255
147;147;147;147
138;244;299;133
122;122;122;122
18;293;78;116
171;238;107;248
216;264;257;159
275;109;109;110
183;255;218;103
108;108;200;13
202;62;272;160
245;200;287;251
97;269;236;140
92;255;180;107
190;170;299;170
200;200;35;10
226;243;10;73
179;179;179;179
27;71;68;27
87;87;87;87
63;184;214;49
192;59;70;284
53;93;247;37
258;258;258;258
59;119;59;42
21;196;80;21
272;220;94;270
17;280;272;136
245;37;253;101
216;74;282;74
105;187;128;128
182;78;147;168
254;62;261;282
32;32;32;32
83;232;232;160
30;30;30;30
190;190;15;283
250;243;243;195
49;40;93;169
143;157;194;157
231;43;172;97
172;212;211;172
42;185;91;22
290;25;112;145
162;162;162;162
203;262;80;249
132;132;132;132
141;65;275;59
148;279;263;263
298;298;298;298
192;210;71;192
267;267;267;267
152;257;18;197
70;251;28;287
67;196;161;29
136;136;136;136
40;6;11;49
193;248;30;203
201;65;222;206
241;71;71;174
96;230;56;265
56;138;73;283
111;111;111;111
45;63;249;249
276;66;66;121
289;280;224;259
147;147;147;147
262;96;15;200
49;49;49;49
261;99;261;127
8;284;284;40
171;211;171;76
106;159;73;96
70;255;182;289
115;191;256;104
168;65;283;65
273;273;273;273
238;21;298;102
163;170;91;184
212;229;130;201
81;191;259;19
263;122;204;122
52;92;295;235
85;45;288;45
220;221;35;212
219;219;219;219
232;172;88;292
189;203;73;161
137;137;137;137
151;189;277;105
249;249;249;249
28;43;202;202
27;27;27;27
105;105;105;105
94;94;94;94
262;262;262;262
233;233;30;205
293;273;12;15
173;89;175;48
45;156;233;42
214;209;171;33
269;132;181;249
83;83;83;83
234;110;129;16
271;149;258;294
187;187;187;187
245;243;86;175
39;39;39;39
63;213;112;156
39;297;147;39
60;60;60;60
71;71;71;71
228;146;288;283
264;132;264;137
266;71;39;210
190;67;122;209
23;102;268;286
283;73;69;59
29;269;258;137
245;255;54;255
127;188;58;127
120;144;117;262
5;103;178;237
77;176;155;193
164;244;38;19
225;225;225;225
158;158;158;158
178;273;214;164
31;241;130;241
85;201;41;124
167;30;85;30
57;289;50;18
238;300;235;238
146;146;146;146
90;90;90;90
283;212;299;155
59;127;184;245
30;139;171;131
110;110;110;110
244;20;225;90
105;63;63;237
282;282;282;282
82;73;283;96
213;38;219;33
14;120;96;243
162;118;126;210
160;228;178;188
181;7;164;73
291;116;85;99
97;229;109;149
251;251;251;251
114;114;114;114
43;78;157;8
260;23;91;299
221;197;111;161
279;12;5;297
99;15;104;118
192;105;199;24
76;167;130;184
281;281;281;281
230;135;166;79
160;203;160;274
70;73;237;192
25;25;25;25
32;258;258;288
64;142;141;241
52;52;52;52
290;195;196;166
90;90;90;90
131;198;66;270
246;151;91;155
126;207;150;275
13;13;13;13
228;18;200;248
99;99;99;99
176;230;122;115
174;43;201;267
227;86;235;199
17;77;41;137
144;53;181;181
147;58;147;134
147;147;147;147
255;169;87;272
119;51;7;175
174;272;49;272
128;76;54;177
129;214;11;101
225;292;292;281
298;248;293;25
290;137;54;117
106;166;203;252
103;13;17;127
270;123;164;197
239;239;239;239
254;152;192;208
254;279;36;254
247;183;183;62
40;199;215;40
44;8;22;161
35;144;144;6
37;300;222;214
152;83;290;262
215;174;129;105
205;205;205;205
142;142;142;142
226;182;158;29
169;188;206;279
18;88;237;237
225;225;225;225
92;210;134;178
210;210;210;210
7;197;69;165
199;273;95;189
218;104;148;218
54;268;293;293
57;57;57;57
40;40;40;40
269;101;101;137
276;276;57;27
151;106;289;103
226;248;152;139
217;140;11;140
242;278;143;246
224;224;224;224
243;102;8;17
46;48;195;214
97;132;279;11
81;265;244;54
229;229;229;229
272;283;257;280
124;124;124;124
170;170;170;170
79;93;186;141
227;265;135;135
95;140;265;288
91;88;80;75
296;118;164;296
272;278;255;196
226;226;88;57
224;247;224;297
66;135;125;175
17;272;259;203
155;127;194;179
290;189;134;13
265;218;218;193
111;111;111;111
264;161;21;132
157;157;157;157
220;61;26;26
129;130;205;193
156;156;156;156
170;232;116;55
281;66;180;80
130;130;130;130
129;23;284;129
288;105;288;72
285;285;285;285
40;84;19;120
285;45;118;96
235;77;109;152
156;11;217;156
37;116;121;37
222;84;43;7
21;21;21;21
35;261;131;107
129;266;63;164
111;279;137;269
280;10;290;135
76;76;192;251
59;59;59;59
172;172;172;172
109;92;215;247
244;65;99;129
189;189;189;189
196;196;247;74
40;201;238;147
78;222;110;150
10;155;79;163
182;182;182;182
154;225;154;142
45;51;36;73
214;214;51;167
85;260;254;131
70;106;235;253
183;150;51;152
270;256;145;257
180;175;138;113
194;270;128;116
130;130;130;130
120;120;78;34
66;204;194;100
264;182;218;218
103;73;298;103
73;119;223;24
96;33;22;251
235;8;243;246
96;245;287;10
11;11;11;11
91;91;91;91
9;18;245;250
235;147;242;147
289;16;191;200
63;85;51;197
217;242;88;202
57;210;274;210
8;262;56;44
150;169;281;230
155;158;204;211
139;284;103;104
173;300;154;123
89;174;148;211
297;150;297;246
230;214;224;287
45;232;127;282
79;106;140;106
91;91;91;91
293;66;289;67
280;67;244;192
62;62;62;62
285;285;285;285
123;139;123;284
180;69;129;90
252;252;252;252
204;204;93;48
17;204;94;212
242;160;189;182
79;79;9;60
9;9;9;9
12;144;144;53
181;181;181;181
157;157;157;157
151;89;245;164
137;252;41;30
136;71;156;243
142;267;251;243
5;110;198;282
262;105;100;105
156;160;23;248
68;254;60;100
30;90;214;11
215;215;223;196
57;205;87;168
180;180;180;180
157;157;121;256
217;98;20;98
109;25;269;283
7;7;7;7
54;125;204;179
105;287;218;250
84;251;235;203
141;236;123;151
203;203;203;203
289;97;196;242
187;132;187;5
226;226;226;226
214;214;135;205
194;6;138;74
188;87;227;277
97;97;97;97
96;108;108;158
227;278;230;67
256;60;207;211
142;60;142;20
217;217;217;217
82;265;181;204
195;143;61;195
103;160;211;271
286;209;194;52
295;99;131;29
160;280;56;199
47;47;47;47
65;79;89;91
46;133;240;236
226;263;134;186
218;219;234;230
196;289;201;133
265;7;134;285
42;42;42;42
101;184;92;202
210;210;210;210
167;204;269;109
102;102;102;102
97;97;97;97
151;224;230;88
298;42;76;296
105;210;245;144
288;288;142;167
124;124;287;89
167;167;167;167
68;47;288;47
43;76;76;80
114;68;16;278
30;25;195;149
24;89;189;210
147;128;13;26
210;91;213;197
219;107;128;81
142;70;26;298
87;202;23;6
273;188;60;272
190;120;178;190
139;127;286;53
171;171;171;171
88;88;88;88
53;199;93;259
87;140;182;202
246;71;60;84
129;18;258;33
5;5;5;5
102;233;157;149
35;172;69;194
213;211;104;110
18;18;18;18
103;142;285;221
9;150;264;207
249;207;18;216
300;8;158;89
299;299;299;299
86;86;86;86
105;105;105;105
102;116;266;179
111;210;179;35
260;138;260;18
223;65;115;228
106;134;211;44
256;18;64;21
173;292;43;183
89;101;278;172
193;138;197;197
198;16;42;113
260;111;29;292
127;16;82;88
240;240;240;240
214;214;214;214
232;232;232;232
258;190;259;102
46;171;229;190
192;148;153;132
113;229;150;20
273;135;91;77
215;50;50;104
195;232;154;214
255;263;278;69
291;237;57;270
239;13;106;29
128;128;128;128
228;251;65;258
286;286;286;286
14;67;66;41
129;296;118;240
33;224;37;71
160;114;36;152
129;129;129;129
143;100;110;171
27;195;159;118
81;219;51;67
56;183;271;230
47;47;47;47
216;9;267;184
58;177;43;132
173;205;173;153
250;285;158;159
26;130;181;43
224;169;164;33
171;171;79;211
113;69;208;277
135;229;128;56
158;114;112;138
84;160;201;102
122;245;77;245
47;16;252;58
228;214;48;93
148;288;209;118
139;163;270;270
116;289;184;223
254;267;114;112
150;150;223;52
216;49;122;241
100;178;19;59
186;262;262;141
152;152;152;152
235;123;235;278
256;182;248;182
44;44;44;44
184;98;12;12
290;238;134;137
181;41;238;125
96;96;96;96
200;269;44;44
112;48;77;65
18;13;198;189
232;232;232;232
172;251;142;221
130;102;173;190
172;172;172;172
171;67;152;171
167;251;73;258
285;285;160;234
56;56;56;56
215;215;215;215
146;146;146;146
162;162;162;162
186;186;186;186
196;111;177;13
102;102;102;102
174;282;283;48
35;271;187;155
75;179;172;271
40;26;268;222
175;160;63;217
172;286;291;114
138;8;267;21
180;139;173;295
161;87;55;278
239;239;239;239
83;83;83;83
87;250;13;25
9;203;22;270
24;104;194;9
68;187;199;187
84;41;84;56
171;171;171;171
215;215;215;215
108;181;39;223
132;258;189;221
90;60;41;71
215;102;189;293
186;5;195;11
171;283;208;79
24;122;179;251
160;99;99;108
205;297;5;205
259;259;259;259
190;190;190;190
222;50;22;168
238;238;238;238
131;60;16;190
183;186;65;14
39;185;275;284
291;111;111;138
48;274;298;298
46;76;286;196
11;126;124;228
38;38;38;38
298;132;298;129
160;208;170;157
31;31;31;31
116;271;205;80
258;31;31;137
153;153;153;153
203;232;203;239
46;125;212;111
232;92;265;167
80;25;6;129
17;19;264;236
142;13;159;5
289;289;289;289
261;273;273;198
74;268;258;35
259;161;68;259
239;8;201;194
27;148;27;262
158;129;129;140
261;261;261;261
297;215;46;46
240;240;240;240
74;300;244;33
16;153;268;263
275;7;275;271
72;5;238;253
300;193;181;193
287;8;155;287
112;129;139;20
149;149;21;260
60;180;177;49
27;193;193;178
161;161;236;281
271;91;56;103
231;231;231;231
237;82;118;33
191;191;5;245
196;143;197;196
27;10;133;216
49;49;49;49
82;177;133;211
199;76;31;231
75;222;79;276
89;68;89;150
80;58;63;77
40;40;40;40
40;65;110;163
84;226;39;221
129;56;104;24
270;270;270;270
172;89;120;267
285;153;249;249
92;62;113;132
220;278;84;182
220;220;220;220
231;162;150;38
182;87;198;219
293;174;174;87
47;47;47;47
90;58;256;142
62;215;62;144
153;102;261;290
128;128;128;128
152;152;152;152
139;202;111;17
76;221;59;290
15;8;247;253
209;141;277;148
270;267;211;270
292;292;292;292
27;263;27;43
298;141;80;112
185;51;184;55
227;225;134;144
175;175;175;175
153;286;113;7
77;122;283;190
107;174;69;6
236;236;236;236
281;208;208;254
266;266;266;266
158;173;63;175
112;41;41;65
262;262;262;61
231;236;111;70
119;119;119;119
79;86;151;208
175;36;57;200
187;187;187;187
259;25;15;25
154;186;169;272
146;253;187;290
275;272;128;128
198;140;34;256
260;260;36;58
8;225;225;224
36;271;154;112
295;295;295;295
219;255;43;49
118;120;170;243
196;124;260;119
175;175;175;175
97;99;42;44
187;187;187;187
55;282;218;76
206;15;25;15
174;174;109;264
84;20;256;92
91;80;272;52
71;71;71;71
268;77;178;171
287;190;287;246
47;14;36;249
159;220;198;147
107;90;96;96
112;197;218;130
106;240;24;277
103;103;103;103
46;145;85;230
39;282;282;35
125;125;204;109
109;297;216;115
31;201;201;253
51;266;6;49
37;172;252;285
146;146;146;146
63;100;266;100
230;128;56;240
171;161;231;185
290;119;140;125
98;64;31;10
13;178;99;75
38;265;55;55
224;85;185;94
296;94;94;57
211;70;157;196
74;112;69;112
259;240;58;259
170;246;222;111
35;219;219;5
222;37;223;257
200;7;134;200
103;23;198;65
263;121;95;13
181;175;159;181
296;181;148;42
149;202;83;290
18;64;294;94
91;91;91;91
202;202;202;202
232;211;193;168
229;134;165;248
213;287;183;251
296;201;241;115
32;156;133;66
42;89;43;45
250;8;71;233
248;63;177;68
86;53;34;199
298;223;19;29
206;226;226;177
119;17;248;91
288;282;294;49
30;204;57;187
171;171;171;171
52;114;187;22
215;41;46;159
225;57;96;75
18;210;79;273
45;284;180;41
181;256;6;155
221;41;37;95
285;116;290;116
32;57;247;269
264;123;259;228
27;61;65;128
252;254;168;104
54;72;95;212
270;86;298;111
122;221;249;122
216;216;216;216
128;246;13;20
66;9;35;174
265;176;97;176
25;25;25;25
96;128;285;128
58;272;19;264
210;210;210;210
161;227;285;124
39;39;39;39
246;32;181;181
167;229;218;229
9;223;26;86
89;169;61;196
115;115;115;115
112;17;82;25
60;127;35;287
39;119;181;22
102;102;102;102
15;15;15;15
167;167;167;167
88;257;209;68
126;200;233;39
275;275;275;275
40;131;135;49
238;238;238;238
160;27;115;105
151;105;15;212
297;105;123;72
166;146;249;81
7;224;245;27
143;143;143;143
53;30;124;266
192;186;238;190
243;139;279;36
105;235;188;292
139;34;190;41
230;170;246;281
193;96;156;239
230;267;46;55
224;224;224;224
221;232;210;53
175;175;175;175
238;277;168;219
79;79;79;79
57;218;218;51
121;121;121;121
296;270;145;235
213;213;213;213
270;172;259;24
89;121;17;75
180;128;128;245
300;102;231;299
167;11;253;125
9;171;275;160
152;171;28;89
57;58;43;15
33;229;33;137
242;257;145;223
104;246;300;134
275;10;249;149
121;131;120;131
145;72;84;142
67;292;220;158
15;41;102;214
70;70;237;156
224;260;242;290
235;235;235;235
286;126;224;257
99;99;99;99
211;69;88;110
292;61;295;195
270;157;106;17
226;226;227;100
175;248;198;248
125;125;59;283
58;42;18;35
45;45;45;45
219;36;67;196
5;236;246;122
164;190;205;213
41;114;88;250
36;61;34;283
104;104;104;104
274;253;274;167
62;61;58;286
253;253;253;253
192;114;295;192
139;221;25;139
298;298;298;298
106;141;129;160
125;131;89;29
288;288;288;288
190;82;197;84
22;122;260;172
248;247;15;283
258;258;258;258
93;244;178;178
155;298;182;194
63;278;63;125
210;37;210;262
201;189;53;257
81;124;44;239
71;260;219;267
169;169;169;169
18;69;220;276
69;131;131;25
69;147;87;53
242;7;68;48
199;199;199;199
113;168;44;178
11;110;148;191
244;244;244;244
171;93;71;279
241;186;268;151
183;69;90;280
271;240;209;55
134;179;179;47
214;75;296;92
74;123;183;123
47;47;47;47
235;194;295;121
173;66;70;70
42;76;252;200
76;245;122;129
77;102;279;244
187;143;170;188
186;186;186;186
34;34;34;34
259;32;91;20
166;166;166;166
159;210;133;216
71;128;120;290
211;211;92;114
117;273;117;166
155;155;155;155
248;166;123;123
62;190;119;266
169;75;122;136
104;144;71;271
71;71;251;68
106;46;46;249
18;224;10;278
94;94;132;157
33;216;80;52
40;40;40;40
134;222;222;219
15;32;299;228
64;159;122;204
224;195;79;159
252;186;252;198
185;299;253;181
287;17;65;202
5;129;288;73
227;156;268;300
98;30;69;90
237;295;233;295
173;173;173;173
211;296;54;162
66;85;116;254
63;63;63;63
39;17;253;261
241;270;286;270
69;69;69;69
175;105;47;101
277;106;223;233
159;150;250;150
145;130;102;31
242;212;92;92
262;87;148;195
12;12;12;12
178;167;199;284
168;274;64;67
275;70;24;286
51;112;11;11
292;38;96;69
220;116;117;41
208;77;150;216
31;63;116;183
8;281;265;300
28;28;28;28
127;60;249;127
5;5;5;5
247;139;223;156
132;131;212;131
189;44;238;158
269;170;170;208
282;282;282;282
285;289;159;290
285;60;153;71
14;252;169;169
234;279;121;79
121;57;245;166
163;233;174;260
139;217;243;238
123;212;169;86
44;220;11;86
51;7;86;86
140;140;27;128
128;153;280;40
205;242;169;64
158;188;48;158
205;281;241;269
221;180;181;181
264;264;264;264
47;47;47;47
253;253;253;253
296;159;148;139
43;96;257;87
152;288;141;106
134;107;214;138
27;27;27;27
96;211;14;215
95;95;95;95
63;47;21;164
183;183;183;183
63;218;116;61
122;122;122;122
292;222;52;292
19;205;19;226
296;296;296;296
202;202;103;5
91;25;137;24
62;62;88;138
29;175;220;209
75;69;215;215
210;6;42;90
229;201;113;229
292;292;222;166
198;45;59;217
78;176;39;204
149;26;149;54
8;8;80;5
40;162;190;206
286;286;20;292
209;209;209;209
81;206;206;244
9;173;230;205
255;5;7;5
30;30;30;30
287;287;287;287
81;157;145;285
25;77;112;135
282;31;284;165
122;122;122;122
67;67;67;67
290;285;260;239
195;267;267;277
294;294;287;247
203;151;131;194
198;87;97;188
209;116;114;114
168;211;28;28
212;71;217;212
300;33;63;290
173;136;57;131
5;258;123;123
184;217;48;25
177;298;280;31
173;151;174;59
128;128;128;128
247;221;106;217
247;46;35;247
211;188;105;298
243;178;9;47
138;75;267;91
43;237;101;26
240;191;188;126
186;238;57;43
297;173;23;265
187;187;187;187
254;112;62;112
256;156;124;278
294;257;40;180
15;91;28;68
66;34;81;77
134;134;134;134
81;168;234;168
210;210;210;210
240;69;258;232
202;97;53;121
66;110;90;146
71;71;71;71
127;288;269;135
154;154;154;154
108;168;205;156
83;188;233;61
169;169;169;169
230;17;182;169
173;25;181;36
191;251;5;138
123;262;35;22
240;73;60;76
101;6;107;269
95;95;95;95
201;201;201;201
119;124;27;126
158;112;299;110
215;174;71;209
289;155;99;155
187;215;50;50
76;76;76;76
88;243;71;128
122;122;122;122
27;283;243;109
236;83;183;135
210;108;212;234
200;200;200;200
189;76;168;189
46;234;284;212
54;54;54;54
161;164;181;76
78;78;78;78
129;15;177;147
232;225;113;50
144;16;254;27
288;247;134;195
107;95;132;237
297;297;297;297
26;26;26;26
278;169;43;169
129;61;248;271
66;132;299;137
258;54;46;204
168;138;287;186
137;126;34;43
134;65;218;134
56;56;56;56
150;69;131;284
51;98;228;225
139;158;213;66
132;207;118;294
213;266;234;163
35;35;35;35
213;213;104;291
20;34;92;58
47;64;137;24
156;63;133;276
247;133;33;22
64;163;12;68
19;19;19;19
118;187;184;203
170;170;170;170
39;39;39;39
126;147;78;120
153;153;153;153
228;45;223;31
74;259;292;211
63;63;215;248
215;215;215;215
56;56;56;56
300;269;218;233
35;185;28;96
86;229;139;139
99;165;174;165
78;274;27;131
227;172;25;190
147;147;212;243
92;259;92;79
87;102;87;75
66;190;173;64
179;179;179;179
67;257;130;257
172;172;183;206
282;282;282;282
143;143;143;143
147;168;92;168
165;165;97;218
199;284;284;222
125;276;178;130
295;295;295;295
30;72;131;72
259;258;277;297
14;14;14;14
157;142;100;142
58;58;58;58
290;290;290;290
283;59;250;265
50;133;133;228
147;147;147;147
41;11;220;139
157;157;157;157
196;69;130;267
26;281;138;138
187;19;144;73
56;56;56;56
253;160;276;21
68;68;188;64
31;19;65;31
143;143;143;143
13;13;13;13
142;44;236;42
220;220;220;220
288;288;288;288
165;15;260;15
93;93;93;93
52;222;221;253
299;169;72;41
83;151;8;124
66;174;265;103
47;47;47;47
155;268;22;188
113;61;208;102
144;255;51;144
14;279;127;279
243;243;243;243
51;51;51;51
82;19;295;248
85;192;267;146
215;215;215;215
260;122;92;120
32;52;19;52
48;48;48;48
253;38;24;258
83;87;191;65
175;157;59;97
147;147;147;147
94;198;82;230
119;31;155;83
245;111;181;181
281;281;281;281
255;93;187;152
83;169;71;105
116;54;196;211
25;45;140;88
64;64;64;64
110;250;173;262
70;70;70;70
90;40;289;22
197;194;286;225
63;300;164;231
270;53;226;269
211;99;52;47
188;83;249;251
256;256;256;256
296;252;90;256
22;30;107;261
52;38;38;30
43;43;43;43
240;25;73;299
234;89;221;221
235;169;273;51
68;168;79;134
249;11;161;93
296;91;210;91
184;163;122;241
276;78;188;125
290;290;290;290
133;127;22;25
6;6;6;6
129;87;125;55
156;133;210;114
228;278;95;10
249;249;50;25
16;254;259;173
37;37;37;37
60;162;60;294
120;120;120;120
238;57;297;98
256;45;293;234
253;253;253;253
112;296;163;259
135;296;171;211
245;245;245;245
171;121;240;57
97;87;251;38
132;286;111;111
22;82;22;46
199;199;199;199
188;29;75;75
90;124;48;146
69;69;69;69
84;31;285;87
106;239;276;119
148;208;261;44
166;166;166;166
72;290;129;233
75;154;75;75
232;91;219;149
208;290;299;136
27;277;134;266
220;220;220;220
83;83;83;83
36;36;36;36
299;299;299;299
110;174;119;87
300;300;300;300
140;140;140;140
159;8;67;286
143;58;220;185
45;45;45;45
178;214;205;276
204;204;203;83
274;251;223;274
64;252;300;128
111;111;216;239
261;86;49;179
132;18;55;34
118;275;160;179
167;285;168;246
288;165;159;35
18;213;247;77
270;45;100;62
172;172;172;172
190;190;190;190
104;71;264;254
277;239;137;106
148;76;172;76
183;183;183;183
263;298;52;131
147;147;147;147
38;221;271;130
36;199;60;27
139;219;113;153
249;171;48;171
134;42;249;249
97;268;203;203
129;118;50;162
240;238;215;239
147;147;147;147
276;164;294;294
224;224;224;224
91;70;109;182
97;104;104;172
49;84;139;16
31;14;57;14
194;285;161;219
206;200;206;49
24;12;282;199
193;42;271;231
240;161;28;161
51;51;51;51
6;193;251;242
25;36;140;157
101;117;90;121
238;238;238;238
203;203;203;203
75;41;41;226
183;189;7;7
88;196;36;48
60;163;183;6
25;232;113;32
280;273;283;273
223;223;223;223
96;96;96;96
300;156;261;163
237;237;237;237
255;255;255;255
275;243;124;202
265;265;265;265
60;299;24;13
106;194;101;37
59;59;59;59
229;229;229;229
259;169;15;184
141;282;250;84
248;77;288;219
64;64;64;64
299;59;98;104
159;47;93;261
172;126;54;164
274;274;274;274
193;14;219;193
7;130;7;130
169;193;140;97
266;266;266;266
81;101;138;103
283;291;194;61
101;155;230;84
28;209;222;134
126;126;292;70
252;244;252;55
283;172;81;26
213;132;261;230
191;225;239;184
97;97;97;97
272;154;34;140
277;28;37;151
63;170;63;183
125;8;251;236
34;49;265;173
164;164;164;164
267;267;267;267
33;62;229;62
48;218;281;60
189;279;187;66
124;207;98;59
165;165;165;165
255;16;80;288
69;69;69;69
115;166;247;199
95;117;177;256
263;263;263;263
86;38;297;237
257;21;257;126
78;158;209;241
165;165;30;137
296;80;12;288
29;182;69;108
93;73;210;160
235;193;281;254
205;78;11;282
293;148;293;283
76;119;107;237
24;154;267;162
103;30;160;17
85;9;148;85
117;117;117;117
239;208;174;275
200;127;151;55
295;273;166;266
175;37;15;161
77;293;159;109
236;147;234;198
147;47;173;192
266;282;300;30
291;167;275;161
152;89;190;53
268;300;289;282
167;155;122;277
138;138;138;138
275;275;167;294
85;75;191;179
288;269;280;167
227;195;235;16
135;117;111;64
185;267;87;65
281;30;92;75
125;81;31;82
13;135;87;77
126;283;179;188
27;97;282;131
162;254;284;237
244;13;176;13
252;252;276;293
213;60;225;291
290;160;215;230
242;269;203;296
233;233;233;233
249;249;242;126
248;73;97;87
178;276;43;117
148;146;265;57
29;298;261;298
90;50;127;230
210;210;210;210
288;62;53;112
161;258;248;198
254;175;204;124
82;223;82;169
174;174;174;174
153;240;131;168
277;244;290;290
128;290;134;134
158;25;25;248
239;239;239;239
146;140;224;224
254;189;73;93
44;230;44;7
5;52;5;51
174;41;156;137
60;291;85;140
217;176;36;140
250;250;250;250
229;229;229;229
300;158;283;120
149;73;41;68
21;21;21;21
229;66;25;219
198;198;198;198
203;219;287;154
211;159;46;117
208;208;102;188
246;255;227;56
115;115;85;59
217;88;137;72
268;5;262;204
71;71;71;71
204;260;284;244
51;219;154;287
117;213;15;239
121;229;121;147
255;148;75;54
135;118;253;142
156;176;35;67
84;254;162;42
8;76;65;58
293;60;293;88
72;227;265;80
106;131;197;182
48;165;6;44
115;19;196;249
291;106;275;126
48;48;48;48
219;219;219;219
181;150;68;201
11;188;113;188
22;288;105;18
164;54;191;218
41;114;257;279
239;239;239;239
202;202;202;202
259;37;173;189
175;164;175;60
56;156;123;211
183;61;205;291
168;249;156;25
189;189;189;189
241;130;48;130
269;270;181;178
46;130;6;84
206;73;178;30
176;176;216;107
281;259;281;106
286;286;286;286
196;111;179;84
112;85;97;59
42;42;42;42
124;52;148;174
202;202;202;202
149;34;168;205
53;102;123;102
248;272;200;229
28;18;155;297
277;279;285;242
244;81;270;283
212;212;212;212
160;160;160;160
227;261;197;63
172;172;172;172
159;204;179;48
247;247;247;247
101;101;40;300
21;156;232;81
132;132;132;132
108;270;170;193
226;288;226;177
215;11;276;199
160;160;160;160
168;168;168;168
82;208;22;281
41;41;133;184
126;81;200;228
215;294;294;234
140;263;195;174
138;283;260;211
262;262;262;262
297;195;196;268
133;255;96;242
229;74;286;185
116;9;86;142
182;182;182;182
294;72;18;261
11;11;186;198
274;280;273;32
40;52;166;258
294;128;246;113
18;61;136;21
80;243;51;191
19;160;161;160
68;40;119;85
283;244;212;214
89;292;85;112
39;96;223;64
5;228;216;256
172;79;62;225
233;218;123;277
32;27;140;296
187;187;187;187
32;32;133;17
191;191;191;191
208;110;14;151
109;215;91;273
264;206;261;261
62;114;74;222
140;140;250;182
33;263;269;18
50;50;50;50
48;77;136;58
189;12;270;46
220;233;290;25
125;227;251;185
290;192;126;67
31;125;130;111
214;214;214;214
261;62;107;261
288;34;16;113
278;280;222;208
93;191;47;189
204;280;279;12
12;123;51;31
213;299;85;135
24;213;199;38
242;242;166;144
170;170;170;170
164;160;164;114
229;299;190;123
102;164;68;98
60;60;60;60
97;97;21;251
71;265;149;208
192;165;192;166
193;193;193;193
43;43;43;43
122;122;122;122
34;226;8;8
16;160;56;238
220;43;157;220
60;60;24;114
183;118;102;183
203;138;78;173
50;56;106;221
259;45;93;40
98;295;238;201
171;171;171;171
68;236;66;167
5;153;100;259
158;158;158;158
170;102;102;268
145;251;24;107
41;96;163;96
183;59;236;127
112;149;5;181
109;236;12;12
293;97;206;80
199;161;247;276
291;27;94;277
176;280;280;178
148;148;270;47
124;292;111;256
104;143;126;269
237;222;119;183
157;282;282;80
224;75;75;59
159;209;69;184
131;54;281;150
73;73;73;73
216;139;230;235
172;172;172;172
158;117;142;125
299;245;285;168
148;224;171;127
125;250;237;125
31;99;133;216
285;210;176;285
134;236;134;212
168;294;281;56
7;7;7;7
246;40;159;213
236;236;236;236
257;261;257;59
296;153;256;84
296;209;95;14
93;202;284;93
93;71;103;95
280;280;239;68
189;176;242;228
145;75;75;127
5;5;5;5
291;112;112;272
74;21;187;138
17;88;75;73
110;237;26;216
22;6;99;199
30;169;59;272
67;12;187;120
290;55;79;55
18;150;261;28
283;159;227;163
165;223;265;89
29;157;127;114
259;259;259;259
80;51;185;246
64;45;49;271
194;194;194;194
85;178;171;240
82;214;150;120
261;107;29;80
194;272;119;260
114;138;29;248
237;266;190;274
271;14;152;43
275;61;26;61
107;160;150;216
128;169;286;55
297;297;297;297
61;33;147;265
253;108;108;232
235;170;235;118
50;283;50;128
156;7;285;284
203;51;226;241
221;10;10;103
91;26;75;91
20;5;140;120
292;205;49;46
121;121;121;121
105;157;9;293
95;68;68;127
53;44;106;270
238;206;238;270
215;234;27;116
156;6;156;153
168;156;173;174
150;150;150;150
242;84;233;84
233;280;12;286
277;253;50;277
232;232;232;232
190;58;232;248
209;48;78;209
204;204;204;204
291;219;73;73
238;274;48;229
175;201;254;207
133;30;168;133
123;157;67;107
289;213;213;270
280;157;163;216
179;179;179;179
192;290;123;141
218;218;218;218
33;119;22;150
206;171;277;168
148;71;148;63
60;246;30;246
181;9;181;86
47;97;47;165
224;176;105;53
225;178;219;45
111;293;185;101
7;7;136;207
126;232;232;51
143;275;33;166
207;111;111;30
76;192;9;21
272;138;89;151
154;154;154;154
180;148;217;217
60;298;102;215
291;269;74;133
164;21;87;242
130;66;102;69
138;189;278;106
246;94;168;112
67;66;215;99
12;144;181;242
180;104;104;289
110;86;26;27
238;238;238;238
38;171;284;61
291;291;291;291
97;297;297;29
34;116;70;70
108;69;154;194
226;226;226;226
243;243;243;243
84;258;23;84
291;9;234;234
48;228;48;254
115;294;82;45
226;11;115;197
59;261;297;11
232;32;190;274
140;175;19;185
121;214;116;51
67;97;251;244
287;295;203;287
67;67;67;67
288;81;237;81
64;64;64;64
156;95;254;26
11;270;275;267
278;278;278;278
209;84;209;224
83;29;153;41
238;260;242;232
289;139;90;247
42;42;268;5
160;160;160;160
130;194;71;79
170;200;260;45
297;120;292;67
198;169;198;185
196;196;196;196
147;217;18;7
66;66;298;275
15;49;96;96
31;31;31;31
36;36;36;36
289;154;282;246
184;263;92;216
230;168;31;29
127;282;114;148
43;96;194;276
42;34;140;15
147;147;147;147
232;81;220;184
220;199;272;235
151;35;82;137
118;108;284;300
222;34;271;90
11;286;275;176
74;96;97;98
89;186;194;141
26;26;55;191
74;91;248;237
277;8;264;201
124;124;124;124
192;268;268;205
166;166;166;166
10;116;286;241
30;261;79;134
192;104;192;290
134;134;134;134
262;215;114;76
261;289;196;7
166;126;208;126
40;276;130;201
65;65;65;65
232;232;147;274
234;234;192;73
70;70;108;247
180;72;59;215
285;155;100;24
286;286;286;286
223;157;87;264
164;206;127;127
82;277;150;122
264;264;264;264
140;108;29;140
103;274;232;232
238;238;238;238
73;175;204;97
22;196;186;186
239;203;125;115
95;131;88;88
21;21;21;21
180;189;85;36
136;136;136;136
17;213;212;15
157;157;157;157
278;176;269;265
255;255;255;255
95;218;236;243
170;24;14;24
295;295;295;295
281;148;194;27
264;189;73;264
34;222;210;162
43;176;238;51
79;79;296;134
94;94;94;94
105;75;279;162
153;78;85;260
205;36;293;298
62;62;62;62
162;162;162;162
148;193;224;224
58;247;159;244
79;9;289;157
151;96;281;224
72;270;214;189
251;146;60;185
117;17;215;76
43;160;165;165
84;296;201;84
215;215;215;215
247;103;126;237
71;60;260;173
231;108;108;191
22;29;166;232
65;147;264;223
207;222;87;199
57;57;129;141
178;264;282;267
276;124;35;237
21;21;21;21
186;175;111;281
177;283;210;239
125;125;125;125
133;133;133;133
162;64;162;248
83;82;16;157
187;124;32;184
24;24;24;24
78;78;78;78
50;164;252;50
90;195;233;32
203;178;234;193
58;139;227;124
241;64;228;169
30;163;152;30
80;23;161;26
28;187;297;67
221;228;155;249
190;20;20;256
19;19;19;19
252;76;29;171
160;160;160;160
95;95;95;95
48;99;160;278
218;136;165;200
265;42;202;250
225;19;19;94
186;82;281;202
38;38;38;38
12;129;177;228
86;283;285;193
239;8;212;212
145;115;247;37
153;29;47;99
269;165;34;54
288;48;250;288
135;130;26;84
28;96;14;96
86;86;86;86
286;220;38;38
228;103;129;164
268;160;44;155
175;136;233;136
121;228;202;219
219;269;225;222
191;191;191;191
169;203;141;90
278;122;150;150
25;299;297;41
141;295;292;36
157;150;271;253
300;185;258;262
129;129;129;129
143;143;272;201
158;158;269;178
63;125;210;110
119;162;56;174
231;240;86;185
228;119;45;269
21;240;58;21
186;230;83;135
170;190;160;250
181;118;158;84
50;98;262;284
90;64;64;155
119;43;123;76
274;44;117;266
87;257;240;164
65;180;51;169
285;285;285;285
18;18;18;18
293;100;182;171
80;78;199;102
132;92;291;272
50;50;50;50
69;69;69;69
73;120;149;269
203;48;122;180
289;194;34;289
13;289;109;142
212;252;209;26
284;284;284;284
184;136;247;150
194;241;210;293
222;222;222;222
253;209;288;24
157;32;268;168
88;79;284;260
228;105;93;207
104;263;280;208
85;85;85;85
251;251;251;251
142;211;82;124
242;235;195;90
60;60;158;46
45;58;271;288
218;65;146;63
238;243;83;109
16;98;78;259
141;213;215;167
198;222;17;27
283;283;283;283
281;7;273;157
196;140;196;215
189;152;17;89
237;84;20;206
40;272;244;51
293;194;194;245
202;202;202;202
265;221;63;221
300;165;300;33
28;102;81;68
82;112;130;298
96;169;101;196
134;134;134;134
177;295;85;279
98;98;98;98
272;51;193;183
259;104;86;14
162;77;204;73
71;134;199;134
186;283;83;231
117;151;102;128
187;221;22;77
24;48;108;25
243;259;120;7
165;39;10;190
296;296;296;296
125;146;125;230
180;210;250;18
296;118;284;33
11;11;134;136
256;39;98;184
143;143;143;143
43;86;125;176
175;297;95;45
134;17;9;159
232;16;16;163
39;129;243;39
185;70;164;164
86;50;103;157
181;294;154;82
56;265;248;61
133;133;133;133
142;267;157;156
108;108;108;108
213;289;199;12
179;140;61;83
181;54;99;152
286;71;11;134
219;110;117;117
224;224;224;224
35;227;106;147
270;246;64;265
79;50;18;15
18;298;18;146
168;168;168;168
75;13;36;29
235;49;121;163
42;42;42;42
201;33;33;166
262;92;218;45
284;286;104;131
115;122;208;73
167;225;77;198
67;67;32;130
234;126;12;105
296;169;293;67
39;236;208;235
114;114;114;114
17;257;179;210
230;156;140;63
204;237;281;204
86;243;181;181
12;78;147;154
117;117;85;265
97;243;234;237
115;30;243;164
278;182;139;182
77;199;140;60
204;145;106;51
145;145;145;145
275;206;104;83
59;5;141;288
59;231;83;83
50;116;166;50
227;140;38;227
250;242;218;199
247;64;39;56
241;55;140;277
51;100;105;5
149;120;149;197
288;288;288;288
54;239;235;108
121;121;121;121
278;56;216;216
177;292;272;177
169;123;68;285
105;175;25;192
109;201;237;236
225;225;225;225
59;171;159;47
180;198;30;59
13;13;13;13
293;293;293;293
131;279;191;38
132;132;132;132
211;240;133;114
203;203;203;203
122;65;30;280
299;56;56;276
213;189;66;147
166;131;135;151
13;267;105;251
268;224;215;82
22;22;22;22
189;10;268;274
200;142;64;165
38;29;16;234
81;22;286;68
226;98;293;98
48;96;108;228
18;218;121;109
165;78;78;74
120;63;196;280
200;74;252;180
135;135;135;135
236;31;43;107
47;202;297;286
177;177;177;177
66;183;165;35
241;263;168;227
245;8;250;150
242;284;125;193
28;25;27;187
80;80;80;80
228;42;144;179
276;99;257;72
168;164;168;280
58;58;58;58
158;172;47;158
132;233;48;284
204;260;204;53
233;177;16;119
54;250;250;129
120;240;60;120
49;49;49;49
251;251;251;251
82;52;258;104
105;18;39;87
190;104;78;249
115;31;73;237
9;266;86;80
147;95;13;191
196;196;196;196
115;41;67;115
52;298;110;69
110;109;93;237
157;167;256;248
188;146;245;130
134;238;8;247
32;117;290;131
184;262;212;257
49;108;48;76
165;165;165;165
286;32;32;296
280;97;38;71
291;291;291;291
274;274;274;274
49;133;146;49
118;118;118;118
238;203;188;249
87;215;55;261
251;174;23;89
22;22;22;22
104;283;217;159
107;300;300;185
283;283;283;283
118;240;119;118
34;171;135;216
134;287;225;134
192;95;13;13
115;115;115;115
235;147;102;208
79;168;125;200
275;41;283;8
190;109;83;107
124;149;172;172
72;32;249;249
91;146;17;69
289;180;221;245
109;202;126;147
8;28;223;237
285;25;285;280
48;61;233;241
7;7;7;7
121;43;55;28
267;224;248;248
121;121;121;121
299;299;299;299
110;62;61;288
173;41;152;63
288;242;94;243
20;47;164;46
288;288;288;288
267;267;267;267
203;47;49;47
297;39;165;18
49;98;94;7
61;182;51;276
140;239;187;132
162;286;47;166
14;180;133;10
167;259;155;294
166;166;166;166
199;173;12;60
15;138;118;230
278;294;197;104
13;156;64;217
65;54;251;65
20;212;131;188
200;234;178;27
30;27;186;236
63;291;253;260
195;127;142;42
153;153;197;62
14;81;81;292
279;51;198;138
116;116;116;116
147;206;171;206
212;196;63;115
121;51;87;216
121;121;121;121
240;60;263;263
11;11;11;11
104;189;284;253
182;100;25;60
106;106;106;106
174;166;174;129
32;188;131;32
101;241;101;181
45;53;33;284
299;45;38;182
174;236;103;66
68;252;251;252
70;70;70;70
44;147;153;47
21;66;21;75
99;63;180;219
132;132;132;132
167;213;213;288
135;14;49;116
47;161;33;188
226;24;79;52
285;64;111;72
180;180;180;180
273;242;195;78
87;87;87;87
163;21;272;12
137;23;23;222
149;212;212;23
189;273;87;229
203;158;219;298
200;200;200;200
254;240;254;187
251;231;140;151
162;162;162;162
92;161;276;161
263;261;244;259
283;194;291;259
26;8;16;134
174;197;18;201
265;259;170;85
268;64;119;119
295;42;220;84
80;203;258;32
123;100;188;280
141;131;77;148
38;253;169;191
158;181;71;215
238;83;261;236
100;248;130;85
5;90;16;33
181;71;48;50
51;126;70;248
298;95;137;12
70;231;35;198
278;231;138;293
242;242;11;82
56;56;56;56
231;111;277;263
274;292;84;217
175;175;175;175
262;290;227;25
120;120;120;120
239;52;256;153
255;201;249;255
109;256;109;28
179;41;251;267
96;96;96;96
144;15;56;143
167;49;275;298
187;187;187;187
17;240;240;156
226;236;201;195
41;115;220;192
44;44;44;44
192;144;82;164
223;20;34;150
53;153;111;70
153;210;240;240
265;231;265;300
26;243;90;103
45;185;72;277
104;111;229;111
248;248;248;248
51;45;44;73
16;283;211;97
253;253;253;253
120;120;104;127
62;143;27;178
133;166;271;160
5;5;5;5
116;111;172;203
79;210;81;151
121;121;35;52
77;95;152;120
68;163;242;90
265;233;260;233
263;263;263;263
114;114;294;243
83;264;103;207
187;187;87;33
215;238;193;265
226;226;298;166
187;214;192;178
286;28;158;28
190;190;190;190
243;61;211;85
120;66;120;122
176;106;246;258
204;204;204;204
50;39;171;120
70;80;210;122
154;193;124;279
282;282;282;282
227;191;287;127
206;206;206;206
27;210;131;198
8;8;8;8
111;111;213;45
29;38;62;38
282;174;175;82
55;184;264;178
174;12;157;12
286;171;216;238
205;294;225;221
246;278;59;246
162;168;168;100
246;246;246;246
191;14;45;191
264;33;211;149
41;41;41;41
277;91;157;266
208;266;60;95
265;265;265;265
204;66;159;276
207;286;249;247
102;25;264;300
203;203;203;203
56;74;171;56
201;113;300;292
274;107;171;53
77;77;77;77
52;180;82;170
300;156;156;198
8;204;56;12
72;215;220;223
194;63;194;122
23;109;268;112
296;50;181;173
174;268;124;124
121;133;249;264
122;34;19;140
132;132;66;203
265;32;98;298
128;182;40;133
49;15;67;276
135;182;135;286
72;84;107;78
221;294;123;134
157;124;185;279
211;235;162;56
26;266;102;198
246;175;229;264
28;207;64;90
256;235;222;235
191;108;142;108
251;230;111;251
202;202;202;202
198;219;27;6
200;200;200;200
253;131;108;257
242;242;242;242
230;129;114;281
179;161;291;236
23;11;159;218
99;291;75;230
35;106;93;263
41;120;196;17
50;94;259;210
57;285;285;46
112;81;224;114
294;294;294;294
189;189;189;189
98;88;174;215
245;245;245;245
76;76;76;76
165;187;254;169
8;292;240;153
296;290;152;54
87;87;87;87
186;209;20;157
186;24;179;199
27;27;251;234
282;175;101;146
156;230;226;35
169;295;83;263
271;202;275;162
118;80;168;287
176;182;249;274
298;274;119;9
249;298;31;217
282;235;282;47
28;80;290;141
78;274;274;211
77;290;259;242
78;189;259;283
258;282;260;112
190;5;93;177
240;81;84;50
153;206;65;5
141;36;274;217
112;41;194;112
255;255;255;255
68;117;68;247
222;59;150;150
270;109;80;233
138;12;13;117
126;185;68;154
36;107;194;261
141;296;218;157
177;65;232;61
82;82;82;82
241;27;254;73
93;93;188;161
60;60;119;118
280;280;280;280
173;5;244;10
215;222;228;285
113;156;253;106
238;231;255;118
110;223;135;135
211;211;211;211
166;19;145;84
21;14;234;74
119;204;29;262
237;219;69;138
184;227;101;227
201;219;44;45
67;134;120;201
70;249;71;166
223;223;223;223
116;267;145;54
54;250;102;244
124;295;98;248
115;95;260;231
291;286;247;154
252;176;19;180
96;7;78;293
267;267;267;267
271;20;286;232
106;236;229;220
195;195;195;195
77;262;272;80
227;111;111;21
257;191;296;229
14;14;14;14
210;210;210;210
109;288;96;187
17;162;258;35
87;248;248;123
173;206;110;192
76;76;76;76
294;266;223;129
104;195;123;214
57;95;127;54
10;10;10;10
248;248;87;141
58;84;267;170
176;64;232;176
180;104;52;172
55;128;143;128
275;275;275;275
190;117;155;154
136;287;110;129
199;101;188;103
80;203;285;196
5;213;282;34
173;232;128;266
150;192;172;217
190;136;155;155
110;33;35;230
26;26;26;26
206;206;206;206
127;288;117;256
169;282;21;282
260;265;142;249
279;248;195;5
296;64;87;208
205;99;22;95
251;65;120;120
130;130;130;130
13;13;13;13
61;200;200;23
276;165;222;10
244;42;220;171
164;43;196;147
190;190;190;190
195;286;226;16
143;200;235;133
129;124;53;153
79;238;46;283
174;174;174;174
207;207;207;207
156;20;121;7
44;198;167;39
127;269;272;138
273;295;148;148
24;24;24;24
63;63;63;63
267;126;289;67
52;52;52;52
163;163;163;163
101;21;30;21
203;232;225;31
38;187;72;157
215;159;14;24
113;113;113;113
296;19;239;40
221;221;221;221
177;33;204;177
293;293;118;159
272;220;96;255
45;81;159;130
140;171;57;257
41;102;177;201
150;266;33;65
272;272;272;272
183;40;279;49
137;275;206;160
18;211;223;122
42;42;42;42
287;226;285;145
133;19;133;63
9;228;15;8
29;29;29;29
87;162;95;185
114;104;181;105
147;179;71;11
247;247;247;247
116;116;116;116
29;156;209;237
25;178;47;137
300;145;125;232
290;35;99;99
180;29;180;292
67;67;67;67
5;5;74;299
95;195;30;74
182;273;221;27
91;232;256;125
74;258;105;241
140;140;140;140
13;245;236;236
221;245;164;56
234;243;198;46
249;27;48;264
203;142;295;203
190;190;190;190
37;93;233;181
11;116;295;297
95;227;95;134
256;256;256;256
275;41;39;275
67;67;136;145
259;259;259;259
100;252;115;213
114;50;287;77
211;284;99;56
142;262;223;39
52;248;90;292
35;14;14;229
298;298;167;156
9;19;240;44
60;182;9;162
238;238;137;45
52;191;119;58
18;18;18;18
271;75;148;148
154;137;221;214
75;47;24;24
168;168;168;168
216;60;14;25
210;47;132;124
250;250;250;250
265;144;149;63
160;70;70;86
129;104;172;40
285;294;104;291
253;39;292;292
173;173;173;173
157;163;184;37
12;266;12;140
81;197;184;45
183;250;106;239
110;192;186;125
147;22;71;60
258;12;269;21
275;90;140;81
35;35;35;35
263;276;274;263
112;43;39;43
75;223;80;239
23;23;22;34
211;211;211;211
275;118;71;134
61;66;258;48
115;193;195;101
204;204;204;204
208;197;228;135
153;147;242;242
289;80;44;228
297;19;69;69
255;33;280;53
51;51;299;217
136;136;136;136
170;284;152;216
39;74;188;244
135;182;82;105
120;251;212;68
263;282;151;263
58;248;58;24
160;138;65;246
32;211;32;104
37;208;123;148
16;191;26;16
143;221;46;132
287;21;251;106
171;284;179;29
193;261;95;16
190;190;190;190
127;127;127;127
143;130;5;64
117;117;117;117
175;175;175;175
49;49;140;134
138;107;48;138
158;186;158;107
7;287;188;93
142;100;39;88
287;222;30;98
118;134;79;36
140;187;120;140
266;14;75;266
290;286;9;187
136;136;136;136
195;24;208;141
46;194;92;141
159;159;159;159
212;212;212;212
23;237;272;214
170;246;192;160
64;116;137;276
172;34;69;234
149;149;149;149
18;71;79;133
204;215;204;19
37;175;220;37
36;167;186;292
70;287;175;32
97;175;125;125
300;300;300;300
134;134;134;134
114;114;114;114
83;83;83;83
141;141;141;141
140;49;49;96
297;87;228;65
179;52;265;41
293;24;100;100
221;281;281;108
273;273;273;273
187;126;126;101
108;108;108;108
63;80;22;28
7;137;147;30
178;25;267;246
51;51;51;51
253;62;43;196
78;251;182;247
263;189;38;245
102;262;78;199
197;197;197;197
283;287;138;283
94;102;67;94
245;245;245;245
223;17;25;235
207;93;146;96
132;169;294;300
295;246;36;52
100;100;100;100
227;244;225;286
266;223;115;180
44;214;271;171
228;115;170;217
153;292;24;70
216;216;216;216
59;59;59;59
124;124;124;124
184;184;184;184
199;121;192;181
112;29;29;165
73;73;73;73
273;273;273;273
296;296;296;296
101;46;143;141
230;218;230;164
166;196;264;177
251;160;262;251
144;45;91;221
188;188;188;188
80;223;80;242
245;245;245;245
78;63;213;213
16;102;53;277
233;233;288;112
79;63;113;178
138;101;124;234
136;134;237;298
183;53;157;9
135;107;201;152
48;48;239;220
8;8;152;220
236;62;188;258
209;209;209;209
246;288;81;33
79;266;266;6
264;21;244;203
221;226;77;270
106;37;27;27
241;280;142;263
6;266;197;197
131;218;97;105
20;269;24;140
105;160;143;294
272;222;285;297
154;130;157;112
281;117;171;117
48;48;48;48
23;97;52;156
11;106;42;114
213;199;15;30
187;187;187;187
117;117;117;117
92;205;29;63
105;105;105;105
237;237;237;237
256;13;188;13
88;269;269;288
105;117;289;129
238;238;238;238
213;250;159;213
25;199;25;123
127;127;127;127
120;190;120;118
28;176;187;187
166;130;244;169
221;247;247;65
184;88;138;53
25;47;137;181
58;239;230;296
85;85;85;85
29;124;49;251
33;290;290;79
30;265;256;78
113;218;254;100
61;263;16;46
102;66;20;101
148;143;113;144
179;277;179;102
281;281;120;116
259;224;107;35
181;75;41;121
84;293;53;117
197;6;113;263
254;254;254;254
293;238;166;29
164;123;77;248
142;240;49;193
249;249;90;135
149;241;141;43
88;271;271;184
71;176;187;221
204;160;138;231
14;14;14;14
261;81;27;286
132;234;184;62
245;5;167;143
37;37;37;37
39;49;49;126
203;91;58;300
89;222;109;70
44;44;44;44
256;12;179;222
83;83;83;83
123;63;287;177
130;289;272;14
114;114;114;114
197;292;131;130
154;109;38;35
159;159;159;159
145;145;145;145
189;162;79;279
155;52;85;5
138;172;111;148
39;39;39;39
7;23;11;211
217;98;7;278
224;204;39;146
86;19;19;137
26;26;26;26
67;257;246;175
206;29;197;197
227;73;242;242
152;241;242;238
79;107;79;280
230;230;230;230
122;66;282;102
270;43;278;43
118;122;202;295
269;70;229;196
92;196;296;118
155;161;25;222
255;255;255;255
117;191;288;261
277;20;165;174
168;282;169;123
114;108;220;277
134;276;137;110
267;267;267;267
88;88;88;88
275;85;163;144
262;286;172;11
275;212;73;284
93;93;93;93
287;86;141;133
93;252;35;160
161;217;196;91
70;150;192;186
175;175;175;175
184;184;184;184
217;205;145;203
153;153;153;153
30;18;48;177
74;278;129;98
100;168;25;192
87;205;290;48
62;14;44;105
65;65;196;118
252;89;5;5
36;278;267;267
242;242;242;242
75;75;75;75
14;36;10;258
189;72;146;6
236;236;236;236
97;258;194;259
22;293;164;208
254;151;111;254
197;197;197;197
89;262;169;127
38;197;23;64
32;106;114;239
241;290;241;66
121;214;198;121
177;283;144;276
182;171;104;67
23;23;23;23
225;17;168;225
85;85;85;85
164;181;202;61
275;158;174;207
299;299;299;299
17;67;256;256
126;148;275;43
237;158;97;47
193;292;159;142
222;195;198;176
50;229;255;269
87;178;31;45
216;116;224;224
154;154;154;154
248;167;54;203
119;146;145;119
165;156;22;138
150;166;277;259
109;95;77;7
299;203;291;233
154;157;14;24
239;245;126;206
124;278;173;126
50;221;246;246
293;293;164;111
14;14;14;14
190;190;190;190
121;121;121;121
27;27;27;27
130;29;48;130
119;135;130;205
42;42;42;42
211;211;211;211
184;166;299;57
282;218;259;282
172;184;219;265
148;218;289;89
8;126;199;242
12;280;267;14
230;131;272;152
178;126;100;77
190;49;269;92
169;88;64;99
149;263;142;53
214;214;214;214
81;27;27;95
270;292;270;85
157;211;18;254
296;86;186;221
276;276;276;276
41;261;154;79
156;7;192;82
160;220;121;269
145;145;145;145
253;253;253;253
116;227;105;116
86;50;50;173
136;74;193;136
45;45;45;45
27;187;50;242
59;59;59;59
223;117;108;135
80;95;91;232
70;70;77;24
70;75;126;70
90;299;212;107
188;188;188;188
44;201;270;275
166;200;166;218
70;203;203;125
56;263;122;9
223;223;223;223
142;83;35;241
258;80;43;166
208;208;208;208
103;103;103;103
230;230;230;230
296;147;210;239
267;107;211;115
82;102;203;82
59;106;150;261
157;131;158;37
88;238;13;91
239;235;11;27
135;269;45;211
124;214;280;15
80;239;134;269
260;214;198;49
183;136;84;288
168;213;36;175
186;186;186;186
14;147;182;116
130;224;224;238
199;71;258;250
173;247;74;173
220;72;203;257
152;246;152;50
82;48;48;276
125;122;296;75
46;33;238;146
93;7;32;98
222;222;222;222
38;172;285;198
167;167;167;167
262;300;51;94
61;68;204;204
118;230;235;131
131;131;131;131
294;235;218;287
237;229;24;271
241;241;181;33
185;283;109;52
86;168;60;229
194;36;37;22
298;100;78;18
114;179;238;102
287;287;287;287
255;118;255;67
263;63;200;250
19;253;130;240
201;201;201;201
150;283;106;293
34;264;167;121
90;265;78;239
102;210;199;294
59;92;261;247
272;133;110;105
208;267;97;163
79;127;113;245
218;90;244;218
9;75;218;7
229;7;198;70
172;55;240;239
65;65;65;65
198;270;169;198
248;121;179;179
41;41;41;41
278;278;102;45
55;216;183;100
13;13;13;13
148;261;203;148
63;126;31;86
259;219;18;219
217;5;169;135
236;233;149;233
227;55;275;99
53;53;53;53
133;158;289;29
33;33;33;33
100;100;100;100
94;72;287;177
26;187;223;196
186;121;281;52
40;40;40;40
114;116;114;7
171;41;133;293
110;110;110;110
254;102;40;5
113;113;113;113
228;228;228;228
91;232;287;49
197;178;132;116
211;12;155;111
141;284;37;278
288;239;294;191
224;295;191;191
111;88;132;203
225;290;160;115
221;70;229;135
119;6;62;65
26;26;26;26
258;10;271;197
200;32;279;200
220;186;174;287
272;272;272;272
268;268;268;268
134;276;182;21
278;110;105;110
225;108;102;273
187;286;197;8
6;263;227;222
23;280;23;168
6;6;6;6
281;281;293;297
298;244;212;89
70;87;141;49
282;175;44;113
9;9;9;9
167;191;246;290
182;273;271;159
178;74;35;178
13;92;288;5
38;205;176;222
280;284;65;90
115;257;93;58
141;136;63;235
282;99;199;282
48;211;39;171
136;79;239;144
196;221;278;278
103;103;103;103
148;42;85;282
208;6;118;17
92;244;105;155
121;182;291;119
105;202;55;241
117;142;174;275
293;159;144;18
243;243;283;261
219;282;65;243
52;179;52;149
26;26;26;26
80;232;232;161
227;125;221;175
147;147;147;147
125;255;214;287
59;268;106;171
281;281;103;184
33;279;147;164
11;164;11;229
89;251;247;291
240;90;162;30
50;50;50;50
35;252;12;197
211;235;212;192
123;123;123;123
5;211;24;84
202;22;184;184
133;133;133;133
110;149;164;6
114;130;245;266
57;277;247;277
209;40;299;18
151;151;151;151
193;293;7;241
288;150;260;223
55;79;12;169
97;97;97;97
32;32;32;32
102;285;184;103
131;207;263;188
236;32;128;18
134;197;94;119
38;69;61;21
233;8;233;212
258;164;90;201
219;191;84;219
43;40;253;253
160;160;160;160
48;38;77;58
35;144;183;268
160;176;19;18
43;267;76;267
35;35;35;35
179;77;96;131
179;137;250;250
162;287;99;98
78;78;78;78
155;155;133;80
209;209;209;209
38;14;133;112
296;139;236;289
155;59;198;286
182;163;273;173
102;102;290;111
115;115;115;115
126;256;86;12
220;36;259;181
117;11;214;19
12;193;119;76
96;292;283;281
251;235;101;201
38;73;122;242
93;25;136;194
213;213;213;213
130;175;86;135
108;130;94;108
58;90;140;259
149;149;149;149
287;109;120;150
147;245;147;27
181;222;259;5
236;236;236;236
186;186;186;186
263;262;263;97
78;145;196;238
35;35;35;35
257;15;178;254
253;17;46;253
164;5;197;36
300;300;300;300
295;295;295;295
290;110;134;66
165;67;54;165
291;43;123;208
93;199;70;291
165;278;280;284
101;8;215;268
131;279;97;243
226;226;132;205
127;105;69;196
84;51;272;186
72;72;72;72
80;98;263;225
253;43;43;184
224;47;12;147
266;268;296;215
119;294;193;131
73;74;121;259
207;214;281;214
204;72;173;230
291;291;291;291
296;72;267;296
290;248;263;200
73;19;80;73
235;115;252;47
125;125;125;125
157;127;85;104
160;160;160;160
247;148;247;56
225;92;137;166
107;175;285;285
47;47;47;47
124;10;250;293
145;119;193;232
24;33;71;33
32;33;297;230
251;251;251;251
213;81;188;81
147;11;152;11
274;241;165;165
210;210;210;210
259;33;195;115
232;13;167;167
176;179;141;161
26;87;297;297
74;166;40;271
46;46;46;46
132;13;119;18
228;225;85;11
246;164;254;21
265;112;112;228
125;28;79;79
250;53;190;264
213;213;256;22
148;8;37;139
68;51;217;264
195;279;279;286
131;109;205;220
91;91;91;91
266;190;266;194
161;36;191;103
187;267;140;18
73;197;253;38
143;291;237;12
258;176;279;258
176;267;285;143
77;277;48;238
261;263;20;121
266;251;108;41
221;17;78;140
101;278;263;278
117;123;270;123
290;290;290;290
10;10;91;184
208;248;92;221
231;211;240;211
13;132;195;264
103;103;103;103
24;70;70;129
157;192;279;213
193;296;79;291
50;130;22;83
70;70;224;180
89;89;89;89
197;106;37;150
75;283;232;141
178;178;178;178
193;290;264;14
181;143;203;203
249;24;266;233
106;50;53;74
191;191;191;191
205;29;151;135
83;39;66;230
95;95;95;95
216;100;87;201
136;192;146;16
39;179;118;33
179;159;226;154
288;288;288;288
53;52;53;272
84;117;210;192
43;240;138;240
104;162;14;187
203;225;66;38
41;41;77;148
223;191;182;143
165;275;57;31
155;145;207;206
177;216;29;69
56;130;272;233
195;159;5;5
248;263;165;195
250;250;250;250
153;153;153;153
268;278;153;226
11;65;65;190
295;23;60;179
297;87;290;140
58;58;58;58
176;285;82;283
277;100;182;149
152;152;152;152
68;139;285;66
188;60;216;50
129;134;145;139
162;162;162;162
98;169;126;229
112;112;112;112
144;144;144;144
239;96;92;96
281;281;281;281
187;272;77;252
205;205;205;205
33;24;33;196
287;209;195;46
54;296;250;258
277;16;174;105
239;35;68;35
279;51;132;279
161;194;28;20
142;133;294;266
72;173;72;131
264;264;288;47
210;71;182;107
293;293;293;293
73;125;180;21
249;64;185;12
169;111;237;111
62;211;211;300
145;145;145;145
166;95;153;161
211;18;79;240
43;61;188;95
68;210;66;68
107;9;281;116
197;118;138;92
233;233;233;233
115;151;7;154
203;203;203;203
169;11;139;283
5;170;103;174
82;6;124;6
204;203;154;203
66;200;47;153
175;175;11;126
174;286;113;218
31;214;95;75
256;256;256;256
266;248;248;22
104;287;111;235
230;293;113;12
198;12;33;63
185;54;203;276
204;181;176;113
139;191;187;90
67;67;67;67
163;258;248;297
163;247;225;61
300;214;236;243
46;92;108;64
284;96;246;163
145;109;78;125
164;115;66;164
236;33;198;31
50;109;49;262
284;284;284;284
277;72;265;227
215;215;215;215
157;124;267;132
192;13;294;113
37;235;289;16
149;149;159;100
124;80;237;124
154;296;190;157
280;135;243;162
233;233;233;233
214;19;282;144
203;189;189;262
250;67;255;253
160;28;293;38
190;190;190;190
279;41;241;43
92;52;151;92
72;72;72;72
129;15;15;131
129;129;129;129
246;93;134;5
81;116;67;224
230;88;289;49
113;246;123;29
215;146;250;233
121;121;121;121
258;258;258;258
281;229;229;234
72;72;72;72
8;186;239;197
262;214;243;277
62;20;11;62
229;185;10;214
230;230;230;230
220;95;33;95
55;55;153;145
107;90;44;20
198;198;198;198
214;193;293;227
100;200;6;41
71;259;17;145
64;163;231;243
198;9;61;96
176;176;176;176
237;237;237;237
188;188;101;246
88;88;202;81
248;300;227;248
123;188;35;268
188;245;20;125
295;218;178;218
127;92;153;182
261;48;222;251
291;261;299;232
255;205;208;223
248;248;248;248
276;171;132;132
117;155;73;117
32;160;253;299
63;114;47;184
177;74;177;288
170;170;170;170
228;228;228;228
9;196;153;244
127;127;127;127
215;203;234;192
295;244;124;64
10;213;267;11
19;83;228;160
31;86;300;155
9;117;190;66
283;204;283;283
188;188;188;188
121;177;16;124
75;75;75;75
141;265;265;84
114;114;114;114
130;130;130;130
237;159;54;29
292;292;292;292
50;131;289;83
138;138;138;138
116;33;15;102
183;190;50;216
107;181;252;237
167;167;167;156
176;172;32;188
262;288;42;27
192;192;192;192
173;173;173;173
175;175;175;175
87;73;165;185
117;151;53;117
38;174;287;262
256;169;233;300
84;84;84;84
21;45;37;31
183;147;235;172
175;174;153;153
91;290;227;91
275;275;255;144
9;103;32;216
161;161;161;161
247;174;127;127
51;68;46;24
73;134;165;176
263;263;263;263
217;40;60;83
235;246;198;146
248;248;248;248
221;221;221;221
43;28;162;259
150;12;96;234
70;300;179;81
190;66;66;113
19;48;212;19
286;172;201;36
250;250;250;250
70;88;191;298
130;187;193;212
60;130;295;256
210;245;77;152
171;160;23;286
256;129;53;97
259;173;74;104
165;165;165;165
37;200;228;282
210;176;75;106
116;249;116;115
85;140;78;31
63;58;77;77
156;263;156;89
117;291;80;198
29;255;159;194
191;17;96;138
218;42;185;224
297;179;179;274
245;101;245;106
54;247;85;134
149;29;299;277
207;142;51;29
232;127;197;5
120;173;54;265
237;62;172;215
183;183;183;183
192;192;192;192
218;183;114;186
231;95;106;106
223;223;223;223
161;229;219;245
282;32;194;32
56;56;56;56
135;31;223;123
75;179;203;90
234;38;271;45
170;225;190;80
291;291;291;291
89;280;104;255
121;65;61;155
118;74;245;56
81;207;150;281
110;128;92;128
291;39;127;161
169;152;131;51
157;86;252;251
98;122;87;147
252;140;36;98
214;225;76;241
299;293;246;289
207;205;114;205
257;168;91;187
219;219;219;219
182;157;152;81
208;195;19;239
153;55;187;188
183;229;166;39
149;146;120;264
63;214;123;198
30;150;101;39
38;38;38;38
114;150;224;224
223;223;223;223
285;275;275;121
269;154;258;74
149;114;54;271
96;33;223;35
23;23;23;23
247;197;268;129
60;149;15;103
112;203;112;251
76;148;22;59
169;51;169;126
264;117;240;255
62;171;189;260
44;67;85;43
84;140;35;85
186;186;186;186
222;213;221;125
293;243;248;171
284;284;284;284
120;180;193;76
280;260;127;30
200;200;200;200
75;75;99;182
131;69;291;129
124;124;124;124
286;18;227;281
11;11;32;10
263;19;272;59
30;249;78;78
18;18;18;18
145;8;42;8
111;168;100;267
64;64;64;64
161;212;173;183
277;277;277;277
136;128;259;133
80;80;80;80
145;80;239;223
170;235;53;48
85;183;206;276
101;261;15;51
95;265;265;111
103;168;57;187
84;173;173;91
70;112;61;295
126;227;72;300
42;264;249;27
74;201;32;138
108;108;108;108
113;140;80;33
257;68;52;213
231;231;271;162
131;131;131;131
26;16;109;271
269;55;269;101
185;81;288;65
95;18;185;66
156;35;156;243
76;35;201;287
255;106;43;229
269;257;77;202
75;218;41;215
255;60;60;147
49;198;242;21
85;235;127;127
41;211;56;170
65;142;119;294
146;52;187;83
28;134;206;20
54;210;290;207
17;296;259;259
227;227;227;227
161;161;257;272
172;260;231;219
218;256;195;128
38;57;84;211
226;184;287;95
144;144;144;144
81;26;117;285
246;246;96;157
221;12;15;242
152;224;267;149
272;115;226;17
92;92;92;92
221;257;298;37
249;249;155;268
139;34;208;118
103;297;199;35
242;275;81;120
285;285;285;285
185;185;185;185
173;157;287;27
98;40;284;160
255;232;201;206
154;68;72;14
299;211;262;94
273;147;251;61
294;13;82;32
86;14;270;62
6;6;268;284
277;299;29;6
42;157;120;122
81;290;195;99
162;149;189;199
291;228;110;289
176;176;176;176
182;29;283;224
38;38;38;38
58;58;58;58
44;44;44;44
113;113;113;113
62;106;146;246
20;154;63;170
27;261;172;108
165;220;153;252
128;225;121;243
18;80;43;224
188;188;188;188
206;202;39;81
74;72;72;241
191;191;191;191
132;295;235;194
164;164;64;251
70;236;290;288
34;49;99;99
52;52;52;52
138;138;138;138
169;255;208;208
94;56;139;90
106;106;106;106
88;88;88;88
6;6;6;6
147;43;232;284
148;127;283;204
151;215;99;67
28;250;111;231
239;194;57;199
48;282;123;26
147;159;159;147
158;158;158;158
109;183;151;109
142;117;252;239
42;223;42;136
271;252;95;167
13;207;91;143
34;34;110;106
210;55;172;231
160;197;176;160
15;173;236;30
20;37;23;285
40;9;137;24
231;251;201;73
66;66;66;66
172;172;172;172
193;148;86;185
272;80;115;194
160;200;285;153
83;150;293;140
79;239;151;239
62;62;62;62
278;271;163;278
75;97;115;97
207;207;207;207
80;220;66;15
47;36;218;156
148;43;43;177
234;65;234;287
266;157;231;266
159;80;159;237
151;151;151;151
222;23;176;171
261;261;261;261
268;268;268;268
107;19;265;107
94;94;94;94
14;14;14;14
289;35;73;286
126;126;126;126
10;46;264;10
212;168;151;95
204;170;279;73
84;165;241;29
41;213;77;132
202;202;202;202
106;106;106;106
226;226;226;226
242;242;242;242
260;273;63;63
125;216;83;15
58;13;12;135
199;285;285;227
124;124;124;124
236;40;297;215
98;135;192;173
282;207;196;211
248;145;122;163
86;115;185;273
195;283;56;263
149;204;263;197
253;160;165;253
183;243;191;68
63;63;63;63
245;237;237;93
171;287;156;218
25;126;126;186
60;85;224;168
45;269;246;57
7;105;7;236
270;270;270;270
108;216;144;216
81;124;167;85
207;207;207;207
82;156;138;138
185;150;81;9
14;171;250;67
203;30;170;208
21;21;21;21
275;107;268;103
252;256;97;113
63;63;63;63
19;104;154;15
226;283;232;275
71;65;182;300
183;10;209;89
259;259;259;259
134;63;270;154
219;265;259;153
120;215;90;90
173;193;21;233
283;165;5;230
228;228;228;228
147;58;71;133
122;122;122;122
182;11;5;165
19;235;235;145
184;181;221;224
79;62;231;232
15;34;74;9
277;277;277;277
288;135;161;135
120;64;136;273
190;190;93;69
53;21;91;90
28;8;17;271
124;236;55;135
241;173;155;78
106;202;170;108
161;166;136;162
243;243;243;243
285;289;289;8
43;6;23;45
137;131;109;288
106;192;161;161
134;292;89;160
40;38;223;298
160;140;271;223
88;118;19;193
38;48;125;208
157;157;157;157
109;216;176;109
191;74;239;71
145;88;97;158
263;217;62;62
18;36;142;291
162;192;162;77
35;192;35;163
209;92;92;53
268;268;268;268
21;155;241;149
101;284;233;233
212;212;212;212
263;89;237;31
77;193;202;185
241;283;144;31
271;120;96;293
234;289;234;157
195;195;195;195
236;46;103;123
20;42;68;275
117;296;270;162
144;13;32;267
248;18;209;250
16;16;94;51
131;131;131;131
132;282;70;57
39;39;39;39
213;279;158;237
117;117;117;117
86;284;74;281
178;90;206;207
218;215;227;215
287;77;279;287
59;59;59;59
194;127;136;260
194;282;178;299
45;137;188;39
208;291;133;180
46;60;256;69
260;260;260;260
141;267;141;68
139;139;139;139
208;258;94;9
10;274;40;170
40;289;226;134
115;34;115;292
88;277;210;73
219;65;155;64
214;125;215;217
102;47;264;18
149;261;169;297
124;7;13;190
20;265;249;20
195;181;123;282
62;13;13;246
93;72;125;24
265;265;265;265
101;135;43;229
142;142;70;292
232;146;221;221
81;192;106;32
129;129;129;129
178;155;199;218
292;262;66;210
78;93;258;155
131;26;182;255
170;110;172;68
221;221;221;221
26;26;26;26
247;162;286;98
228;139;23;124
271;42;150;74
235;101;182;281
258;206;206;122
162;290;88;236
162;162;162;162
140;140;140;140
74;120;74;118
179;143;240;262
300;265;289;200
9;81;87;190
243;201;188;83
164;164;164;164
183;183;183;183
179;64;261;280
74;74;74;74
271;215;208;69
255;238;283;255
261;245;225;222
256;70;256;185
235;274;101;99
245;39;286;218
228;44;274;147
91;91;91;91
275;291;5;153
120;273;274;163
236;245;133;125
178;206;225;152
232;65;142;232
270;269;283;169
194;31;31;295
12;142;135;119
179;292;87;273
105;105;50;152
136;136;136;136
299;166;51;166
209;209;209;209
228;46;91;73
291;298;32;115
182;182;245;209
42;298;95;65
93;93;93;93
88;178;31;246
97;97;97;97
223;85;235;164
129;224;298;83
288;279;6;122
282;282;282;282
18;110;97;104
296;296;296;296
147;176;77;65
91;6;296;61
235;235;235;235
9;252;75;268
58;52;103;275
106;55;55;107
156;236;187;120
17;184;256;81
187;187;287;19
283;283;283;283
260;48;258;260
154;97;211;82
143;27;52;19
153;99;123;112
91;278;297;203
143;156;98;47
81;228;110;290
201;265;268;186
134;15;15;5
292;16;220;155
170;171;44;44
48;73;173;269
125;87;127;195
162;177;177;9
280;280;280;280
212;212;212;212
208;208;208;208
113;10;276;158
253;253;253;253
246;86;228;61
30;253;281;30
168;257;155;285
65;240;8;76
89;81;89;216
242;108;65;59
26;199;161;162
185;185;185;185
76;294;252;37
76;214;237;263
235;122;29;154
283;92;92;130
146;146;146;146
218;40;288;80
103;103;103;103
190;190;190;190
6;101;257;109
226;217;207;245
148;225;148;211
50;50;50;50
118;118;118;118
248;156;168;179
81;81;81;81
111;111;111;111
196;135;273;31
269;259;200;284
155;268;202;141
59;59;245;243
221;117;29;99
102;127;167;16
22;120;229;252
219;120;237;6
198;217;198;273
45;23;23;268
216;146;95;242
285;285;285;285
174;176;241;76
261;300;69;170
116;127;294;181
296;296;97;250
181;222;46;181
279;249;154;76
130;130;130;130
184;93;25;54
232;268;256;196
168;7;275;48
223;291;196;130
147;265;7;260
184;63;101;289
33;177;203;54
186;36;285;138
291;102;95;103
158;25;161;161
68;197;233;225
40;228;11;197
108;296;151;89
276;88;184;171
130;280;286;193
212;257;262;64
86;83;74;123
244;124;217;70
185;23;24;17
250;235;191;235
236;161;255;29
119;119;119;119
79;207;276;18
128;130;19;229
230;63;216;252
37;74;248;51
86;233;136;143
224;224;224;224
237;230;232;294
178;258;89;89
210;286;14;14
20;219;52;102
107;184;256;74
26;112;159;50
146;70;249;20
298;287;197;17
131;31;31;227
172;172;172;172
298;298;68;232
109;109;109;109
74;136;158;78
101;101;101;101
264;160;79;94
283;171;283;224
166;213;123;179
101;155;155;69
186;260;253;260
178;273;236;103
101;101;61;104
237;237;279;153
99;99;99;99
137;299;243;187
18;36;34;233
37;64;137;9
48;17;17;162
88;33;277;222
171;211;133;48
167;140;122;131
218;218;218;218
96;96;96;96
243;53;230;98
224;149;189;136
66;66;66;66
255;24;269;253
15;162;124;188
191;191;191;191
149;78;35;149
17;17;17;17
28;291;134;71
281;41;41;41
138;111;59;86
6;94;141;244
50;50;50;50
284;117;100;173
193;193;193;193
298;185;286;290
270;270;270;270
269;55;261;269
125;52;225;277
15;232;7;220
223;65;68;18
132;122;64;136
136;219;164;95
201;241;194;227
155;130;18;28
201;201;201;201
56;272;131;71
247;207;40;237
16;157;118;174
153;153;153;153
41;254;129;113
193;215;249;159
197;77;79;99
111;49;182;197
245;172;157;258
39;38;118;144
138;139;155;23
145;162;197;145
84;84;264;284
95;20;241;189
194;210;64;194
151;151;151;151
109;261;109;122
177;177;177;177
170;58;102;170
292;23;292;108
166;74;251;135
75;75;75;75
85;85;85;85
263;12;194;49
86;83;238;216
118;67;84;28
116;116;151;166
242;102;183;12
245;223;142;282
93;148;72;151
227;118;130;216
146;82;129;132
240;180;205;141
244;149;135;47
209;209;209;209
9;177;249;87
97;222;32;97
67;264;185;159
32;103;211;239
284;284;284;284
162;206;42;19
23;129;14;277
95;92;57;95
236;280;186;280
229;162;35;93
121;191;27;290
9;9;9;9
187;115;116;169
50;19;22;48
17;196;280;133
177;30;173;268
21;193;285;149
199;10;198;110
121;280;12;13
256;256;256;256
292;58;173;155
177;177;177;177
140;279;192;288
45;124;183;123
69;273;22;83
75;133;94;75
277;137;177;185
47;40;259;240
92;175;203;148
245;85;98;192
214;255;22;37
51;18;77;57
264;255;268;193
194;39;184;39
134;166;13;195
114;95;114;16
295;211;220;216
196;107;196;188
231;296;276;138
137;36;49;151
38;41;5;38
81;50;269;205
85;73;252;284
277;21;231;175
274;220;51;235
297;15;297;61
96;152;87;179
180;180;239;73
252;11;20;65
69;296;228;142
134;134;134;134
104;82;76;215
189;76;48;157
145;182;254;110
180;132;265;267
298;164;104;201
123;157;123;105
241;241;241;241
176;231;258;290
164;165;111;139
114;66;67;6
210;14;19;295
44;249;232;249
239;240;280;88
149;219;233;252
71;41;192;104
244;161;244;127
36;244;119;209
247;247;295;216
264;230;245;238
90;61;216;225
283;108;90;91
211;211;211;211
184;184;184;184
42;42;42;42
225;225;225;225
89;89;89;89
241;241;241;241
209;144;195;93
147;24;9;128
203;203;60;62
267;267;267;267
30;223;234;212
229;229;229;229
145;86;187;131
164;164;164;164
105;53;297;121
209;49;209;111
31;131;156;95
198;198;198;198
273;251;174;214
123;103;103;17
151;220;213;151
245;187;245;183
242;51;121;248
187;193;279;287
196;241;187;87
185;283;61;185
103;53;229;259
107;33;195;256
110;57;63;99
73;19;17;158
294;200;121;283
153;169;41;249
200;13;114;190
194;259;260;259
289;79;278;157
22;18;56;22
82;82;82;82
283;288;26;224
216;89;89;219
229;204;171;31
106;144;237;108
128;71;5;71
179;189;162;208
27;45;40;75
288;202;109;295
57;281;128;281
15;15;15;15
277;164;262;31
51;215;156;154
229;229;229;229
58;41;114;263
12;292;220;139
205;31;56;100
193;78;272;208
224;5;153;248
275;135;135;229
156;156;156;156
174;174;103;88
259;265;199;259
286;202;119;291
202;202;202;202
150;261;125;222
96;115;53;87
212;212;212;212
134;134;127;256
83;46;46;34
49;228;52;295
138;299;165;122
118;118;108;222
248;248;248;248
11;48;168;74
242;298;76;247
217;206;217;121
297;32;251;79
213;154;146;41
293;293;293;293
24;69;211;69
249;235;115;63
112;97;157;272
271;271;271;271
72;157;8;244
221;100;238;158
272;281;279;98
71;141;135;280
187;187;187;187
161;257;58;280
210;210;210;210
39;59;277;168
245;74;72;245
9;9;9;9
226;188;93;184
44;44;44;44
10;97;183;54
246;246;246;246
241;280;53;113
34;232;34;166
136;185;124;92
279;235;220;251
263;238;128;200
166;74;160;246
191;148;277;181
291;19;94;173
129;239;166;81
141;72;45;247
161;236;282;113
187;48;45;86
26;134;32;26
149;240;48;240
184;184;184;184
182;182;182;182
141;141;141;141
176;176;176;176
59;71;46;59
83;83;213;30
149;170;255;170
225;225;225;225
168;209;109;264
91;161;20;20
33;175;194;28
139;139;139;139
112;290;267;46
63;112;63;236
84;90;277;214
169;38;69;101
193;204;151;268
140;50;219;239
105;105;105;105
40;195;101;199
178;290;253;223
222;280;56;145
218;218;218;218
286;286;220;273
82;82;67;34
199;112;284;275
31;91;290;56
85;85;85;85
85;233;202;196
68;293;293;154
269;195;131;246
48;207;233;221
173;173;173;173
228;47;253;19
111;111;111;111
24;24;24;24
224;122;222;223
122;83;245;101
189;189;189;189
260;114;113;92
70;70;70;70
109;109;109;109
279;248;213;79
273;239;6;261
146;146;146;146
226;179;47;123
93;68;122;194
235;132;225;163
164;164;164;164
113;52;34;267
196;196;196;196
86;157;239;298
186;174;116;217
195;195;195;195
166;243;125;222
99;249;282;15
299;299;299;299
27;27;27;27
220;164;36;226
202;88;296;201
273;251;251;187
185;185;185;185
139;32;25;89
296;290;60;287
214;261;130;214
140;131;126;300
145;35;141;272
61;112;66;219
7;122;281;281
253;162;7;162
91;109;221;99
54;18;291;33
118;118;118;118
105;105;105;105
265;248;243;99
75;69;64;164
263;134;219;134
209;28;28;202
138;138;138;138
84;97;137;97
41;41;41;41
134;267;76;221
178;178;178;178
192;259;193;186
199;199;199;199
185;82;233;32
202;202;202;202
267;161;254;85
26;213;55;266
196;180;180;132
200;77;130;77
96;114;200;194
233;93;97;97
17;17;17;17
264;87;126;196
130;130;130;130
279;87;209;142
248;248;248;248
112;112;112;112
53;242;280;247
239;239;239;239
76;274;274;150
10;10;10;10
259;171;91;197
282;282;282;282
31;31;31;31
90;46;69;277
184;216;250;243
276;251;289;9
23;271;263;23
179;179;288;297
248;245;248;236
105;146;91;200
39;175;233;38
194;158;109;54
229;34;270;248
96;269;236;233
120;227;139;242
64;111;217;255
16;233;208;109
300;300;300;300
111;111;111;111
276;84;176;280
249;249;249;249
142;235;131;142
66;156;172;184
69;103;114;101
249;137;235;235
100;100;100;100
79;247;188;188
277;277;277;277
201;290;90;294
299;176;136;141
190;190;200;188
269;269;269;269
216;127;26;42
195;42;47;272
138;88;88;138
159;228;228;38
290;290;290;290
111;299;190;111
60;46;38;50
84;54;130;270
206;138;93;66
65;295;46;59
209;209;209;209
64;287;265;36
175;203;77;238
269;249;23;8
199;27;58;41
250;106;208;300
178;121;139;121
105;98;97;97
153;276;274;221
292;286;130;127
249;249;249;249
168;168;168;168
151;17;141;230
153;237;244;135
72;173;298;192
151;204;153;112
200;266;294;220
21;263;299;113
203;198;9;143
149;293;89;26
73;85;265;229
103;34;100;103
64;91;89;89
243;115;199;108
58;58;58;58
210;42;18;95
289;225;58;83
50;134;216;55
62;9;37;251
218;212;212;92
238;173;31;224
269;29;134;79
212;209;155;230
217;217;217;217
246;22;192;22
288;288;288;288
80;53;194;194
86;292;86;86
154;215;280;62
298;30;268;259
209;24;24;229
165;41;26;216
13;13;13;13
102;63;272;188
290;271;197;251
157;21;257;21
187;55;170;31
14;11;57;22
53;268;278;123
189;280;246;127
33;104;140;94
45;45;45;45
227;89;295;229
199;230;285;199
127;260;264;43
156;168;264;167
281;99;270;65
292;292;292;292
50;50;50;50
73;104;104;281
123;9;17;94
63;241;225;76
175;296;296;179
118;118;118;118
287;287;287;287
201;82;153;134
45;124;255;189
157;157;157;157
144;179;18;103
123;103;137;205
39;97;181;97
13;295;114;182
95;264;183;267
191;266;183;240
41;226;50;72
135;80;244;172
73;44;12;155
43;230;43;154
196;295;52;197
279;60;95;134
5;96;288;288
17;212;73;63
65;271;232;103
63;122;51;234
258;20;99;114
280;164;158;242
135;157;227;72
53;53;53;53
230;203;145;230
271;281;262;210
36;210;162;288
271;196;286;105
263;263;263;263
223;210;187;56
270;86;213;165
259;259;259;259
181;181;181;181
204;54;81;224
105;39;105;115
156;279;156;204
266;167;5;266
232;77;45;89
223;19;189;194
161;161;161;161
100;78;290;188
49;104;42;16
140;32;140;9
268;186;100;126
85;85;85;85
275;275;275;275
28;209;14;242
125;20;288;92
250;250;250;250
110;268;222;23
67;210;32;117
195;291;131;204
171;247;28;212
135;131;166;258
156;93;112;170
55;198;114;260
298;298;298;298
25;179;99;120
191;68;88;292
130;287;59;127
59;279;109;282
258;105;184;106
174;92;174;267
259;194;46;218
215;215;215;215
243;43;162;162
33;31;158;265
140;140;213;80
247;166;97;246
232;232;232;232
104;254;242;292
144;8;8;64
77;68;186;8
258;258;258;258
254;153;225;225
283;158;131;283
42;44;65;247
66;187;299;60
109;300;163;192
14;248;189;262
239;10;157;183
240;183;5;266
290;88;67;298
242;144;242;16
164;161;61;161
88;186;109;57
152;239;133;145
213;213;213;213
69;77;228;145
12;68;128;38
78;78;74;291
37;16;168;69
98;128;293;150
300;300;300;300
18;33;217;108
240;161;287;240
60;64;25;48
191;149;281;8
118;288;297;118
5;90;211;232
253;240;164;115
249;231;118;81
67;145;242;26
187;203;167;168
235;292;169;36
21;253;133;21
198;122;277;139
128;48;155;269
165;163;159;116
84;261;283;253
19;255;102;232
35;108;27;195
249;230;186;221
257;88;182;238
37;37;48;96
238;240;287;42
199;161;126;36
135;135;135;135
91;245;145;169
69;233;212;212
107;282;192;101
249;161;144;267
202;114;39;115
222;222;222;222
7;142;33;33
54;134;101;29
247;143;234;170
172;196;7;243
129;35;102;60
118;111;70;111
10;64;178;237
80;246;251;57
237;32;130;193
69;69;69;69
200;118;273;118
268;41;245;271
238;298;53;238
42;42;42;42
100;132;250;156
201;295;271;182
107;280;73;107
253;48;171;197
140;164;60;293
29;292;281;38
87;191;154;224
58;58;58;58
156;45;24;136
239;9;9;91
121;186;43;272
252;252;252;252
84;84;84;84
109;108;227;287
241;7;248;256
125;65;90;228
113;239;105;279
101;101;101;101
299;91;227;104
150;150;299;181
45;45;45;45
295;100;259;191
228;50;158;101
230;99;175;175
162;162;162;162
69;35;37;69
195;38;135;176
130;130;130;130
173;144;263;300
164;217;139;139
157;157;299;255
240;240;240;240
154;54;233;48
205;205;205;205
60;183;168;183
186;77;29;30
18;195;195;72
56;83;93;226
184;77;29;46
243;31;57;292
135;47;179;47
97;297;291;64
49;49;216;176
168;192;82;203
94;230;289;289
235;235;207;106
67;143;91;91
21;138;101;130
168;265;62;265
93;258;223;133
140;218;108;108
14;182;169;182
188;169;169;52
96;75;250;180
128;92;177;177
243;141;205;87
192;193;167;286
96;97;96;201
69;213;207;221
299;140;179;181
131;171;176;126
31;61;159;159
275;275;275;275
123;123;123;123
107;164;122;250
286;241;81;15
181;241;61;262
280;290;269;79
47;272;272;128
292;51;231;175
160;150;160;154
229;212;13;275
117;183;120;183
111;158;212;94
206;62;248;206
218;251;154;194
254;281;13;177
94;111;94;152
128;73;221;28
189;204;287;189
119;119;119;119
249;288;210;234
183;183;183;183
99;269;144;107
240;146;134;146
17;17;17;17
152;152;152;152
150;150;150;150
257;257;257;257
269;269;269;269
71;71;71;71
78;85;234;186
256;192;185;295
111;105;165;284
296;296;296;296
41;41;41;41
13;286;213;76
5;5;269;88
131;193;36;239
204;83;265;179
273;268;96;146
158;178;298;296
61;124;170;110
280;280;280;280
78;32;24;61
236;199;299;151
250;250;250;250
292;292;292;292
18;77;195;18
218;218;218;218
150;174;146;111
87;234;243;87
116;116;116;116
192;28;268;82
19;116;111;198
120;129;203;44
195;247;8;247
129;100;39;72
17;17;17;17
207;207;207;207
200;180;27;169
297;297;297;297
5;5;105;100
56;145;166;32
190;274;251;256
143;127;112;157
35;129;194;174
71;237;173;75
147;168;266;51
82;82;82;82
279;279;279;279
125;284;53;225
218;218;181;205
131;208;134;254
161;246;132;283
252;189;181;71
121;121;121;121
237;253;36;148
68;64;68;7
265;265;265;265
218;195;107;97
224;182;177;175
177;183;245;31
94;94;94;94
197;276;120;213
231;85;255;24
157;239;249;127
105;105;105;105
238;79;29;79
224;220;90;32
272;238;251;15
97;97;97;97
213;213;21;29
71;181;181;148
162;162;168;211
215;8;185;71
177;248;128;19
139;13;264;125
86;207;224;95
109;226;152;184
215;191;95;300
57;57;74;229
88;207;47;207
88;135;277;259
259;259;259;259
259;182;221;106
82;294;280;71
27;175;207;87
49;138;276;53
243;71;76;205
220;220;82;237
165;165;165;165
6;219;277;6
31;67;51;144
51;233;134;277
86;165;280;118
20;189;180;180
268;268;268;268
108;193;129;261
134;92;143;125
159;14;209;70
145;153;258;260
23;75;234;252
127;125;44;54
152;152;298;72
265;265;265;265
226;120;158;86
53;243;300;104
61;53;211;100
230;289;289;188
28;199;196;13
39;39;39;39
126;287;127;126
136;136;136;136
25;168;120;241
259;259;259;259
227;297;183;157
147;9;72;147
106;165;24;24
202;160;144;84
144;270;260;219
22;22;22;22
75;149;205;75
207;217;262;127
26;26;56;8
139;47;117;209
112;17;112;56
84;176;273;273
6;222;137;222
119;262;50;206
32;32;246;209
126;183;278;196
22;203;204;130
17;6;127;97
70;70;70;70
34;13;29;166
114;141;63;5
287;56;232;290
40;40;242;233
232;101;260;104
22;58;58;223
89;151;234;181
227;46;55;154
215;215;215;215
94;22;283;279
117;117;117;117
31;291;59;31
295;241;122;278
51;157;51;24
295;64;64;125
128;223;143;223
217;56;114;128
195;195;195;195
206;103;206;257
300;94;181;149
204;263;165;165
72;72;72;72
90;97;90;101
294;116;249;134
227;261;173;249
226;196;26;50
271;271;271;271
300;146;22;200
145;228;173;181
75;112;263;211
38;197;293;110
199;102;180;182
97;46;43;246
158;239;125;195
168;168;168;168
149;184;140;111
187;248;199;187
295;295;295;295
207;122;108;200
31;31;31;31
283;283;283;283
263;263;263;263
57;294;27;96
216;214;207;246
121;94;96;296
175;175;262;227
152;40;183;40
139;20;289;86
119;166;188;119
246;246;246;246
221;221;221;221
190;244;152;15
17;17;17;17
188;188;188;188
162;157;104;270
92;117;151;160
149;180;98;164
192;192;192;192
36;36;36;36
69;223;243;190
17;84;172;131
43;247;158;91
260;53;156;98
24;113;230;289
220;243;133;99
127;200;227;44
35;77;203;24
109;146;9;77
219;219;219;219
246;203;159;205
128;163;139;139
193;248;269;159
79;280;48;48
46;172;144;257
64;102;144;256
116;116;116;116
15;15;15;15
289;178;113;248
286;286;160;9
271;157;121;157
167;244;167;140
44;44;44;44
20;298;298;103
212;212;284;188
41;42;85;266
205;164;139;296
96;96;96;96
254;192;42;218
252;115;115;48
160;191;220;153
216;225;6;123
97;182;188;14
19;271;256;20
130;249;214;197
269;269;269;269
50;122;115;89
133;214;231;214
238;137;22;254
264;60;188;183
170;12;91;57
110;110;110;110
59;54;59;67
200;200;172;273
290;187;225;281
155;136;128;145
125;288;120;275
44;180;180;205
296;251;251;6
169;225;225;92
57;234;234;249
122;122;122;122
69;184;116;116
262;128;285;187
91;71;218;21
158;270;53;206
81;266;234;151
95;103;103;241
114;253;148;127
177;29;35;101
174;76;11;11
187;256;132;288
96;96;96;96
76;238;201;109
197;197;197;197
5;93;270;125
251;251;251;251
192;192;56;99
62;293;62;138
222;222;222;222
262;206;291;293
17;17;255;164
220;244;223;223
263;263;263;263
13;175;178;88
272;10;23;225
235;246;54;44
26;125;76;24
185;162;25;30
53;192;89;38
135;68;107;183
221;272;224;270
67;67;67;67
23;49;215;153
291;194;119;31
44;219;25;226
216;103;241;216
150;150;150;150
166;166;166;166
170;250;188;71
282;137;188;30
36;101;167;80
240;265;164;90
281;142;69;69
283;185;285;109
243;243;243;243
177;177;177;177
140;140;140;140
244;244;244;244
259;82;292;243
11;11;11;11
77;77;77;77
148;245;52;153
40;186;145;68
247;298;53;289
35;30;170;14
28;259;5;135
156;156;156;156
60;160;103;107
110;110;110;110
26;261;51;173
252;252;252;252
116;14;69;116
10;184;276;184
60;145;36;244
222;232;101;228
69;175;268;17
98;31;261;104
234;226;66;234
242;279;10;49
75;262;247;82
156;142;196;156
153;213;186;292
243;296;15;271
244;244;244;244
125;125;120;291
222;222;222;222
224;300;113;99
13;13;13;13
159;177;70;112
50;263;192;284
81;34;207;101
47;45;57;27
138;223;59;131
193;210;80;88
149;118;101;16
130;130;130;130
151;180;104;256
258;262;256;258
29;154;29;115
67;42;42;283
267;94;157;235
96;47;256;215
5;156;175;267
185;293;243;293
253;37;191;131
192;163;51;111
37;37;231;213
288;14;199;14
226;108;205;236
207;207;207;207
137;137;137;137
63;63;63;63
266;266;266;266
25;77;77;29
299;177;177;279
274;201;6;259
171;43;93;118
212;282;180;257
109;274;43;216
95;95;225;152
213;236;90;38
136;267;267;74
226;273;296;273
165;20;94;235
81;284;22;282
170;85;180;62
125;59;259;59
72;186;72;299
52;24;222;46
41;198;69;251
51;51;164;145
151;151;151;151
226;74;122;195
165;248;104;165
152;285;181;204
63;213;230;246
20;20;20;20
294;294;294;294
158;271;57;70
299;193;282;153
45;45;45;45
167;132;254;167
95;95;95;95
200;285;165;106
249;62;210;240
140;39;39;23
55;165;110;225
176;11;81;176
228;258;258;113
50;138;230;138
86;284;49;284
126;66;9;211
17;17;138;146
170;170;170;170
229;229;229;229
147;124;231;240
40;88;149;78
91;173;41;144
92;185;102;122
168;128;24;24
126;283;40;199
231;125;293;271
10;10;10;10
197;197;197;197
98;98;98;98
178;82;73;51
203;219;9;288
240;240;240;240
214;277;100;200
158;164;237;244
265;265;265;265
6;153;8;124
127;192;192;100
89;89;89;89
83;51;8;158
66;212;212;57
77;163;163;216
183;77;105;265
214;87;22;157
55;39;125;125
9;139;163;50
24;104;268;24
118;106;80;265
91;91;91;91
288;38;205;112
154;299;33;279
217;92;89;125
185;172;295;83
39;39;39;39
263;200;200;248
95;95;95;95
289;96;267;219
8;240;286;159
104;116;35;279
141;218;67;264
126;182;296;182
196;141;102;110
242;31;168;138
256;228;248;185
40;278;67;115
69;292;300;246
177;65;158;206
282;282;47;28
208;187;65;258
142;142;142;142
153;132;181;287
97;97;97;97
276;5;24;238
16;27;205;293
151;281;134;286
287;287;287;287
98;98;98;98
167;300;86;282
157;257;24;24
277;24;181;24
88;88;88;88
169;132;49;139
178;151;12;63
83;268;234;234
250;283;128;8
171;171;171;171
292;227;187;240
116;78;23;23
86;177;277;86
132;132;234;214
178;128;282;101
34;113;262;129
167;167;167;167
145;145;145;145
57;279;32;184
162;30;189;30
49;37;300;140
207;187;81;173
95;95;256;199
297;204;240;243
230;14;277;230
137;181;292;75
218;218;92;139
297;86;18;255
292;249;217;27
22;294;214;5
147;5;259;168
119;187;194;299
122;287;23;152
285;285;285;285
157;262;234;79
105;105;105;105
107;222;241;115
170;268;192;140
157;157;60;250
294;53;109;30
226;226;216;121
239;65;289;258
205;205;205;205
233;233;233;233
78;78;78;78
33;68;91;61
7;147;137;85
156;165;253;281
168;57;176;176
244;61;272;272
286;274;49;49
60;163;23;181
22;209;198;192
159;26;246;148
144;5;45;62
72;72;69;6
118;80;176;245
229;229;229;229
197;124;156;124
50;198;50;280
166;79;169;105
268;115;113;92
57;298;150;52
287;287;287;287
128;157;149;197
123;123;123;123
278;217;244;82
115;115;115;115
80;28;80;33
66;147;74;92
88;9;46;202
254;228;9;123
174;41;182;197
47;272;221;281
135;135;135;135
119;119;119;119
152;137;265;221
184;133;152;31
180;125;294;185
261;111;53;37
82;225;53;225
273;273;273;273
32;114;72;14
67;62;27;78
176;296;254;158
163;46;191;264
223;223;223;223
217;168;192;298
271;132;247;202
229;246;129;67
26;111;125;246
26;268;9;85
100;74;296;100
189;246;189;30
147;146;109;299
222;147;27;260
71;265;215;215
87;132;156;60
189;62;119;138
108;10;71;262
157;157;157;157
299;255;67;290
184;194;297;212
57;244;196;91
57;59;156;126
117;117;117;117
52;107;107;278
168;287;263;133
12;12;103;27
9;143;9;229
268;169;14;202
36;52;196;299
88;286;175;232
94;83;264;94
227;241;236;236
78;78;78;78
30;30;30;30
82;282;42;214
229;278;268;138
22;86;176;235
148;148;148;148
256;256;256;256
279;279;173;191
32;77;165;162
101;162;54;105
99;130;132;36
8;8;157;160
131;131;131;131
179;65;88;135
6;124;150;44
232;112;163;32
73;212;33;212
195;195;195;195
99;204;235;34
35;70;27;242
206;213;172;8
228;280;158;279
114;116;7;82
89;89;89;89
154;177;216;288
113;113;113;113
285;285;83;13
125;286;226;105
271;110;49;271
277;12;12;33
81;254;131;221
186;68;197;177
266;243;154;231
71;223;118;283
73;100;73;99
194;235;133;108
299;40;121;62
297;112;141;281
226;156;189;176
295;11;35;155
129;296;272;199
111;241;139;111
291;201;151;24
287;40;180;249
228;188;268;205
78;289;172;157
49;120;142;113
290;250;101;146
204;204;204;204
285;291;150;285
203;276;111;223
164;267;161;93
30;61;155;268
69;220;127;107
101;101;101;101
114;49;45;91
34;34;34;34
11;136;16;152
25;186;146;193
165;165;165;165
163;199;7;214
217;217;217;217
145;233;257;44
118;118;118;118
46;207;207;270
268;76;294;157
19;167;167;59
196;103;152;87
93;155;280;93
213;66;288;197
262;299;205;118
7;200;39;261
198;198;299;60
89;287;62;116
131;156;273;165
13;283;144;179
240;162;278;240
194;255;128;281
159;159;159;159
59;299;5;299
290;6;6;181
197;89;161;118
103;240;113;44
121;92;87;61
221;221;221;221
26;285;153;158
232;232;232;232
223;285;62;286
256;126;22;274
75;75;75;75
10;10;10;10
134;134;134;134
197;228;215;253
213;213;213;213
127;133;103;225
239;177;124;203
264;220;149;264
24;214;55;235
226;211;230;122
15;207;156;44
197;198;163;55
185;200;130;66
206;126;206;39
238;122;33;277
109;40;109;270
225;136;286;29
257;257;269;260
273;258;287;174
52;195;61;80
134;89;58;132
208;208;208;208
201;7;55;163
169;169;169;169
287;189;27;189
53;53;210;93
183;183;183;183
151;277;140;147
295;123;123;218
61;286;280;98
148;30;197;80
172;210;10;206
165;60;135;97
218;214;118;214
284;50;288;63
7;250;93;120
238;238;238;238
255;121;255;171
69;77;153;28
210;179;22;24
128;28;22;145
102;161;176;102
71;71;71;71
220;220;220;220
128;128;128;128
117;140;148;162
122;211;245;107
188;188;188;188
88;273;182;25
190;273;273;51
235;208;87;269
254;254;189;116
279;279;279;279
290;149;263;103
273;157;73;233
145;63;63;222
186;79;118;49
260;152;85;98
34;190;276;46
207;274;13;225
203;184;22;132
112;96;224;104
164;293;288;51
167;109;84;208
25;276;143;203
148;246;227;138
193;254;231;112
167;167;167;167
173;235;277;117
271;281;281;113
184;233;189;252
275;275;275;275
178;104;198;7
278;82;270;272
226;245;44;283
35;25;278;287
204;204;118;227
12;8;10;27
204;92;30;118
25;55;146;96
289;74;169;76
191;253;105;66
256;163;187;242
32;139;123;32
233;233;233;233
278;278;278;278
210;81;156;194
128;97;192;70
6;226;211;172
231;93;214;231
234;206;290;19
169;169;169;169
72;109;165;116
72;239;264;18
170;23;269;92
75;278;187;197
221;56;259;297
282;20;246;26
100;255;40;238
281;77;174;154
136;46;203;210
19;206;12;161
125;201;96;103
260;82;91;222
148;61;36;72
126;203;203;147
83;98;11;85
177;29;148;76
256;23;284;126
170;170;169;200
80;11;153;92
54;242;74;118
276;276;276;276
51;109;31;176
248;96;186;28
30;30;30;30
143;143;131;22
116;189;222;212
207;298;207;143
261;224;50;224
273;150;281;198
213;143;41;203
58;58;58;58
261;288;155;38
90;180;232;273
68;41;136;126
153;216;165;241
12;12;12;12
202;223;197;197
76;195;268;185
184;184;184;184
264;216;239;216
191;180;244;59
214;214;214;214
165;87;21;165
152;174;23;152
281;235;230;64
189;109;214;136
199;199;199;199
20;236;273;89
121;121;121;121
130;149;137;36
160;87;99;115
182;13;204;46
250;242;250;135
249;21;275;234
141;170;20;58
251;251;251;251
188;115;97;242
6;8;37;37
194;169;16;214
214;25;244;251
174;174;174;174
67;299;88;299
267;294;267;211
256;43;273;255
219;105;190;225
252;71;191;223
276;134;276;212
27;95;42;128
189;23;300;232
122;292;253;123
197;197;197;197
7;7;7;7
236;12;68;211
209;243;69;57
273;256;149;273
75;75;169;204
175;104;52;251
56;76;191;76
70;70;70;70
37;37;37;37
195;195;195;195
53;53;53;53
118;110;115;196
216;152;180;292
242;68;75;203
70;242;177;82
174;275;72;198
172;162;150;119
154;55;131;284
116;116;116;116
48;139;264;200
288;81;111;284
73;28;241;70
126;161;16;192
163;112;199;95
17;198;142;133
48;42;235;91
175;92;5;236
243;191;276;49
38;83;242;141
65;65;65;65
149;47;223;230
109;158;27;239
250;250;250;250
273;116;209;83
249;248;121;233
41;121;122;41
223;223;223;223
131;288;193;55
183;38;125;141
205;205;205;205
278;31;270;149
151;288;79;143
249;268;224;157
269;269;269;269
159;159;159;159
53;91;270;225
60;115;268;187
172;21;41;265
141;50;184;76
249;148;15;176
12;46;274;189
187;187;187;187
12;135;68;156
264;264;264;264
141;165;147;215
266;266;266;266
177;212;297;64
259;74;72;66
13;295;268;42
160;23;245;77
202;213;156;257
178;178;199;53
128;128;128;128
148;148;148;148
220;90;10;10
75;19;147;299
99;99;99;99
231;231;231;231
258;165;148;72
206;284;256;151
197;295;197;26
158;158;158;158
152;168;152;57
97;97;97;97
289;289;96;226
19;232;159;242
18;158;232;44
30;231;259;126
278;217;269;108
27;165;203;66
26;288;166;196
164;245;283;44
222;215;120;277
262;193;238;238
239;96;290;252
131;32;32;232
264;23;252;5
153;285;238;139
116;198;184;116
80;253;212;155
299;286;157;169
116;65;182;43
65;127;232;127
208;250;219;286
188;83;223;223
271;108;47;97
14;177;10;25
69;190;272;268
22;75;251;168
146;146;281;69
242;160;165;133
232;279;286;89
205;205;205;205
257;29;152;246
48;134;27;23
291;291;291;291
50;112;136;136
16;18;207;39
191;102;262;83
147;147;147;147
153;153;153;153
282;267;136;267
104;241;247;241
179;102;134;179
75;174;215;27
180;180;180;180
153;80;80;109
110;287;78;253
171;202;209;209
273;77;233;247
138;138;138;138
120;213;243;120
244;131;282;158
38;297;63;7
236;236;236;236
193;260;258;21
252;141;82;58
231;128;231;100
105;105;145;143
128;248;82;253
194;280;161;58
297;220;205;196
8;8;8;8
191;191;191;191
130;272;244;20
249;10;213;208
141;13;266;266
286;286;125;203
65;276;8;81
171;117;170;33
29;230;122;22
112;115;218;78
293;22;191;22
122;293;291;284
172;201;13;34
122;208;157;157
238;237;235;243
280;280;167;221
91;46;70;139
40;260;62;73
265;284;119;67
139;78;206;194
170;170;170;170
260;260;260;260
273;273;273;273
117;117;117;117
25;97;202;50
151;191;178;144
47;253;77;280
159;167;239;124
16;203;243;21
252;166;97;54
53;138;41;213
154;290;163;212
174;246;241;174
90;85;55;292
227;227;227;227
235;236;267;220
154;154;154;154
157;157;157;157
196;169;61;196
67;160;70;250
148;148;148;148
283;23;14;23
248;118;88;235
219;220;165;26
121;260;172;243
9;9;29;30
70;161;138;149
66;66;66;66
196;191;281;190
296;8;214;262
163;123;28;216
132;132;132;132
189;137;36;196
247;292;292;11
59;196;145;247
112;296;169;94
248;248;248;248
247;5;170;201
146;248;267;73
116;230;193;247
121;28;58;50
246;215;192;70
63;27;135;117
240;244;240;111
47;47;47;47
63;63;63;63
240;148;148;127
201;201;201;201
48;101;137;249
186;189;35;51
244;274;29;216
31;260;15;53
290;267;121;265
31;212;160;8
234;264;148;160
53;262;259;262
54;178;194;178
274;79;274;265
265;37;221;23
130;162;259;22
86;290;28;261
206;68;47;138
234;234;234;234
149;172;181;44
178;178;129;139
229;229;229;229
294;71;265;182
232;53;270;169
25;184;128;282
145;290;56;50
222;113;200;33
188;37;25;25
81;10;161;102
232;58;259;216
152;217;200;217
161;139;139;218
250;58;96;96
232;232;55;127
13;62;62;291
54;182;35;259
160;15;45;35
40;40;40;40
87;168;18;50
212;230;265;247
170;119;160;41
202;284;26;225
263;263;263;263
43;43;43;43
90;90;90;90
116;137;297;137
61;61;61;61
55;55;55;55
92;191;216;289
127;280;20;294
256;256;256;256
242;258;78;129
49;278;115;239
299;252;198;141
146;282;139;184
196;73;100;196
25;243;42;231
178;207;122;131
194;81;239;166
235;6;116;250
256;108;279;126
291;172;7;102
268;101;101;200
198;69;11;121
17;137;95;212
163;189;80;189
206;6;267;97
208;143;121;254
192;276;232;157
193;294;246;45
123;268;78;123
99;16;16;10
298;39;53;264
57;144;144;177
210;146;188;88
265;176;206;48
168;88;283;80
24;181;21;58
180;276;270;10
221;221;221;221
109;109;122;64
57;57;57;57
250;76;145;211
27;117;188;91
54;54;200;133
181;181;181;181
59;249;260;260
196;80;35;235
93;240;128;166
19;266;181;227
163;201;104;228
27;197;249;251
88;60;199;115
218;218;218;218
160;24;152;270
115;206;152;209
14;47;148;134
278;273;295;276
45;45;45;45
117;72;117;36
99;99;99;99
11;72;11;113
189;32;248;128
233;233;233;233
224;205;218;9
170;239;25;207
242;14;156;146
248;95;248;79
107;221;87;35
272;227;22;22
131;20;163;297
178;20;271;258
295;284;242;232
159;205;33;127
16;23;158;205
11;95;27;254
134;187;81;70
271;93;12;249
100;249;133;156
278;55;55;286
24;24;24;24
43;288;300;146
67;34;202;279
44;297;24;234
95;95;95;95
50;50;50;50
54;101;109;214
94;94;94;94
137;89;137;145
103;70;280;294
192;293;115;295
26;175;223;175
99;44;296;245
23;23;12;258
278;161;30;59
105;178;181;121
232;232;232;232
249;224;172;31
183;183;183;183
100;17;271;126
152;170;247;170
197;123;164;171
151;7;269;195
196;261;173;44
80;80;80;80
200;43;265;91
251;134;225;251
147;146;294;147
226;108;256;13
167;272;33;272
289;289;127;65
94;62;35;108
130;130;130;130
289;79;184;33
62;218;9;120
54;243;99;282
162;145;60;72
99;99;99;99
204;30;204;186
71;283;77;87
288;257;198;109
213;213;213;213
199;199;199;199
66;170;237;143
135;224;296;57
47;251;127;224
283;220;68;132
232;190;131;54
216;216;216;216
157;217;279;38
262;110;118;288
238;8;125;118
133;133;133;133
27;219;37;35
205;205;205;205
227;227;227;227
164;47;69;221
125;126;77;97
251;72;104;235
213;126;294;213
24;281;147;24
82;64;150;102
196;80;62;73
87;199;82;125
216;91;163;141
108;55;55;235
257;193;257;101
200;111;111;92
297;168;45;205
46;101;280;252
284;209;53;284
197;296;50;86
67;137;67;227
190;98;294;231
227;39;287;13
91;258;193;141
81;81;81;81
202;115;278;62
131;9;131;130
148;256;115;254
46;13;31;193
176;163;130;278
118;157;24;270
192;85;107;185
209;125;206;52
177;130;213;28
225;225;225;225
24;134;19;198
64;84;262;175
46;143;114;64
223;256;178;178
120;120;49;40
258;258;258;258
213;251;174;63
283;283;283;283
294;294;294;294
196;196;196;196
153;134;149;240
102;102;102;102
20;147;122;152
145;189;234;237
5;5;241;62
57;202;221;292
258;39;45;263
80;80;80;80
298;64;187;151
142;15;82;15
157;107;5;9
219;19;107;211
169;169;132;213
51;107;107;59
287;65;211;128
24;10;150;9
145;253;191;247
269;37;93;249
24;250;29;239
39;39;39;39
204;204;284;278
81;203;97;264
284;284;284;284
110;110;110;110
6;6;6;6
71;264;273;107
190;102;190;236
161;104;161;64
152;152;152;152
296;296;296;296
263;234;216;142
143;143;143;143
87;24;137;181
103;282;41;159
139;214;47;16
178;27;288;288
174;68;174;177
223;261;283;282
243;172;253;241
147;44;221;143
215;215;215;215
135;135;135;135
117;160;141;117
70;263;74;223
168;222;272;170
162;162;162;162
132;290;290;95
49;65;146;41
85;85;85;85
252;160;214;253
92;55;203;55
244;272;262;164
225;295;267;280
172;132;291;156
173;137;223;180
78;70;42;42
298;90;120;41
193;193;193;193
180;107;267;289
83;128;91;91
18;253;129;168
49;49;49;49
119;65;280;59
256;122;77;20
188;255;217;152
215;91;204;251
211;44;149;13
284;113;253;9
214;262;191;191
119;166;70;98
205;229;150;137
109;109;109;109
218;270;28;32
237;238;122;122
32;95;286;177
209;42;92;42
273;290;166;37
144;144;144;144
215;8;151;147
207;207;207;207
39;149;119;149
164;188;164;288
97;241;69;213
51;51;51;51
259;259;259;259
32;255;97;77
239;297;79;114
12;12;12;12
276;16;268;276
140;246;277;140
300;133;277;84
100;51;51;151
9;9;9;9
24;281;40;271
229;93;184;93
17;169;288;269
216;135;124;89
86;175;107;90
228;153;267;5
84;22;27;227
271;85;200;178
228;266;11;100
167;167;167;167
242;242;242;242
72;72;72;72
252;252;252;252
94;236;15;72
137;55;260;178
7;44;88;90
177;156;127;196
151;231;91;213
69;50;238;211
256;51;247;268
74;11;251;65
142;271;250;31
298;218;70;33
72;252;272;129
278;68;117;143
236;201;282;71
183;238;237;237
254;254;183;7
170;124;47;133
280;276;159;82
62;110;155;159
166;88;86;161
241;282;61;282
85;292;256;32
87;126;65;222
31;172;107;9
147;55;10;294
162;277;53;194
299;121;159;98
153;187;75;21
77;77;77;77
297;40;293;293
26;26;26;26
176;67;189;265
220;270;79;87
159;180;89;174
287;243;148;126
180;251;145;164
159;244;208;138
96;96;96;96
221;152;299;201
244;246;33;181
223;172;223;88
147;270;62;147
185;185;185;185
25;254;171;124
154;154;154;154
299;266;31;287
12;33;184;249
167;230;117;110
266;168;112;74
123;252;146;134
252;204;216;188
54;196;121;97
130;130;130;130
142;146;7;43
279;47;176;178
287;38;241;300
48;79;71;158
20;151;26;101
27;276;126;27
58;76;201;26
8;155;198;96
52;52;52;52
283;8;288;146
85;255;85;141
191;269;167;210
117;117;117;117
257;196;77;157
143;286;264;213
237;94;33;216
108;108;108;108
28;224;108;224
232;6;289;203
106;7;182;272
264;195;124;284
195;195;195;195
266;121;37;38
232;260;260;263
238;38;107;246
213;217;136;9
101;101;101;101
11;220;140;114
236;248;178;68
290;290;290;290
256;81;13;43
202;59;202;148
200;200;200;200
55;218;141;79
263;53;68;68
7;202;41;122
174;174;174;174
255;251;73;184
77;270;112;142
183;93;277;183
291;291;291;291
287;38;72;287
69;37;159;260
294;12;136;253
84;260;259;219
163;216;232;148
179;84;132;114
229;254;152;229
234;93;246;72
140;140;140;140
144;148;232;183
6;261;159;231
217;173;250;31
122;122;122;122
88;64;247;225
263;263;263;263
24;221;129;221
181;216;295;295
94;120;129;35
176;180;137;176
212;285;33;70
162;166;228;83
129;268;198;27
205;287;297;170
40;107;40;33
190;166;182;203
129;129;129;129
237;237;237;237
144;5;18;226
297;176;98;109
95;95;95;95
201;75;201;208
21;235;164;96
186;105;132;296
214;130;142;267
248;98;256;39
188;296;277;29
41;31;181;267
68;261;136;206
87;87;87;87
163;163;163;163
43;127;153;84
178;178;178;178
213;133;31;133
116;116;116;116
33;191;102;292
172;83;40;143
212;136;231;179
233;39;91;39
44;130;197;161
211;211;236;118
65;65;65;65
121;119;68;101
111;297;136;136
144;164;209;203
74;211;145;230
228;157;166;247
8;116;176;87
55;253;264;194
108;210;128;52
232;12;80;186
232;104;262;216
225;223;124;107
248;37;189;223
217;133;76;215
184;184;184;184
125;170;218;90
21;102;15;289
266;171;124;84
12;132;242;132
65;242;19;58
71;35;17;56
258;194;59;68
122;262;15;16
230;230;230;230
68;287;257;105
72;110;9;17
139;102;155;188
144;120;116;38
229;229;229;229
288;269;168;192
14;135;40;91
281;281;9;279
115;115;115;115
69;69;69;69
228;100;170;16
66;44;222;172
248;291;173;85
36;178;47;92
175;266;208;105
147;147;147;147
137;160;44;133
120;97;266;120
204;204;204;204
252;9;149;130
178;178;178;178
124;124;124;124
230;203;88;54
18;133;18;156
218;127;12;218
291;291;291;291
204;204;204;204
122;286;294;287
126;239;233;147
208;140;104;140
274;69;297;96
271;266;103;19
132;132;132;132
5;5;5;5
131;70;47;47
217;217;183;5
181;123;158;285
38;23;76;79
149;214;196;271
272;112;80;103
128;36;36;161
106;106;106;106
107;251;148;238
76;51;211;49
20;44;267;254
85;85;85;85
117;233;13;233
210;219;35;121
292;198;198;14
33;78;162;128
258;97;106;234
142;83;95;55
230;173;133;76
104;268;56;187
120;116;255;67
225;203;60;203
222;182;188;160
184;184;184;184
292;136;273;220
155;155;155;155
237;78;246;198
211;184;81;13
242;242;242;242
19;19;19;19
282;16;220;16
199;199;199;199
31;49;287;251
186;178;224;178
113;35;184;197
274;274;274;274
114;246;246;109
236;209;161;173
23;65;251;278
297;297;297;297
268;37;42;195
51;110;167;268
298;190;270;121
246;143;218;222
176;247;100;189
13;56;60;287
53;51;56;183
190;120;190;135
181;243;297;71
162;296;68;237
90;277;103;222
172;272;77;254
48;206;203;55
77;66;13;159
267;267;267;267
212;289;138;167
161;161;161;161
254;138;136;185
233;12;21;199
110;63;99;270
259;228;259;104
284;284;284;284
144;144;144;144
88;271;60;271
282;164;220;12
228;225;140;225
133;133;133;133
58;41;238;79
213;142;79;84
15;236;98;295
21;234;239;250
83;249;287;197
275;116;94;176
14;118;148;237
125;15;148;43
58;192;238;192
177;107;211;116
285;21;45;30
271;24;47;254
148;35;119;283
183;36;162;99
169;153;178;99
142;142;142;142
213;213;213;213
268;35;105;105
204;261;244;269
228;228;294;169
158;100;265;288
196;196;196;196
265;265;265;265
246;246;246;246
72;72;72;72
32;169;169;122
225;234;234;213
116;90;60;235
21;243;147;243
212;212;212;212
59;76;69;284
181;235;25;273
170;43;237;286
94;236;169;23
141;225;148;96
35;129;247;295
284;47;147;149
206;195;5;17
164;164;164;164
6;120;296;141
232;232;232;232
204;204;204;204
222;222;222;222
8;260;81;81
161;70;98;98
95;95;95;95
225;87;228;87
259;225;54;209
39;39;39;39
214;214;214;214
275;56;286;71
235;149;229;204
61;276;63;114
45;45;45;45
195;195;195;195
39;39;39;39
56;144;144;273
190;68;118;190
51;54;130;260
220;220;220;220
193;209;220;105
276;49;170;5
61;61;61;61
235;159;9;185
67;245;220;118
158;67;158;186
53;53;53;53
191;8;224;191
292;234;283;283
26;106;192;26
207;207;207;207
288;160;114;108
258;140;11;109
199;230;232;139
20;76;258;252
43;43;43;43
12;7;130;7
80;43;191;80
59;251;33;295
105;131;203;241
116;20;233;116
148;198;215;148
87;196;94;196
158;158;158;158
7;228;143;7
264;264;264;264
88;88;88;88
134;34;73;114
83;280;88;280
113;227;101;113
52;248;17;135
96;96;96;96
262;284;51;232
188;198;198;253
98;17;201;11
181;253;163;90
280;77;84;269
45;45;45;45
247;300;157;200
189;272;24;285
283;214;10;121
21;40;21;222
223;223;223;223
136;141;235;284
38;38;176;22
92;98;191;92
64;50;179;293
161;24;142;38
78;253;78;231
178;276;171;231
202;148;11;186
79;79;79;79
29;280;108;37
269;269;269;269
229;248;235;272
118;118;118;118
289;129;225;162
170;170;170;170
102;138;15;53
204;204;204;204
251;251;251;251
25;76;15;136
232;82;88;128
58;271;57;271
100;236;221;240
148;190;148;273
300;288;247;88
122;284;43;207
35;268;174;279
137;56;47;46
27;170;166;48
50;50;76;214
277;209;191;88
212;68;7;150
279;98;65;143
251;219;86;87
55;208;268;177
91;91;91;91
161;291;268;123
140;140;140;140
153;169;16;75
204;153;100;100
39;232;272;272
275;275;275;275
91;142;40;190
210;293;293;146
162;196;80;268
284;135;30;253
267;31;59;77
146;146;146;146
143;278;293;199
155;41;43;41
264;215;194;203
211;108;28;234
212;86;217;27
42;174;50;266
19;55;254;133
91;215;26;270
162;98;93;114
269;300;81;247
154;174;207;138
93;149;206;260
46;11;212;198
6;272;64;197
73;278;158;292
261;53;99;43
227;78;226;136
104;104;104;104
95;238;106;277
63;238;180;263
275;225;214;169
209;132;232;279
296;296;46;265
97;140;240;168
74;286;71;74
139;139;139;139
208;103;96;274
91;207;50;91
200;75;272;253
129;139;144;118
79;79;79;79
250;250;250;250
196;133;125;259
88;284;104;289
270;22;200;288
214;221;286;214
233;253;87;45
244;244;244;244
139;206;139;57
229;246;43;58
283;283;283;283
298;266;80;298
250;21;164;10
94;262;174;56
227;227;49;92
167;167;167;167
286;69;180;44
97;271;157;211
33;274;286;33
92;225;63;239
246;78;179;94
244;22;169;299
273;146;246;232
19;234;77;77
6;6;6;6
46;47;251;287
102;17;158;182
87;87;87;87
216;163;34;265
233;44;67;103
92;246;163;29
29;292;68;29
170;112;241;112
176;52;186;56
66;99;99;149
21;206;222;127
45;159;37;50
85;281;21;21
124;78;186;300
58;48;131;191
15;8;178;131
112;252;237;134
165;109;285;228
114;114;114;114
285;202;120;138
264;264;264;264
135;6;17;50
130;130;130;130
239;239;239;239
128;60;261;229
108;246;164;242
204;139;139;12
278;278;43;16
192;157;122;115
239;230;6;285
119;43;27;147
246;227;92;246
113;65;288;113
166;290;227;284
84;295;146;133
261;189;25;187
131;67;131;191
63;75;211;142
99;99;99;99
265;286;9;234
145;58;172;164
243;243;243;243
99;163;140;132
161;10;71;295
284;270;116;107
254;254;254;254
137;233;190;190
114;224;104;212
81;169;70;70
53;175;268;297
62;192;249;53
181;250;115;55
86;57;57;269
254;254;254;254
68;297;59;65
88;120;172;146
285;285;22;33
119;136;280;39
251;208;19;174
90;287;286;191
253;253;253;253
120;120;120;120
111;75;102;128
166;166;166;166
299;299;299;299
264;80;39;263
269;202;63;146
186;221;8;210
111;150;290;186
54;7;146;146
29;293;60;293
116;116;146;22
117;117;117;117
268;97;257;34
186;49;199;45
287;224;224;189
71;80;97;102
55;186;186;135
14;265;14;16
185;185;247;22
228;151;35;40
189;106;250;74
139;48;65;24
149;148;292;244
75;50;108;67
106;8;188;27
165;290;299;202
215;109;109;65
60;60;60;60
44;44;44;44
201;102;63;152
193;165;165;49
117;117;117;117
177;192;123;37
94;69;20;248
13;65;178;292
201;284;11;163
291;172;142;281
134;36;99;11
13;187;13;202
48;274;197;203
161;263;281;84
23;278;173;167
91;260;91;179
28;227;33;30
90;50;184;115
73;73;283;38
156;22;89;239
230;266;262;266
223;84;128;252
217;217;217;217
289;289;289;289
19;132;50;290
184;205;59;51
62;62;9;156
102;250;73;299
225;225;225;225
233;149;98;246
197;42;173;173
229;229;229;229
40;212;289;198
282;277;186;10
39;39;39;39
79;79;145;129
28;85;135;278
298;235;143;126
150;150;150;150
262;81;193;131
297;197;39;297
54;64;251;64
174;290;256;195
191;100;198;136
30;237;163;128
128;280;74;274
223;223;223;223
6;274;167;250
213;213;213;213
260;260;260;260
276;219;163;30
47;47;47;47
186;93;163;172
151;131;108;264
66;125;18;176
55;94;48;117
186;186;186;186
154;52;28;250
165;165;165;165
200;64;62;95
204;234;127;294
116;222;67;272
249;67;50;171
204;227;188;223
297;277;17;217
5;52;17;17
120;86;77;120
78;78;78;78
7;7;7;7
58;277;32;232
178;128;178;196
245;234;269;267
60;60;60;60
103;281;266;136
20;75;75;227
237;204;65;12
181;209;227;72
70;70;70;70
145;7;230;163
145;265;95;95
73;144;216;76
139;83;173;101
154;125;278;98
122;198;25;89
221;114;201;274
11;225;222;28
55;180;206;131
129;129;129;129
273;273;170;74
221;118;273;118
237;25;21;6
291;70;100;191
188;23;149;143
266;13;13;155
103;251;252;194
300;228;110;300
184;61;39;132
276;216;52;192
116;106;116;233
255;117;86;192
282;67;142;252
184;209;98;28
206;197;224;238
60;60;60;60
200;285;215;200
67;38;282;290
295;11;123;182
213;72;41;67
168;105;7;112
260;234;270;256
207;32;238;38
98;37;138;138
44;84;155;76
156;156;156;156
132;225;141;56
58;58;58;58
70;278;52;180
225;217;61;195
251;296;55;31
190;51;41;51
190;260;288;260
146;153;146;13
98;213;165;141
239;177;69;113
183;126;31;7
14;23;265;148
75;75;75;75
170;179;199;97
193;193;193;193
24;32;189;46
120;207;246;173
162;189;210;114
33;33;33;33
258;287;141;223
8;187;188;255
26;185;186;256
175;175;175;175
167;216;223;230
119;119;144;78
248;248;248;248
158;184;259;173
208;208;208;208
284;270;208;13
271;215;298;163
68;191;58;23
84;143;107;107
205;40;290;136
218;249;44;170
196;80;53;291
16;16;16;16
11;224;142;171
212;73;285;159
160;159;64;211
260;229;183;148
20;191;187;191
135;148;94;94
5;143;36;143
237;253;153;160
209;183;271;183
178;288;58;150
232;231;55;131
258;258;258;258
144;107;235;112
33;253;254;163
34;34;34;34
205;83;77;265
117;229;158;140
299;291;39;212
245;245;245;245
202;48;95;45
225;54;156;128
58;43;299;222
48;291;211;187
164;279;178;122
216;117;216;91
188;251;161;92
49;241;38;107
176;176;162;219
295;113;30;295
183;211;263;37
299;113;292;97
168;272;15;167
184;184;184;184
105;105;105;105
197;95;226;56
241;241;241;241
217;217;217;217
35;286;66;35
96;202;202;19
160;76;226;95
26;26;26;26
262;24;262;68
128;114;184;23
223;85;38;140
294;294;294;294
27;213;185;213
119;119;119;119
292;292;292;292
172;172;172;172
29;122;224;122
259;224;107;165
165;262;72;79
190;190;190;190
101;101;170;114
246;246;246;246
263;263;263;263
134;58;147;142
202;280;49;183
107;54;33;246
242;210;127;242
237;198;258;248
65;278;5;152
282;19;33;33
277;297;9;107
212;188;47;212
164;164;164;164
8;279;171;95
204;24;293;174
8;255;274;81
193;255;179;67
272;272;272;272
279;126;64;88
34;34;34;34
80;73;80;170
86;86;86;86
15;15;15;15
290;256;213;58
63;119;208;63
85;240;91;149
14;115;163;253
163;164;163;45
28;286;43;25
163;163;163;163
179;227;250;216
172;97;247;142
207;207;207;207
144;144;144;144
116;190;11;276
28;19;77;180
221;77;46;116
179;144;185;207
10;177;291;200
137;132;109;249
295;174;119;247
279;114;9;270
77;174;77;213
14;263;268;281
101;188;21;126
215;194;176;253
205;272;121;248
61;61;61;61
28;283;283;121
21;21;21;21
52;52;197;276
299;199;106;243
109;248;49;103
73;73;73;73
9;126;275;104
288;130;229;141
19;170;195;29
181;181;181;181
20;20;20;20
245;245;245;245
281;281;281;281
226;226;226;226
211;100;64;100
207;130;27;181
95;96;174;132
274;5;97;257
240;291;67;67
223;165;165;112
62;62;245;253
192;192;192;192
38;210;210;275
222;76;188;241
14;239;147;116
286;247;43;204
267;267;267;267
230;274;237;164
203;292;84;31
83;211;97;172
268;89;158;219
232;232;232;232
286;88;158;200
156;156;156;156
140;95;177;90
58;43;175;190
241;17;287;126
234;77;74;218
94;283;251;177
75;297;36;166
255;161;212;125
36;124;124;48
180;282;101;107
246;237;213;178
39;275;100;153
264;229;123;123
256;235;34;5
262;125;18;159
76;300;297;47
29;270;260;232
203;92;25;9
248;224;276;241
252;108;207;59
7;195;202;137
165;136;242;242
174;114;250;168
276;128;81;183
250;250;108;294
16;60;215;16
117;117;117;117
299;299;299;299
71;162;174;13
202;143;63;277
119;71;119;223
173;110;283;132
8;282;214;60
138;138;138;138
194;283;178;271
77;220;34;53
130;133;247;78
241;241;111;91
257;187;139;139
100;250;277;96
107;107;107;107
149;234;101;168
287;277;63;251
257;257;257;257
109;185;286;89
226;226;226;226
55;160;184;194
276;108;9;128
241;58;219;248
71;63;25;20
16;216;69;264
253;253;253;253
263;131;14;14
178;228;62;151
45;85;8;85
169;148;148;26
137;65;103;184
101;200;187;101
193;155;165;202
26;239;239;191
30;94;55;44
35;206;150;35
255;201;201;44
177;177;177;177
60;60;60;60
67;151;194;67
112;10;8;126
34;235;33;234
59;197;77;149
100;124;67;283
112;74;217;72
220;220;220;220
66;21;21;254
16;277;242;32
40;48;294;61
102;283;34;34
105;250;271;250
219;219;219;219
118;118;118;118
189;133;186;276
238;274;6;73
269;82;168;209
155;179;100;152
288;146;243;288
43;295;44;246
68;68;68;68
155;142;247;240
68;68;68;68
148;55;82;140
120;258;204;235
43;99;79;127
105;105;105;105
130;246;97;232
82;84;99;39
223;128;128;75
102;238;63;254
106;163;102;279
211;119;292;110
118;243;163;131
104;174;298;271
106;277;277;185
142;142;179;212
6;279;31;31
36;36;36;36
230;200;12;220
131;259;122;168
37;37;37;37
212;251;251;225
159;96;115;117
229;102;197;64
60;284;294;294
230;230;230;230
111;146;259;146
158;46;222;118
293;261;220;261
155;251;146;251
111;75;214;205
287;120;101;97
170;231;234;170
170;170;170;170
20;248;227;38
293;282;255;115
11;234;189;181
5;237;253;261
286;286;286;286
125;136;125;260
161;99;296;17
290;87;87;272
99;93;281;281
235;235;235;235
135;63;63;155
278;75;281;136
117;99;31;46
140;76;76;90
286;121;276;33
28;298;135;225
42;93;115;254
20;20;20;20
135;248;46;132
161;161;161;161
43;43;43;43
102;115;71;222
253;292;136;130
60;60;276;78
109;228;255;228
63;134;86;25
222;148;145;194
6;235;15;261
129;42;42;16
63;63;63;63
143;186;168;118
247;247;247;247
93;121;281;283
127;217;288;133
82;6;133;170
65;115;115;180
290;189;108;163
177;177;177;177
153;259;164;211
254;254;254;254
19;19;19;19
144;130;281;213
40;223;195;33
5;141;76;89
204;204;204;204
36;155;155;27
167;120;183;42
130;66;211;138
267;95;61;153
188;110;188;299
20;12;25;142
95;177;95;296
201;248;146;39
119;19;251;95
292;69;36;62
216;297;278;251
184;200;85;130
234;258;169;286
176;73;131;20
68;121;178;178
37;37;37;37
286;149;239;222
297;297;297;297
275;212;271;238
292;249;21;119
150;45;281;281
231;231;231;231
107;38;121;226
171;15;194;298
10;168;283;283
147;51;130;238
17;69;111;181
182;182;182;182
49;194;189;242
25;25;25;25
182;182;182;182
286;31;286;270
265;265;265;265
229;149;239;225
92;104;94;156
35;71;183;226
278;221;171;197
35;47;58;227
63;7;208;272
37;37;37;37
8;27;205;220
103;103;103;103
236;119;46;110
285;206;206;8
155;283;15;155
153;79;118;233
189;155;33;260
224;230;294;275
133;258;206;242
192;19;16;136
137;223;212;212
235;119;74;217
183;23;144;272
227;290;83;216
32;293;64;132
142;161;127;43
50;231;79;9
184;179;153;99
295;223;222;234
145;232;162;6
288;295;196;224
276;179;229;72
290;228;292;285
117;54;247;54
26;104;128;201
261;261;261;261
273;77;244;244
148;12;25;297
290;172;91;266
250;250;250;250
272;168;61;273
157;18;147;29
41;264;7;7
36;246;135;290
121;263;67;216
19;300;61;193
270;92;214;89
123;123;123;123
198;109;22;157
71;71;71;71
278;278;278;278
198;21;213;23
184;184;21;153
233;32;32;72
119;244;17;119
292;237;39;120
257;257;257;257
215;98;265;90
5;5;5;5
251;282;57;186
267;285;35;45
58;58;58;58
237;135;154;120
269;269;269;269
154;198;19;284
237;194;237;8
272;112;272;295
33;40;62;103
204;269;99;119
6;277;270;75
188;76;273;76
110;110;110;110
172;161;52;194
246;246;172;14
203;55;111;103
61;156;255;255
62;300;67;48
284;284;284;284
233;227;156;102
240;106;92;57
19;277;208;228
222;133;39;222
9;121;96;256
120;255;217;48
91;135;174;112
149;87;222;132
76;90;99;36
213;266;214;242
211;48;251;283
265;116;197;252
108;139;176;255
255;255;255;255
241;17;186;246
295;184;259;173
237;237;242;283
52;190;20;154
194;258;162;189
256;104;294;198
27;73;67;70
163;163;163;163
219;217;151;229
45;146;36;272
15;190;207;92
41;258;293;300
147;195;195;226
289;289;289;289
24;50;83;286
294;181;52;268
37;178;181;145
103;190;260;134
25;25;25;25
94;94;76;199
260;241;164;283
269;145;175;235
98;83;287;83
76;206;141;232
260;52;156;126
66;282;220;282
251;9;67;207
230;151;253;246
11;107;107;181
192;192;192;192
205;46;52;52
150;150;256;264
258;258;258;258
56;56;56;56
56;40;41;65
265;265;265;265
194;15;180;64
198;251;251;108
188;188;188;188
82;75;172;264
134;134;134;134
195;195;195;195
35;35;35;35
274;272;210;36
276;276;276;276
245;245;245;245
207;115;115;114
235;81;142;88
21;215;70;197
232;234;138;292
71;37;240;200
283;283;283;283
117;145;248;15
16;16;16;16
199;17;264;234
268;246;103;268
194;111;191;205
196;196;175;12
42;96;12;12
141;170;262;56
63;108;58;256
6;6;6;6
212;222;184;213
283;32;254;117
205;280;151;32
168;91;198;257
130;299;282;195
153;246;106;136
16;209;34;259
283;283;96;187
239;255;250;116
229;229;229;229
15;234;64;276
42;125;54;192
217;170;187;170
293;41;126;8
54;243;184;223
280;270;82;82
231;245;158;243
53;53;53;53
61;279;239;158
172;6;48;170
212;212;212;212
252;120;252;77
140;140;140;140
190;190;190;190
144;144;144;144
293;225;293;295
15;23;289;127
11;17;195;246
157;157;157;157
286;15;71;65
248;68;98;242
275;96;244;288
235;134;21;235
147;285;132;297
193;282;164;117
188;85;85;238
285;217;238;150
261;73;208;140
267;294;217;38
97;271;280;103
6;81;151;109
28;226;190;190
43;43;13;298
133;133;133;133
206;251;272;110
84;84;84;84
122;122;122;122
162;16;27;88
40;266;42;266
70;242;197;220
98;178;180;159
52;17;105;141
193;24;290;193
42;287;261;218
221;265;300;176
74;206;74;163
283;159;42;283
242;97;114;25
135;135;135;135
272;158;272;131
115;115;115;115
44;70;62;7
280;196;163;196
113;148;232;49
160;160;160;160
159;234;241;16
121;266;226;183
265;90;265;148
231;154;154;163
229;229;229;229
178;178;178;178
34;11;250;135
234;245;63;234
137;177;37;126
67;67;67;67
113;113;113;113
74;81;13;254
18;255;185;172
19;169;71;70
79;290;188;59
45;5;10;115
257;257;257;257
59;201;230;163
175;162;7;150
14;14;39;69
101;158;224;101
141;261;204;129
75;148;134;162
66;112;234;151
42;253;181;181
201;201;201;201
33;137;187;137
137;30;281;281
161;108;202;181
66;214;286;52
173;173;173;173
109;111;120;55
294;294;294;294
287;137;77;5
238;128;104;24
280;30;93;125
33;103;64;103
78;78;78;78
146;100;63;29
48;76;120;40
215;55;292;194
272;13;167;24
84;208;35;28
8;8;8;8
236;153;297;67
166;176;143;143
41;196;171;9
70;70;70;70
198;235;166;212
277;277;269;8
27;155;242;116
83;83;83;83
178;124;103;178
104;104;104;104
182;182;22;26
36;168;36;113
292;250;177;292
278;66;13;278
181;181;292;207
169;16;145;12
167;50;121;167
148;261;88;25
269;196;214;50
19;19;19;19
185;237;199;113
116;222;116;114
286;102;152;124
276;276;148;19
192;126;128;268
87;87;96;58
133;130;38;61
164;133;77;77
257;7;207;255
167;202;122;280
50;197;129;74
101;170;184;278
89;177;174;255
72;100;202;256
186;196;100;123
31;57;107;31
297;35;72;285
221;125;167;194
252;179;190;222
26;174;272;139
209;102;79;192
221;221;221;221
153;153;153;153
57;32;56;57
114;113;267;267
117;117;117;117
55;149;153;287
64;281;168;197
213;117;135;261
173;73;198;198
111;13;144;221
179;105;63;107
131;290;131;299
119;133;180;73
116;7;60;198
294;260;161;109
92;181;147;128
26;272;43;86
13;230;283;113
180;48;48;252
195;61;61;93
297;12;12;170
155;183;202;69
156;276;290;51
249;297;103;297
103;103;121;112
60;275;21;21
230;66;33;200
215;215;215;215
32;130;245;18
90;90;90;90
104;178;53;135
284;260;203;95
42;140;126;242
124;107;255;213
170;170;170;170
155;179;41;89
157;105;66;157
148;37;19;37
159;184;65;174
40;208;143;170
35;134;124;174
74;196;67;74
86;86;12;130
239;12;46;120
115;76;52;153
56;56;56;56
91;279;283;279
200;106;181;294
277;226;212;18
117;61;240;228
238;238;238;238
201;129;110;163
82;187;283;187
198;244;278;269
80;114;54;241
144;281;250;173
13;109;109;127
200;200;200;200
21;7;42;117
206;206;206;206
23;40;150;69
85;146;156;43
171;185;174;294
205;230;205;101
102;215;180;5
112;122;241;289
252;252;252;252
265;235;78;191
276;141;130;230
56;56;56;56
83;130;47;47
141;153;226;59
123;283;193;58
243;70;163;86
83;83;83;83
75;110;54;228
222;195;244;44
236;150;106;113
241;137;169;144
98;97;265;65
186;73;238;237
38;38;38;38
75;75;75;75
280;280;84;172
191;278;177;63
81;145;195;195
293;190;181;11
157;195;157;229
82;197;126;126
229;129;176;229
207;94;196;94
14;147;17;14
157;235;102;219
175;152;193;74
150;151;218;107
253;252;277;43
171;58;228;58
156;119;276;195
242;55;148;275
207;207;207;207
215;161;92;145
278;114;285;85
180;11;68;114
22;180;222;261
65;100;118;62
12;12;12;12
180;185;10;159
263;213;155;190
173;295;106;295
53;53;53;53
226;80;168;261
281;80;205;279
247;197;256;197
59;40;68;107
36;253;253;192
166;166;166;166
97;180;299;97
241;99;163;163
99;105;98;74
133;132;88;181
85;103;300;214
175;58;80;80
297;277;30;190
274;204;41;204
145;155;34;150
205;147;163;277
191;22;10;227
253;12;238;115
233;282;51;96
32;51;68;142
163;101;294;294
223;223;223;223
129;248;213;141
137;149;263;42
7;252;252;114
231;231;231;231
254;254;254;254
136;126;110;78
108;134;162;135
217;57;181;89
228;32;207;270
110;110;42;130
21;25;150;47
192;277;172;172
56;55;262;290
223;223;223;223
78;253;206;253
238;149;209;284
114;88;114;145
246;246;262;33
184;24;13;7
99;99;99;99
89;158;81;283
251;134;37;245
53;108;210;210
238;246;36;46
56;56;56;56
168;52;277;230
18;72;66;193
200;109;227;227
42;155;106;42
97;180;88;154
180;180;180;180
136;58;228;133
124;251;240;251
56;56;56;56
143;130;42;76
121;113;162;121
206;222;51;87
179;285;131;27
266;266;266;266
30;135;67;119
197;106;106;209
241;91;243;241
250;250;250;250
111;283;61;108
52;286;200;238
212;73;261;73
161;137;129;129
116;116;95;235
33;210;13;148
136;218;284;87
153;261;141;59
152;172;254;268
57;10;163;230
76;65;226;117
232;97;64;148
25;222;124;240
26;299;154;281
60;47;47;282
25;248;175;18
202;208;32;70
270;270;270;270
8;161;11;12
81;81;81;81
228;243;75;62
46;46;46;46
268;88;18;104
160;299;176;116
295;79;42;71
241;241;241;241
180;83;97;231
176;231;19;255
30;144;235;111
103;238;29;136
45;45;280;68
34;34;34;34
247;207;13;207
39;39;39;39
97;269;50;38
75;243;58;285
131;16;90;90
47;120;267;47
294;202;231;214
215;107;71;41
81;170;233;83
122;129;284;158
34;128;27;117
103;212;294;109
122;161;34;34
223;234;184;237
278;278;278;278
127;24;181;290
205;276;242;190
173;27;91;296
68;68;68;68
272;133;21;230
273;222;221;230
193;291;68;22
164;95;33;117
94;221;15;257
212;175;80;94
287;22;163;287
265;293;232;293
65;129;40;232
192;67;83;28
252;10;28;252
238;113;263;200
121;121;121;121
241;241;241;241
84;217;191;188
184;54;296;66
240;13;13;196
139;292;43;189
40;88;216;200
34;230;257;129
68;54;297;38
113;92;251;173
30;30;30;30
274;168;274;201
147;260;157;26
136;136;206;107
166;76;86;108
207;207;254;91
46;34;148;92
250;186;25;173
42;225;102;102
154;154;154;154
227;286;249;249
97;97;97;97
147;147;99;168
256;218;210;248
255;100;286;176
203;141;295;192
138;28;16;290
199;199;199;199
194;29;224;236
36;209;185;48
71;199;212;212
176;176;176;176
156;156;156;156
96;171;155;200
13;37;31;106
220;220;73;111
259;199;18;178
204;218;236;77
118;118;118;118
134;134;134;134
100;139;163;81
266;81;7;7
78;9;49;290
136;87;112;261
128;268;107;268
69;256;90;296
218;38;232;109
237;297;146;221
44;78;31;196
45;37;184;7
139;57;6;8
67;67;67;67
276;270;60;80
40;88;40;175
217;217;35;257
148;63;91;30
245;178;299;245
110;110;209;272
24;71;138;42
168;168;168;168
66;163;65;47
142;115;214;122
109;234;284;107
86;226;173;226
295;8;176;240
142;142;142;142
43;254;53;193
176;176;176;176
179;182;83;179
184;66;42;86
47;47;47;47
48;271;224;277
246;246;246;246
193;92;38;49
258;233;44;220
282;282;282;282
100;280;20;20
208;100;268;254
294;186;98;175
158;158;158;158
26;81;20;24
67;19;61;195
226;226;226;226
185;126;37;126
122;87;297;18
215;215;215;215
183;259;61;150
273;273;273;273
87;234;232;297
87;87;87;87
160;160;160;160
214;26;195;148
85;159;44;82
287;287;7;280
204;204;204;204
43;261;278;89
21;21;21;21
155;210;246;119
233;233;233;233
96;294;99;131
224;251;223;39
142;30;91;126
196;73;196;98
8;275;51;103
250;184;245;117
36;142;201;173
38;38;38;38
82;82;251;127
48;122;47;224
45;135;12;53
133;133;149;151
64;64;64;64
159;159;159;159
33;33;33;33
63;53;218;235
15;48;10;113
89;199;15;172
219;133;128;23
122;41;30;40
78;211;119;184
110;18;118;91
244;109;242;242
79;163;295;79
89;37;249;9
138;213;188;97
98;98;115;278
281;281;281;281
47;297;254;47
222;222;222;222
35;35;35;35
28;28;28;28
217;71;261;127
70;122;48;61
12;52;51;105
186;186;186;186
278;107;274;294
110;265;93;160
193;242;172;214
37;35;284;134
274;91;153;274
211;178;114;256
9;272;283;298
286;286;286;286
110;234;85;112
296;69;85;174
16;243;300;167
125;243;217;149
71;274;74;232
207;55;185;101
230;230;230;230
110;110;110;110
192;265;129;43
293;190;217;272
9;112;96;293
266;266;189;144
259;101;46;34
67;134;135;235
283;80;214;68
292;292;292;292
102;256;284;110
166;54;205;220
61;61;61;61
76;140;113;24
87;87;87;87
42;84;5;182
159;43;43;146
250;192;254;261
240;229;240;217
195;206;63;91
219;122;104;241
31;139;31;151
147;240;259;276
284;284;284;284
290;215;229;98
106;21;39;21
94;100;190;64
127;154;291;58
28;25;291;24
53;298;197;250
184;226;288;233
10;140;76;149
278;136;34;108
107;290;88;203
164;69;121;112
112;231;300;231
128;201;128;88
253;61;253;49
189;135;287;119
196;17;94;94
22;119;141;169
28;28;28;28
249;229;101;61
259;259;259;259
212;245;284;83
99;43;78;78
75;26;170;167
133;57;192;264
192;192;192;192
296;185;69;205
26;26;26;26
258;298;21;146
234;88;193;60
148;282;210;146
198;79;159;292
126;35;18;58
149;111;178;75
129;189;182;11
270;277;36;186
8;193;193;215
30;42;207;37
48;255;228;167
131;131;131;131
165;165;165;165
265;59;90;197
177;117;117;283
208;285;192;183
245;63;117;91
246;219;57;85
231;267;116;255
300;300;240;92
87;127;111;240
286;194;276;225
128;184;300;191
193;55;74;55
28;185;120;26
94;94;94;94
198;162;82;121
130;148;16;16
38;207;119;170
214;24;72;235
166;166;166;166
299;71;80;131
61;41;42;58
181;172;253;103
29;149;30;72
300;210;269;116
179;16;16;297
296;127;113;110
209;95;219;196
79;68;21;68
12;105;173;253
159;232;126;290
10;78;109;78
93;134;53;69
51;51;51;51
299;268;206;179
218;252;22;271
205;50;205;29
238;91;7;159
139;16;102;185
127;64;112;63
8;259;259;263
211;277;52;39
50;76;197;277
255;255;255;255
284;70;52;159
179;179;179;179
55;218;55;202
224;282;171;215
282;282;282;282
26;252;107;296
156;88;6;13
46;272;19;284
99;45;76;129
213;215;61;203
127;197;46;48
139;139;139;139
70;120;116;131
243;265;228;47
148;148;148;148
60;198;264;104
43;148;299;177
64;224;262;271
207;246;161;207
111;75;105;167
85;80;249;198
118;44;214;129
26;195;279;91
51;69;61;133
11;189;198;277
114;51;168;192
98;169;274;104
247;71;185;236
258;40;40;271
117;211;215;270
168;146;201;264
292;149;23;65
17;216;71;230
297;252;63;117
86;224;129;153
94;47;200;241
67;67;67;67
224;281;109;174
173;173;173;173
164;183;64;174
129;150;283;238
101;299;299;232
120;43;49;238
104;109;196;149
26;260;60;154
63;63;63;63
241;53;185;58
299;128;85;252
43;235;43;291
50;251;252;88
27;226;206;180
273;249;285;192
181;170;148;266
8;246;242;58
129;13;31;31
124;124;124;124
165;19;63;245
74;103;209;247
11;110;99;279
59;217;296;104
15;66;15;120
12;80;81;267
209;244;266;91
205;128;59;235
213;180;88;203
56;257;153;80
167;48;214;259
95;49;49;196
15;88;292;15
256;206;164;56
155;188;227;200
258;266;289;258
111;111;111;111
99;227;115;89
125;191;24;152
103;275;200;250
196;167;214;64
114;114;114;114
7;14;140;272
133;12;220;77
15;184;188;71
234;235;220;7
292;228;235;202
76;76;147;34
129;161;237;210
12;156;97;249
218;218;218;218
26;258;231;257
269;98;89;28
186;300;198;54
200;134;129;200
285;131;285;36
258;243;38;286
187;298;18;182
90;199;197;165
239;239;239;239
69;186;125;23
259;259;259;259
8;41;47;11
122;122;103;238
155;8;40;290
44;280;274;255
110;115;194;39
63;249;63;103
293;242;299;249
57;18;47;47
181;165;78;78
80;59;153;149
128;128;128;128
119;202;165;174
206;275;249;241
264;76;180;166
271;150;150;262
298;15;272;272
24;164;192;124
234;183;170;23
64;90;201;55
195;39;159;263
45;141;142;180
206;45;300;28
7;15;158;25
265;166;196;283
205;57;196;195
255;195;162;180
281;281;281;281
286;286;286;286
14;14;14;14
269;230;72;52
72;225;33;155
15;275;11;15
56;275;68;103
38;25;135;223
12;251;182;152
249;56;273;239
31;129;267;281
112;116;31;49
286;158;110;147
9;25;24;9
87;251;153;27
113;147;114;141
228;60;245;127
29;29;29;29
141;112;231;139
220;220;220;220
59;59;59;59
187;169;19;96
217;217;217;217
82;250;296;178
252;252;252;252
106;106;106;106
167;126;179;89
224;71;224;159
154;138;205;20
21;291;291;193
29;269;137;68
82;276;82;151
55;199;225;50
127;78;26;96
80;121;270;30
266;274;273;159
286;218;250;125
17;34;114;79
99;267;223;165
233;61;295;233
247;247;247;247
201;201;165;202
43;75;272;101
89;49;59;297
172;98;116;116
222;222;222;222
7;186;67;178
111;147;175;202
297;181;292;251
213;175;47;284
201;157;207;91
184;212;222;66
30;36;62;181
197;255;64;64
212;274;199;25
209;175;86;247
284;284;284;284
86;68;86;170
254;255;247;196
18;284;284;177
110;146;106;79
168;229;273;151
278;225;55;147
185;50;56;110
55;68;188;181
259;117;289;218
104;231;104;290
268;268;268;268
264;264;264;264
25;131;249;114
64;42;173;101
205;121;136;195
99;162;274;182
52;202;35;5
21;104;104;151
175;175;175;175
124;238;113;298
260;158;167;213
161;199;161;54
120;174;298;156
179;238;40;241
273;128;34;18
165;254;290;82
280;104;166;104
299;299;299;299
298;298;298;298
72;161;161;74
141;9;131;191
114;24;177;189
172;232;144;269
27;161;56;56
36;36;36;36
245;189;256;286
140;284;19;221
231;108;213;213
60;234;39;184
137;175;48;163
189;189;189;189
240;279;240;253
127;253;151;70
59;111;182;252
134;105;10;19
25;242;149;222
224;203;215;215
248;23;65;276
128;281;227;127
72;198;189;41
252;55;184;245
294;28;175;287
216;63;204;204
242;36;24;291
199;57;300;156
151;148;253;182
267;267;267;267
276;222;263;42
151;82;168;87
124;124;124;124
122;122;122;122
70;70;70;70
258;266;44;193
240;251;82;279
66;66;66;66
221;101;12;119
82;5;233;283
241;144;244;251
78;50;278;238
293;214;190;210
66;169;53;256
98;98;98;98
28;264;228;228
33;109;33;213
207;297;176;132
129;41;10;65
27;27;27;27
269;229;269;185
7;56;57;124
195;149;60;99
88;130;180;219
111;141;253;70
30;128;110;232
43;211;43;44
183;183;183;183
168;168;168;168
49;76;219;43
17;115;269;223
152;211;81;254
162;115;172;287
177;279;109;109
152;7;8;14
278;278;278;278
184;124;102;221
14;14;14;14
67;67;67;67
100;102;236;78
166;166;166;166
202;119;76;156
273;6;256;142
183;90;178;28
51;51;51;51
24;276;297;182
121;121;121;121
167;73;290;290
210;189;55;55
103;140;97;72
195;202;294;200
66;274;30;71
10;10;10;10
195;257;86;63
150;150;150;150
18;73;120;95
108;78;240;111
286;118;215;118
108;248;26;208
142;222;14;176
202;202;202;202
146;146;146;146
18;18;18;18
272;19;12;58
229;229;164;167
181;43;286;293
141;253;35;44
85;75;89;184
248;135;40;192
228;175;175;280
265;265;265;265
165;154;84;128
197;194;135;123
218;217;208;218
26;182;26;284
68;146;266;162
29;121;230;29
39;136;113;16
212;212;212;212
56;284;100;79
43;149;276;7
292;123;35;123
200;200;200;200
259;119;130;119
141;230;145;268
240;240;240;240
74;12;100;90
22;201;80;31
188;238;239;266
171;162;171;65
140;140;140;140
204;214;273;214
297;172;61;106
23;125;23;120
294;88;286;296
18;90;44;103
34;80;34;188
214;214;214;214
67;156;166;20
126;18;297;28
298;298;28;168
172;172;172;172
286;271;251;251
54;39;39;257
253;253;253;253
159;110;278;67
86;83;90;152
177;175;244;26
276;234;183;97
265;190;273;108
238;43;72;296
213;44;171;126
28;64;28;177
279;208;214;183
200;200;200;200
175;96;245;284
221;221;221;221
77;90;44;144
5;247;176;184
238;238;226;148
144;78;155;78
132;7;185;288
26;168;204;245
149;28;199;220
215;215;215;215
214;138;138;72
112;233;68;290
288;82;154;154
109;28;216;63
18;18;18;18
189;189;189;189
168;242;242;23
150;96;229;228
253;247;240;292
143;187;288;228
178;69;151;206
130;130;130;130
6;98;169;236
133;275;170;27
17;17;17;17
288;286;221;84
287;24;60;271
164;184;223;184
255;284;178;137
194;217;121;32
211;41;50;199
78;78;24;212
28;91;91;60
186;247;9;186
230;55;39;55
42;149;209;31
156;47;156;28
90;40;296;228
185;126;247;231
52;15;102;77
19;5;227;292
20;249;48;108
135;245;233;66
153;30;53;112
285;257;285;258
115;115;115;115
271;160;57;192
73;73;73;73
41;74;74;186
282;282;7;262
189;189;189;189
23;23;299;290
17;17;237;188
276;92;159;269
172;54;223;149
41;41;41;41
25;87;25;13
138;256;182;12
232;57;291;39
246;285;156;158
59;46;42;46
108;108;108;108
143;273;81;273
151;130;112;112
192;93;141;105
240;243;243;233
46;32;43;218
91;91;91;91
284;98;59;299
23;23;62;155
61;203;75;300
223;223;223;223
19;193;267;92
147;113;134;155
235;12;211;26
217;13;134;12
214;108;44;44
298;113;268;298
189;129;50;248
25;8;104;126
62;188;188;17
264;264;264;264
277;282;25;212
90;86;207;207
233;87;266;34
262;183;297;280
247;125;192;52
29;226;147;151
239;132;73;132
231;211;26;18
287;135;135;278
216;272;35;98
18;202;43;19
74;275;166;18
205;62;62;169
259;282;37;299
166;284;49;60
69;138;57;136
190;55;30;219
237;78;18;191
137;77;77;228
153;90;197;230
53;53;297;288
38;38;38;38
40;83;56;160
57;213;86;218
70;70;70;70
59;285;70;107
152;61;152;173
14;142;230;39
151;291;151;234
145;119;228;119
186;186;220;161
72;132;73;55
154;18;203;193
146;267;96;87
225;225;225;225
101;201;201;47
91;91;91;91
189;122;178;94
260;111;30;165
41;272;214;228
191;118;97;90
283;9;214;100
102;27;157;102
61;70;273;169
100;114;201;108
161;232;161;47
186;45;93;191
52;47;10;109
196;191;7;173
78;78;78;78
117;117;117;117
5;5;5;5
36;84;29;194
275;60;196;72
232;232;232;232
128;44;50;147
205;16;100;287
66;255;300;34
36;215;218;232
38;132;45;71
290;297;181;287
10;54;149;60
244;244;78;291
126;138;294;222
228;163;268;216
248;272;76;237
288;45;90;140
41;294;41;197
227;227;227;227
200;158;188;291
189;189;189;189
96;96;47;226
241;205;296;182
64;124;84;236
85;85;85;85
198;198;198;198
258;142;294;66
45;278;184;227
170;6;97;189
185;136;185;284
229;229;229;229
293;115;27;37
17;90;274;25
109;278;154;107
151;111;134;159
119;143;279;109
254;232;241;206
53;276;22;186
13;234;212;155
222;222;284;148
188;207;151;207
126;175;172;43
188;212;156;215
81;37;37;28
64;89;89;183
137;205;140;261
110;110;110;13
277;33;23;76
118;118;118;118
153;153;153;153
292;239;279;269
289;289;289;289
57;167;12;106
235;235;235;235
186;205;74;5
244;281;156;18
134;134;134;134
170;170;170;170
156;271;156;30
283;70;39;39
192;89;192;258
219;39;219;292
56;56;56;56
25;135;25;12
269;64;207;245
143;143;143;143
104;154;229;213
163;244;290;244
8;260;42;59
246;136;184;256
216;175;12;288
62;193;61;36
209;209;209;209
212;212;131;166
235;52;119;81
14;123;234;258
52;293;128;65
212;183;47;212
11;115;269;162
15;279;15;211
28;28;28;28
156;124;136;151
80;185;118;60
228;242;185;40
48;153;129;288
49;279;91;296
104;242;33;97
169;103;193;195
283;104;104;33
114;255;234;243
46;217;216;292
214;184;159;214
114;281;150;208
196;70;36;294
32;234;70;186
168;28;187;249
62;62;62;62
251;153;192;211
259;204;204;287
182;106;135;135
58;213;216;165
80;85;98;138
268;268;268;268
84;181;144;134
61;146;43;234
97;86;65;278
274;223;149;107
128;102;7;131
227;274;227;281
33;83;50;83
163;105;142;163
23;163;115;234
167;102;98;49
135;80;233;162
86;245;250;230
252;165;193;193
170;170;170;170
54;189;55;55
139;96;212;205
241;241;241;241
247;256;255;179
267;217;278;236
129;67;68;281
172;137;109;148
10;13;285;277
172;172;172;172
52;52;52;52
184;224;199;235
138;20;182;248
199;199;296;106
143;218;124;119
87;176;297;176
207;207;207;207
292;292;292;292
247;292;183;16
185;237;237;189
113;53;92;152
196;16;52;16
242;127;213;131
265;55;242;110
82;211;22;105
39;39;39;39
50;50;220;87
260;260;260;260
106;163;294;270
184;285;129;273
249;256;182;281
107;107;107;107
25;25;99;195
48;258;213;289
121;294;124;43
285;285;285;285
215;181;39;293
49;27;81;234
152;180;180;56
295;49;260;295
284;284;59;195
120;131;295;94
73;93;278;85
10;25;194;37
235;244;120;219
218;220;245;156
299;253;299;21
67;66;267;58
251;111;225;212
280;231;108;204
184;54;280;116
28;28;28;28
101;101;101;101
179;42;183;175
15;15;15;15
190;190;190;190
266;279;274;97
55;297;109;84
289;200;282;75
265;219;121;203
262;91;119;218
211;226;108;176
142;279;226;279
136;136;139;121
30;140;233;256
12;12;12;12
176;218;175;77
192;249;214;214
220;131;23;140
215;215;215;215
294;137;133;160
191;223;244;223
222;161;275;164
233;233;110;237
21;155;114;155
192;38;263;89
234;214;207;130
48;261;206;46
228;276;18;56
157;157;157;157
275;289;289;9
109;109;109;109
145;42;189;226
16;226;185;213
267;260;30;108
193;40;180;136
239;17;17;177
233;219;49;52
147;213;169;169
92;115;150;24
129;43;170;65
191;223;43;289
175;175;175;175
74;74;74;74
259;24;5;231
247;249;229;227
217;124;37;124
65;228;25;65
296;177;180;170
114;293;63;293
196;58;182;58
283;287;63;286
202;292;243;268
146;60;34;146
234;89;265;275
103;223;238;102
150;150;180;270
206;235;278;115
157;299;63;264
126;290;295;271
269;92;183;236
245;283;283;295
216;249;86;207
154;189;224;95
45;285;59;98
61;61;282;124
294;298;50;170
142;159;5;106
198;212;205;212
194;218;38;104
180;168;104;193
22;168;57;204
188;282;50;253
132;132;132;132
203;282;65;65
10;128;159;108
267;267;267;267
20;20;20;20
22;257;134;221
160;264;68;257
211;136;136;188
70;70;70;70
18;191;190;191
82;193;42;55
224;11;289;81
222;245;11;11
87;188;274;188
272;176;234;124
187;187;120;222
230;23;282;23
75;300;97;97
12;12;12;12
60;221;201;60
117;114;97;259
6;6;6;6
103;108;30;34
65;65;65;65
216;256;133;39
37;37;102;67
61;168;146;204
19;96;96;182
264;264;264;264
257;113;247;109
187;12;229;152
272;272;272;272
235;203;203;221
140;171;107;241
189;189;189;189
219;219;219;219
143;269;238;229
258;277;201;79
236;236;236;236
160;157;249;118
282;105;13;175
20;109;296;38
162;190;173;223
85;179;104;113
63;63;254;134
182;93;269;162
24;190;190;207
88;260;166;100
197;60;103;221
137;137;137;137
247;40;187;162
18;131;131;90
59;155;78;229
180;132;291;41
286;142;124;153
181;19;156;233
5;5;5;5
178;17;264;297
177;177;250;73
140;189;144;261
40;144;66;28
292;86;263;82
216;216;216;216
237;237;265;245
297;16;7;29
255;164;59;59
32;24;82;99
66;115;25;174
109;109;109;109
239;41;85;85
290;23;100;100
170;95;217;95
162;245;168;11
165;70;32;98
17;61;169;117
162;271;217;250
130;168;136;35
277;139;141;196
118;167;118;96
137;25;71;35
54;195;80;152
255;87;5;163
26;19;90;87
208;208;208;208
108;278;222;58
159;187;64;230
106;106;106;106
151;50;50;192
69;69;69;69
91;273;269;227
40;63;190;18
153;167;234;70
205;201;130;175
153;108;124;145
103;103;103;103
243;243;243;243
268;170;47;125
101;194;279;147
192;122;122;233
26;197;272;266
97;57;97;80
136;150;129;160
37;194;19;137
219;287;146;291
80;272;272;141
87;259;156;183
82;162;104;264
73;73;73;73
100;142;65;258
38;38;38;38
141;9;20;50
114;114;114;114
149;149;149;149
147;245;181;181
179;179;179;179
182;198;229;236
107;107;107;107
247;198;91;142
18;18;18;18
181;186;69;221
77;22;135;103
70;56;222;70
125;226;85;211
299;151;186;277
154;61;125;61
278;275;83;248
213;213;213;213
77;76;22;257
106;123;117;27
186;216;227;276
11;17;26;260
127;166;187;292
179;203;58;202
53;256;279;48
130;190;174;104
148;57;259;56
54;227;35;206
294;111;85;175
122;186;24;137
116;116;116;116
44;41;94;27
157;287;289;199
97;273;154;154
255;197;197;77
15;172;196;146
79;79;79;79
121;121;121;121
168;48;86;218
270;229;107;107
97;97;129;106
151;151;151;151
119;88;17;265
167;176;66;224
59;59;59;59
190;112;233;227
105;190;81;79
232;141;196;8
282;282;282;282
142;149;57;78
91;239;115;118
188;56;198;140
188;188;188;188
247;247;247;247
87;14;33;195
18;18;18;18
263;263;263;263
214;262;214;23
41;41;10;19
261;261;261;261
62;10;62;207
69;69;69;69
131;131;131;131
277;239;82;296
173;22;200;134
165;292;57;109
297;248;80;280
14;96;283;14
86;134;78;232
217;281;217;79
57;216;95;231
235;230;50;198
113;240;279;263
12;12;12;12
241;250;246;85
157;88;40;274
230;76;195;272
182;229;102;141
176;101;176;20
17;154;8;224
162;115;88;162
82;56;10;101
223;237;162;143
229;198;128;172
37;37;37;37
105;105;105;105
162;182;162;182
174;174;174;174
175;218;68;186
230;230;230;230
158;265;117;78
41;41;41;41
270;20;23;200
220;177;215;220
70;144;70;208
59;199;218;135
256;146;110;174
6;212;226;118
108;108;91;152
216;216;216;216
191;98;192;191
143;166;118;166
56;101;258;253
190;18;253;291
11;89;135;135
28;28;28;28
295;155;189;218
117;240;219;112
92;272;160;52
223;157;178;216
22;22;22;22
239;5;174;289
132;132;132;132
58;189;77;49
114;42;20;162
240;291;291;207
280;9;254;135
59;47;20;47
124;124;124;124
125;125;125;125
42;68;180;276
165;278;86;84
117;117;117;117
211;299;106;28
206;270;52;52
73;73;225;11
208;23;94;262
218;182;271;145
114;256;225;225
74;276;174;179
267;267;267;267
90;137;273;273
120;93;146;52
143;143;143;143
134;132;294;168
169;169;169;169
278;278;278;278
166;48;221;103
145;259;216;96
69;256;62;256
40;225;206;41
298;234;39;180
105;185;226;226
78;133;288;91
20;43;280;179
44;44;44;44
46;76;17;76
238;238;238;238
207;241;207;200
213;213;178;207
156;210;39;39
36;240;163;36
88;213;92;14
45;45;197;57
102;82;195;27
72;43;247;216
260;82;92;260
110;110;110;110
12;12;12;12
297;270;224;238
54;197;266;75
183;297;294;181
40;296;36;225
173;97;29;273
128;282;279;282
203;94;40;208
191;220;100;10
48;209;155;176
284;50;57;284
110;201;19;239
146;252;252;210
289;73;120;289
245;156;294;210
74;179;74;44
106;106;106;106
87;285;215;101
137;172;184;163
119;267;40;224
114;234;92;230
67;67;67;67
13;203;130;120
120;120;120;120
214;7;289;170
287;287;287;287
292;57;92;148
249;299;240;52
80;138;151;233
118;227;266;67
205;225;225;8
146;293;69;32
82;72;82;140
293;21;100;100
20;115;12;22
292;288;25;113
67;67;67;67
240;234;197;145
30;151;95;176
179;151;223;122
251;193;113;66
14;218;297;78
128;61;57;106
101;186;58;237
21;21;21;21
279;295;80;279
206;90;128;294
105;23;40;139
151;72;72;224
55;55;55;55
133;224;196;165
195;135;147;147
283;69;150;166
237;92;112;40
185;51;182;95
92;68;16;226
172;196;196;154
299;273;135;50
202;47;291;180
39;138;282;158
153;234;83;131
96;75;141;176
115;115;115;115
208;261;87;70
17;177;218;100
38;19;298;298
61;249;172;264
143;272;127;23
45;33;89;30
278;251;190;113
118;118;118;118
145;145;145;145
193;193;193;193
53;222;13;53
164;180;137;115
25;25;25;25
209;209;209;209
142;142;142;142
160;89;36;135
180;28;31;8
283;58;103;94
120;110;17;168
147;147;147;147
83;83;83;83
222;222;222;222
12;233;255;118
219;172;119;280
190;51;131;221
119;121;52;119
125;53;161;125
22;87;91;276
292;264;180;264
174;113;243;297
258;142;191;295
174;145;182;97
125;125;101;189
271;71;276;259
209;170;170;187
54;139;251;101
69;276;221;97
114;44;119;86
163;163;163;163
109;274;197;256
132;42;286;35
289;25;170;71
207;162;82;243
119;119;119;119
244;19;203;244
88;88;88;88
299;245;161;262
30;163;199;9
297;191;203;24
157;157;157;157
271;16;160;18
291;300;248;61
19;197;212;123
291;144;297;74
56;256;298;213
106;106;120;237
190;10;263;259
14;14;14;14
153;281;248;158
202;17;219;56
284;118;196;138
231;179;200;231
59;286;228;86
217;77;16;271
247;247;247;247
230;295;73;230
264;264;264;264
269;269;269;269
116;150;176;43
184;104;150;150
150;127;44;108
225;225;45;242
81;157;41;173
284;135;264;167
97;31;180;234
288;50;169;81
98;259;246;122
282;282;282;282
238;294;101;128
75;75;75;75
34;34;34;34
275;71;141;163
265;265;265;265
261;266;91;85
278;56;44;6
231;291;147;176
256;52;193;215
230;45;45;258
249;249;249;249
295;295;295;295
184;154;280;21
190;104;237;163
190;190;190;190
101;284;247;260
266;142;249;76
94;146;288;296
181;51;244;255
279;279;279;279
105;253;147;165
153;101;136;252
236;246;137;292
78;229;21;238
153;153;153;153
48;167;48;282
176;214;296;93
235;235;235;235
137;234;10;236
115;297;265;33
156;245;244;74
35;35;35;35
143;257;29;68
78;59;176;176
210;223;11;227
294;294;294;294
96;96;96;96
135;255;87;144
55;291;151;70
205;105;56;30
33;221;202;193
106;41;184;54
275;287;47;293
232;232;193;253
287;194;129;287
216;216;216;216
75;80;168;160
130;130;130;130
64;223;64;149
287;180;248;93
24;203;284;249
16;233;233;161
171;62;123;21
250;260;221;173
234;265;67;20
156;86;170;53
89;89;89;89
257;300;299;299
95;269;228;228
264;191;212;269
45;171;47;248
15;207;279;279
223;198;72;298
87;87;87;87
65;241;115;65
139;60;269;79
60;60;171;127
257;43;108;217
9;35;194;131
270;123;14;295
29;253;59;55
122;122;122;122
277;243;101;29
55;196;244;141
168;227;184;195
132;132;132;132
112;46;257;229
240;106;248;235
42;112;126;171
146;81;52;51
128;151;151;177
140;222;264;287
174;112;208;133
12;12;12;12
61;58;177;91
70;244;108;120
89;244;54;114
63;63;63;63
10;16;260;108
136;269;269;198
124;296;106;135
223;253;297;209
90;100;289;205
64;202;180;52
249;36;217;241
169;246;58;209
74;72;300;185
144;144;144;144
130;170;269;193
39;106;130;37
164;243;109;243
176;253;176;31
67;67;67;67
170;142;229;186
213;180;227;59
247;240;218;230
245;245;245;245
156;156;156;156
200;231;211;282
293;293;293;293
6;236;6;70
278;32;37;243
131;198;182;40
272;21;234;142
237;237;237;237
171;261;298;37
56;58;299;56
157;216;9;157
146;115;104;281
118;126;39;178
235;120;120;67
104;117;43;104
130;101;53;186
173;48;101;74
201;234;290;282
107;179;104;256
193;38;142;204
146;8;206;47
61;35;33;68
39;192;279;39
69;142;107;86
266;89;121;266
132;229;199;289
205;106;183;225
116;26;119;257
120;173;136;231
177;254;257;254
153;293;144;298
140;64;109;212
122;40;246;287
184;25;129;184
278;135;293;277
226;226;226;226
184;209;93;42
87;267;214;43
133;137;149;291
20;221;97;113
245;178;245;14
263;297;263;194
168;284;261;180
242;273;150;188
103;210;262;103
215;119;128;196
42;42;42;42
51;136;105;172
73;132;261;285
19;237;49;213
252;272;184;252
243;277;136;67
192;78;162;70
257;257;257;257
35;207;123;216
140;168;187;108
283;283;283;283
112;232;106;275
88;88;88;88
215;9;20;178
7;26;26;293
121;121;52;136
225;58;124;100
215;215;138;68
102;98;271;203
298;33;268;160
52;167;144;167
81;111;218;218
56;56;56;56
31;31;31;31
292;47;183;243
288;177;63;195
128;224;287;270
171;73;138;63
110;239;271;116
295;79;168;168
297;299;182;58
149;149;149;149
224;224;101;264
189;98;207;127
169;221;119;169
127;127;91;31
273;139;273;255
46;150;85;203
67;198;104;104
238;85;63;234
60;51;69;56
176;189;250;189
84;126;184;22
240;87;66;102
275;205;246;151
196;196;196;196
248;220;248;245
217;231;268;11
90;185;165;58
63;287;227;59
252;43;181;204
105;105;105;105
234;234;234;234
90;43;104;61
274;194;197;143
72;177;280;14
150;150;150;150
120;144;150;105
170;155;155;202
39;295;212;38
59;245;182;50
152;152;152;152
152;58;6;209
27;133;30;268
299;160;160;276
23;280;225;159
293;78;56;125
201;63;201;99
264;59;123;264
209;78;79;221
225;225;225;225
148;267;118;267
160;241;56;56
231;188;226;226
95;204;180;89
286;286;286;286
54;43;233;293
182;85;272;232
177;179;169;177
110;104;74;94
125;125;252;74
70;243;123;240
115;212;212;200
37;37;37;37
94;39;257;296
214;174;39;205
244;203;298;28
25;26;6;15
119;35;267;119
263;263;263;263
225;123;241;181
295;209;289;195
71;71;136;170
60;146;196;196
209;136;289;245
191;191;191;191
291;102;17;24
214;156;161;184
35;227;182;262
156;59;156;283
126;126;126;126
108;247;270;247
9;9;9;9
111;30;36;111
150;192;274;274
282;68;24;96
33;33;33;33
73;73;73;73
277;275;10;277
128;128;128;128
203;239;239;146
191;255;101;149
78;44;194;154
181;181;181;181
206;225;83;211
99;61;21;52
219;42;42;124
228;8;61;275
12;12;12;12
42;225;225;277
124;191;57;73
217;251;25;217
122;290;63;238
296;36;272;155
220;135;253;253
159;127;100;76
230;167;67;141
297;297;297;297
68;158;158;149
111;288;208;254
211;16;59;116
30;31;227;31
294;63;58;276
136;253;253;69
238;266;161;168
109;109;109;109
164;39;263;211
61;240;108;76
121;264;121;98
88;148;151;70
299;185;134;50
250;140;140;149
233;103;259;259
131;111;202;280
26;87;214;214
242;38;10;110
29;196;49;49
204;45;109;155
85;85;85;85
174;209;216;138
34;119;34;106
285;138;116;146
138;138;138;138
268;245;268;138
5;209;66;64
16;20;231;262
190;35;255;125
123;100;165;211
137;5;228;86
14;105;227;118
234;141;210;189
82;149;149;254
222;222;222;222
54;54;54;54
178;143;207;290
126;274;227;174
199;139;12;70
219;220;219;220
104;150;139;165
219;66;146;190
232;241;202;232
165;285;185;198
222;200;200;169
12;205;270;13
138;245;67;267
197;102;102;293
292;15;107;161
228;128;188;9
83;204;58;71
57;155;215;166
53;100;178;178
180;94;230;144
143;146;193;91
121;245;140;64
257;43;9;295
167;94;212;87
48;230;189;230
123;60;247;128
163;258;166;47
5;231;173;5
77;55;194;222
264;264;264;264
232;188;136;171
157;183;153;267
207;86;50;46
278;69;158;199
157;157;157;157
152;152;273;271
91;103;103;191
15;106;231;78
195;128;75;128
93;146;46;70
279;279;279;279
217;217;217;217
136;161;125;251
155;116;150;70
122;33;59;39
43;60;158;36
28;109;143;79
15;106;186;167
119;43;127;127
161;288;39;56
201;224;271;55
161;64;280;256
139;69;95;140
271;271;271;271
229;88;229;262
286;163;254;271
142;142;142;142
102;255;13;9
150;150;89;18
7;235;128;219
68;193;10;143
96;43;97;164
15;30;52;155
189;294;267;267
166;39;221;71
220;220;220;220
23;91;206;138
46;241;48;11
285;285;285;285
174;121;244;12
161;300;128;162
272;152;253;176
277;277;277;277
12;159;256;194
122;286;287;183
236;38;236;263
262;50;29;110
188;188;188;188
139;154;28;255
241;170;238;131
265;70;59;163
78;13;257;118
261;261;261;261
247;146;238;9
181;65;88;183
109;8;9;54
205;29;29;168
121;137;137;284
232;170;102;255
259;5;103;152
120;102;140;66
140;191;179;76
279;185;261;197
260;73;17;178
194;53;289;53
147;64;128;115
213;213;213;213
168;168;122;250
88;167;133;65
105;216;219;260
271;95;39;51
233;172;218;89
281;229;281;148
95;139;250;167
278;275;169;220
108;108;108;108
12;239;228;192
202;139;160;85
126;16;204;204
20;155;20;133
103;36;59;292
131;131;131;131
86;86;86;86
101;148;89;82
18;25;232;57
240;120;117;31
201;78;282;175
234;265;66;156
40;247;160;266
214;214;186;61
190;150;59;59
207;100;149;99
294;62;80;294
196;196;196;196
104;246;9;238
162;102;102;209
284;284;284;284
64;207;102;267
125;229;153;153
24;24;24;24
286;292;23;242
298;182;197;131
149;71;71;279
202;58;79;142
30;241;97;268
100;204;218;269
251;170;256;40
273;171;33;85
216;102;23;215
7;87;51;296
65;297;59;38
237;237;237;237
149;108;249;83
225;88;71;255
110;266;110;130
40;112;181;110
162;259;238;69
26;256;97;272
284;210;210;227
202;19;128;195
283;219;155;107
198;191;191;174
13;147;73;124
162;123;263;85
44;238;194;65
280;151;24;175
264;264;264;264
286;286;286;286
135;135;135;135
13;13;13;13
71;294;156;27
105;105;172;85
273;273;273;273
31;31;31;31
62;62;62;62
246;252;280;93
257;46;159;279
194;119;119;58
21;21;21;21
76;101;92;135
124;255;99;45
81;23;212;240
214;294;251;259
116;290;56;24
41;41;41;41
120;35;201;226
146;146;146;146
57;237;6;55
49;216;51;277
158;212;77;37
288;205;290;234
222;11;132;87
28;28;28;28
237;269;181;122
199;44;141;240
77;296;87;181
251;183;162;133
184;110;254;183
14;299;66;257
236;181;219;137
177;32;57;96
58;149;283;190
73;73;73;73
294;53;131;219
216;161;152;216
62;8;231;8
241;126;132;128
50;228;74;87
92;156;270;92
25;25;25;25
272;86;186;28
155;115;273;62
224;23;128;254
158;9;176;285
209;136;28;136
285;26;285;115
289;48;9;155
175;53;149;98
266;27;184;15
70;200;181;139
116;130;56;77
292;123;46;252
295;81;67;210
174;174;174;174
188;274;228;280
276;137;36;216
81;157;226;226
177;155;105;177
251;187;269;66
52;174;15;174
218;129;64;9
105;105;110;141
172;156;49;220
29;7;112;112
250;11;250;31
212;53;153;196
20;20;20;20
218;218;214;100
216;100;100;239
140;140;140;140
239;170;178;261
14;14;14;14
287;231;135;9
260;175;229;44
128;209;136;280
59;84;17;118
232;174;83;83
131;131;131;131
279;253;257;117
200;66;109;260
216;122;122;246
39;39;39;39
20;229;256;62
136;269;176;155
156;94;161;189
179;218;186;263
289;57;287;91
260;245;175;260
105;45;97;75
174;213;208;199
101;101;101;101
259;124;281;259
189;16;143;238
214;161;269;154
53;53;53;53
112;93;273;138
200;200;200;200
24;24;24;24
7;7;45;260
157;5;162;216
10;205;282;225
223;167;167;155
24;24;45;24
45;45;45;45
225;282;73;177
184;32;100;100
219;160;297;183
83;70;186;115
13;230;114;148
52;52;93;187
78;63;214;294
91;91;91;91
64;281;287;174
6;84;57;57
151;117;168;15
132;132;132;132
68;57;68;214
255;135;135;257
239;151;110;166
215;215;215;215
99;268;95;103
143;45;44;44
107;279;39;35
46;149;252;253
90;276;189;199
80;191;266;244
105;236;105;119
96;253;22;123
140;197;112;205
209;209;209;209
116;116;116;116
256;159;30;121
227;123;215;108
103;103;103;103
114;114;114;114
129;237;8;129
66;249;189;120
260;269;265;265
41;41;41;41
249;264;65;27
272;136;6;196
291;39;292;255
272;158;150;52
116;98;9;21
259;233;157;280
290;54;278;290
254;126;84;134
101;287;26;107
68;44;165;159
216;216;47;89
112;112;112;112
205;159;209;46
171;146;29;241
9;9;9;9
126;126;126;126
204;20;115;137
139;8;33;292
184;116;184;89
197;57;197;210
120;120;120;120
92;87;104;120
238;148;125;250
82;291;168;185
195;182;40;40
28;129;290;50
11;240;83;62
133;82;122;82
250;288;288;243
270;136;223;264
282;282;282;282
197;205;268;113
290;220;273;140
154;247;57;21
207;102;269;132
222;112;219;195
161;119;119;154
225;107;63;245
63;177;176;25
280;280;280;280
231;31;31;79
275;42;53;264
20;140;29;165
292;214;190;93
24;24;24;24
81;124;81;85
117;61;124;223
186;220;186;217
31;31;31;31
137;133;147;200
232;232;232;232
115;115;115;115
28;147;160;286
91;36;236;255
255;89;219;89
94;94;94;94
37;37;37;37
195;124;92;184
206;193;93;184
228;222;201;104
253;121;125;125
140;140;140;140
86;176;242;201
38;165;153;88
113;174;102;175
254;136;200;254
161;191;22;46
285;267;266;297
214;260;51;228
182;210;139;126
282;142;215;174
267;45;113;87
263;192;161;249
165;258;54;32
222;265;290;71
12;62;151;14
292;292;292;292
5;5;5;5
219;219;219;219
193;104;122;104
144;83;139;9
7;7;7;7
113;231;249;231
192;192;192;192
28;259;42;88
147;147;147;147
71;71;71;71
222;222;57;221
72;248;218;279
216;260;273;63
39;155;13;13
262;228;289;18
27;211;297;251
103;239;285;121
80;72;43;14
130;206;150;26
21;255;106;106
278;202;31;142
41;41;41;41
30;41;276;7
160;160;160;160
223;299;50;299
69;69;267;170
11;255;221;167
42;161;281;146
75;75;75;75
109;119;47;142
58;6;178;297
278;25;74;108
156;233;105;260
197;141;16;162
70;70;70;70
96;241;281;47
121;157;112;194
125;125;125;125
145;54;54;89
24;24;24;24
201;86;209;86
106;54;188;19
117;40;48;8
277;93;129;111
86;86;86;86
155;155;155;155
243;225;88;284
92;233;244;225
196;222;218;126
83;74;122;238
142;142;142;142
256;78;246;53
69;226;298;197
134;143;137;150
210;210;210;210
118;276;297;174
11;163;98;43
89;239;13;239
202;180;267;183
149;88;120;247
46;63;92;224
158;214;289;271
138;138;138;138
9;178;165;9
136;136;136;136
27;210;67;24
291;104;276;18
152;283;15;271
297;191;74;113
215;52;122;213
25;25;25;25
97;151;262;252
138;156;253;80
121;13;121;179
231;296;24;24
272;263;30;272
269;46;256;242
189;189;189;189
260;175;279;172
196;196;196;196
14;64;125;9
216;134;126;254
16;16;16;16
18;231;158;276
80;62;80;129
100;44;140;16
111;276;199;90
211;235;277;14
111;81;20;204
102;9;102;207
278;278;278;278
277;15;177;243
276;132;168;202
229;229;229;229
291;291;291;291
112;112;112;112
31;6;107;258
24;296;133;245
39;243;120;91
214;214;214;214
40;56;56;267
84;120;165;36
183;143;143;283
188;66;139;142
240;105;45;236
98;5;38;22
196;166;153;227
126;233;85;247
54;250;205;80
27;108;152;152
226;75;11;83
144;264;31;76
85;38;50;39
149;44;145;66
27;252;235;179
226;258;151;207
190;215;280;105
241;193;78;290
297;60;27;60
262;155;262;182
242;61;38;200
275;204;80;199
6;123;266;296
161;161;161;161
43;127;219;263
299;197;17;219
31;165;189;189
295;295;295;295
111;106;106;239
189;287;276;287
210;210;210;210
55;153;196;273
144;107;263;25
31;86;145;274
94;212;129;27
136;37;202;117
35;273;221;290
257;257;257;257
293;42;35;5
123;297;285;123
142;127;195;12
23;118;205;264
125;160;225;225
59;146;157;192
20;236;133;194
166;150;176;214
281;17;130;243
116;116;116;116
86;138;28;281
85;268;242;194
41;41;41;41
296;150;203;121
265;90;265;54
67;232;266;178
139;26;61;11
217;284;53;36
138;242;138;140
117;265;232;218
7;233;233;237
51;70;122;216
210;51;118;181
287;287;287;287
94;60;69;265
22;264;82;86
52;8;174;5
76;65;99;99
169;31;153;173
94;213;120;103
74;151;92;219
276;276;276;276
282;258;217;59
269;41;263;41
233;233;233;233
271;271;271;271
13;13;13;13
246;99;24;245
238;119;111;152
26;26;26;26
8;8;248;157
267;100;293;141
199;199;199;199
242;242;264;86
10;206;134;10
44;84;44;32
135;265;90;184
145;145;145;145
229;212;197;101
181;181;181;181
16;146;7;7
186;259;113;92
269;142;111;206
275;176;289;105
234;55;59;270
261;261;261;261
286;286;286;286
226;226;226;226
42;42;42;42
25;187;152;87
107;29;85;296
92;186;288;19
283;297;280;68
145;78;169;121
234;220;159;43
250;188;58;58
91;91;91;91
205;165;67;165
195;300;111;139
137;220;16;68
292;35;295;201
33;209;172;232
181;293;152;52
143;143;143;143
298;268;298;111
252;252;28;166
97;50;50;64
113;45;266;144
161;161;161;161
195;195;114;268
196;196;7;150
225;225;225;225
229;100;186;100
100;203;247;91
108;260;205;52
202;202;202;202
141;65;28;134
12;49;132;236
103;116;53;176
268;268;268;268
23;157;43;131
126;126;126;126
62;14;15;171
125;283;212;101
110;89;237;262
177;284;29;153
39;28;98;145
32;32;298;277
159;164;164;133
107;77;227;150
81;280;156;81
89;262;299;125
44;221;22;32
286;232;187;165
88;292;264;292
44;178;22;75
246;246;246;246
73;188;226;240
133;182;180;133
268;237;282;19
121;234;50;121
132;209;24;179
272;272;272;272
75;75;140;281
78;288;189;269
148;70;71;70
226;260;264;274
256;154;161;220
244;244;244;244
39;180;39;225
163;151;102;220
255;262;20;250
172;172;172;172
189;147;206;241
61;47;186;170
142;142;211;254
281;77;292;27
106;29;142;226
16;211;38;82
56;296;84;84
268;147;268;121
235;281;28;235
26;288;42;92
45;68;99;68
284;284;214;163
103;103;103;103
299;135;76;135
226;226;226;226
194;128;123;111
270;211;250;25
25;193;138;208
11;11;11;11
25;25;25;25
46;109;5;5
86;256;55;86
269;51;235;216
255;162;177;203
150;150;150;150
203;134;203;231
63;56;299;14
195;28;269;151
243;243;243;243
188;144;188;275
284;44;33;119
80;32;143;284
256;116;152;70
113;279;142;103
261;261;261;261
119;20;220;97
233;295;219;165
212;212;212;212
180;59;92;289
263;263;263;263
173;109;182;21
28;262;83;229
80;176;259;27
284;28;117;9
252;176;125;160
257;257;257;257
107;107;107;107
207;207;275;97
56;28;207;191
206;257;257;32
103;123;123;22
104;117;284;162
133;207;65;65
24;215;122;251
67;53;190;75
240;279;279;54
55;127;269;269
87;111;111;202
296;187;256;254
75;75;75;75
227;54;241;142
287;121;207;148
115;120;115;259
234;85;245;97
221;28;99;190
131;131;131;131
197;120;120;282
198;102;225;152
183;107;127;294
193;35;207;139
273;72;71;171
202;202;202;202
80;102;134;46
18;18;220;34
173;65;164;27
153;72;289;97
95;290;63;82
129;247;202;291
134;294;177;195
18;72;81;292
258;276;122;292
204;204;204;204
288;113;49;231
84;160;14;124
173;173;173;173
225;242;186;166
236;191;264;291
247;247;247;247
140;288;67;296
159;169;24;188
175;89;121;246
6;9;205;205
269;269;269;269
153;278;240;157
180;196;12;222
229;228;195;85
147;173;144;44
87;250;220;149
62;14;230;98
265;265;265;68
247;104;243;98
78;268;295;192
110;5;190;265
141;141;141;141
191;166;166;252
146;35;146;136
114;63;230;129
38;140;55;174
180;48;51;56
143;187;108;298
34;228;180;180
73;73;73;73
227;44;127;125
140;218;140;142
135;232;121;98
145;59;59;149
87;298;42;90
46;162;61;162
217;217;217;217
67;67;67;67
41;189;189;70
186;150;151;240
283;296;283;100
147;203;194;197
105;105;105;105
69;220;92;74
104;52;257;47
22;42;299;20
191;46;160;72
56;125;14;48
56;242;198;144
295;187;136;295
120;186;77;244
243;243;107;241
113;15;113;32
229;226;116;221
126;242;126;272
198;146;140;169
53;200;190;200
297;48;189;220
37;212;37;86
288;300;63;5
19;176;143;182
82;82;82;82
194;38;206;231
54;243;133;243
205;290;247;157
253;232;268;290
112;58;58;125
114;114;260;136
233;77;80;102
215;63;123;102
289;7;173;96
26;233;14;293
96;31;112;112
101;198;30;145
232;141;19;120
197;122;102;89
136;290;213;25
259;65;195;65
122;122;182;31
276;276;276;276
135;135;135;135
11;142;155;11
35;35;148;117
87;87;87;87
145;244;35;41
61;61;61;61
131;153;42;184
108;194;68;276
272;173;240;110
71;71;71;71
245;260;60;80
93;86;181;204
294;85;174;151
61;11;28;224
14;8;251;8
296;27;202;285
122;66;264;221
150;14;129;282
22;55;41;259
16;101;101;75
259;259;259;259
298;259;80;81
96;96;96;96
169;169;169;169
115;35;115;26
107;110;110;140
33;33;33;33
269;237;80;56
277;157;30;41
146;62;62;88
149;235;227;141
96;96;96;96
20;246;271;109
101;290;115;294
174;170;70;201
176;267;230;83
200;288;200;96
244;244;244;244
93;93;93;93
296;133;200;252
280;96;24;264
130;130;251;98
184;184;184;184
31;255;262;283
206;103;125;132
28;28;28;28
203;68;225;69
138;257;250;257
127;43;181;131
155;106;253;165
45;84;191;236
66;97;299;282
162;162;162;162
300;222;225;258
60;60;60;60
18;70;273;18
187;228;258;284
9;9;99;24
38;76;76;117
136;194;273;136
50;168;11;200
292;133;77;169
281;70;156;129
49;200;22;98
279;279;279;279
177;177;177;177
279;74;152;172
116;116;116;116
254;254;254;254
190;168;40;44
15;252;207;245
117;286;233;249
155;94;94;76
28;179;112;153
168;168;168;168
12;12;12;12
253;253;253;253
88;106;271;92
111;86;278;38
213;218;141;137
40;32;140;62
134;134;134;134
187;93;218;52
159;272;24;54
75;86;192;42
202;270;202;157
236;59;272;21
149;265;80;101
232;71;71;257
9;9;9;9
197;18;167;167
246;23;284;30
124;225;267;173
149;244;16;227
211;211;211;211
214;214;214;214
152;7;294;206
253;38;208;294
182;266;18;225
141;273;224;273
259;209;225;270
188;175;41;240
296;296;296;296
81;81;81;81
60;60;130;272
24;274;30;274
36;258;240;183
129;200;193;187
116;263;7;7
298;287;232;59
84;136;53;76
292;268;297;292
205;210;74;134
21;36;171;274
204;264;194;264
261;195;121;263
88;37;105;105
210;164;145;167
171;171;171;171
136;136;28;63
98;237;162;180
159;25;207;159
91;87;233;233
204;124;215;204
112;112;140;199
296;83;52;83
209;261;40;253
54;213;202;237
138;161;214;131
148;115;289;148
218;160;59;33
170;8;273;185
277;96;254;251
70;110;135;127
135;263;263;126
168;181;252;148
243;185;124;176
66;222;171;86
53;250;250;81
173;110;202;71
154;106;180;25
9;258;23;259
262;291;59;67
176;176;176;176
204;81;132;170
34;56;258;178
139;276;198;72
289;49;49;272
155;229;197;98
6;146;217;181
206;127;273;28
114;76;145;61
218;299;250;299
296;296;296;296
152;233;233;206
219;165;86;106
270;87;227;203
70;116;247;135
273;133;111;273
59;97;53;254
90;169;192;253
18;43;41;172
292;292;292;292
111;111;111;111
226;75;208;199
57;46;43;63
160;12;259;98
152;204;106;263
103;92;87;50
110;194;75;280
18;247;202;238
63;8;75;38
116;82;116;85
111;223;238;213
207;248;16;16
297;297;297;297
28;7;44;58
13;13;13;13
226;122;36;131
226;226;226;226
26;140;181;121
278;90;122;221
54;198;220;272
73;118;263;37
221;185;274;239
51;92;264;136
245;288;153;16
83;222;151;95
278;254;41;17
176;292;228;215
132;132;132;132
174;61;87;19
243;243;28;274
52;272;191;91
296;296;296;296
128;128;128;128
26;256;38;246
274;21;186;130
255;78;49;255
40;40;40;40
84;209;92;74
56;282;28;147
212;212;212;212
201;114;70;13
122;96;101;139
171;85;36;268
230;115;48;116
52;52;52;52
10;10;10;10
108;195;94;221
182;182;182;182
130;85;120;205
230;230;286;292
229;90;102;131
33;270;280;275
85;292;269;119
10;226;285;285
195;280;228;280
39;15;52;201
119;119;119;119
16;165;112;178
283;103;70;65
76;157;244;253
30;296;209;130
175;93;100;60
151;252;285;248
132;227;170;148
71;8;14;240
106;23;34;63
239;129;257;295
58;213;123;123
234;234;234;234
191;147;296;280
133;176;122;176
58;65;246;34
114;218;218;294
32;124;252;96
199;182;282;172
108;108;108;108
281;241;281;106
250;191;100;250
299;293;139;294
279;272;218;10
22;24;238;191
59;59;59;59
32;127;279;32
33;33;33;33
126;9;225;146
160;72;44;27
283;114;114;235
268;126;5;160
224;240;52;52
96;96;96;96
32;143;10;297
79;166;56;109
263;188;234;263
30;260;222;198
265;132;271;213
242;242;242;242
71;118;141;186
270;300;110;67
244;244;244;244
243;74;241;196
272;272;272;272
65;278;278;184
191;293;15;188
171;171;171;171
31;89;294;109
82;82;82;82
75;119;21;164
214;257;285;35
60;113;220;35
70;162;276;74
127;193;284;93
81;9;147;162
159;159;159;159
179;27;134;35
155;30;253;30
289;74;231;171
115;115;115;115
162;14;271;145
48;256;28;105
241;39;129;196
298;298;298;298
197;172;171;111
294;185;115;232
152;299;160;113
257;213;60;213
30;87;38;26
56;56;56;56
130;138;251;46
157;157;157;157
102;102;102;102
209;251;239;279
275;204;117;247
272;11;14;177
262;262;262;262
160;217;219;219
46;72;120;130
49;290;270;192
255;200;255;278
144;168;281;196
92;106;106;73
288;94;67;267
120;290;290;104
118;126;263;30
106;106;106;106
277;14;277;93
39;132;50;50
131;33;191;127
66;212;102;207
189;291;299;44
246;152;280;246
90;90;90;90
233;246;246;220
188;75;185;57
186;94;37;186
118;118;118;118
186;242;151;141
10;232;149;155
209;209;209;209
20;258;184;83
128;266;225;262
252;252;252;252
131;165;249;231
199;96;291;273
155;189;279;158
72;82;89;117
31;188;179;5
22;128;232;195
295;295;295;295
236;24;198;25
135;107;226;226
52;263;37;119
259;121;36;268
191;152;93;162
104;71;209;259
227;282;27;265
73;134;110;24
209;220;296;265
51;240;176;150
289;136;289;267
194;194;194;194
156;133;53;209
207;207;207;207
140;75;100;121
93;40;155;100
296;296;296;296
154;93;133;37
92;92;92;92
187;126;161;280
9;27;228;141
148;82;39;84
209;209;209;209
283;128;141;219
254;206;102;138
196;283;157;74
81;76;81;119
218;250;25;233
160;160;160;160
257;289;55;289
284;165;113;177
36;227;227;70
87;33;289;42
253;192;46;136
66;5;245;123
202;46;153;136
192;77;208;253
88;31;20;58
79;79;88;82
67;8;7;187
181;13;43;239
97;46;163;48
260;191;277;218
131;12;13;51
281;14;62;8
293;144;124;63
261;254;89;201
35;179;211;213
183;93;165;90
260;45;98;22
203;203;203;203
298;108;206;206
229;229;229;229
181;250;95;106
152;152;152;152
179;153;253;135
75;178;188;188
67;157;270;270
157;234;175;62
287;157;66;66
256;297;276;197
199;278;199;231
292;292;292;292
34;34;279;159
55;111;235;291
205;91;288;71
153;182;123;193
234;276;227;258
18;18;18;18
119;252;269;232
103;206;57;191
280;117;205;20
10;10;10;10
228;281;53;24
154;147;19;53
94;40;61;274
94;259;198;100
178;262;95;144
98;194;53;142
15;15;15;15
260;101;171;140
105;147;55;89
122;122;122;122
64;62;43;151
272;184;163;94
211;222;211;168
234;108;108;158
163;163;163;163
83;47;30;152
217;257;249;257
202;102;81;29
252;178;86;32
286;39;199;79
127;243;257;196
81;100;226;226
191;262;26;38
287;287;287;287
140;224;47;62
97;97;97;97
45;270;45;84
46;113;300;122
67;255;195;9
65;65;18;263
245;60;28;60
234;234;71;273
227;146;254;84
152;152;152;152
185;200;180;75
62;292;25;111
184;124;249;142
190;266;294;210
184;182;42;133
67;67;67;67
52;99;270;26
69;28;6;154
52;192;175;148
32;32;32;32
11;223;289;37
224;124;56;210
228;228;228;228
160;59;91;147
146;206;121;239
82;165;274;265
41;27;61;41
78;278;123;278
80;80;80;80
136;153;136;112
216;216;216;216
168;253;230;230
48;200;213;197
193;218;32;214
53;17;252;248
52;210;87;272
12;232;264;264
138;149;208;42
35;33;68;68
62;62;62;62
275;91;19;91
17;258;108;45
115;115;115;115
273;273;10;173
247;112;257;221
244;257;283;255
55;55;55;55
89;14;168;140
129;129;129;129
272;272;272;272
45;96;176;298
31;31;172;160
108;108;108;108
271;98;271;252
176;90;90;12
145;110;107;248
36;36;184;31
41;19;105;23
255;41;128;149
161;117;72;93
244;223;38;223
91;221;13;132
245;24;24;37
105;121;175;78
149;149;149;149
17;17;17;17
143;269;199;269
148;148;148;148
62;285;220;288
166;285;263;140
18;41;50;86
31;119;178;254
8;8;8;8
239;189;132;122
242;72;162;226
15;285;285;162
220;85;27;91
13;30;276;13
56;56;56;56
248;285;248;271
52;57;71;114
293;293;293;293
209;234;234;207
16;253;158;261
293;293;293;293
173;295;114;6
272;8;157;143
229;229;229;229
74;140;112;26
183;85;183;62
299;16;288;113
139;108;232;41
216;262;269;62
150;128;226;253
279;119;278;277
259;142;142;206
154;284;49;192
115;217;14;144
123;152;152;193
97;268;90;252
38;58;265;211
273;270;203;184
121;121;121;121
104;240;109;91
152;152;152;152
38;171;261;91
247;265;224;236
224;55;24;275
7;15;105;14
79;46;6;79
101;206;50;184
130;86;175;181
219;234;234;76
64;225;66;192
287;287;287;287
35;209;254;209
193;101;45;45
213;124;58;119
44;184;54;41
210;209;199;274
186;60;263;106
288;288;288;288
149;149;149;149
100;267;154;161
81;134;26;274
235;186;35;130
264;97;238;264
94;177;77;77
197;213;213;299
17;252;53;53
110;84;106;129
275;275;275;275
273;87;165;25
189;189;184;140
197;267;271;158
190;174;76;267
63;63;63;63
30;30;30;30
267;17;107;19
115;53;230;53
85;73;35;57
222;195;173;173
85;246;212;44
44;44;44;44
278;119;114;162
244;244;244;244
166;268;130;253
128;128;128;128
133;275;164;157
261;261;261;261
91;103;237;103
70;70;70;70
102;134;221;84
248;36;274;254
15;194;130;71
279;204;52;296
283;21;239;168
295;249;43;295
111;201;52;111
277;153;122;277
64;64;113;252
179;142;10;14
94;291;168;263
90;202;92;251
22;35;121;46
81;38;106;238
112;269;269;221
183;62;90;184
188;9;154;130
196;173;30;249
180;166;180;56
188;188;188;188
131;280;37;131
296;97;240;279
151;248;260;210
35;193;267;198
256;256;256;256
225;225;225;225
184;22;46;90
300;300;300;300
103;123;128;128
167;28;25;212
153;179;264;15
199;199;9;199
256;172;172;51
209;209;209;209
152;53;235;152
164;236;142;269
156;159;264;165
82;146;224;82
81;184;215;143
107;116;33;76
81;168;77;90
178;178;53;76
220;283;250;283
174;96;174;111
148;115;289;242
291;97;297;297
71;35;230;264
40;51;251;37
194;194;194;194
246;58;244;74
19;213;19;275
100;278;284;100
136;136;136;136
44;128;71;191
62;246;213;160
240;36;220;17
27;135;52;135
29;271;271;30
183;183;183;183
74;96;22;74
174;276;285;181
21;291;15;223
24;24;24;24
215;74;211;215
148;148;148;148
82;44;280;65
120;120;187;182
185;185;185;185
240;47;240;235
83;278;155;34
154;109;46;202
237;134;84;134
90;209;135;97
103;116;266;283
241;161;49;235
217;127;94;127
9;104;278;157
63;105;196;49
134;53;233;268
177;79;46;167
280;72;281;244
256;281;171;219
105;210;264;264
139;139;46;193
103;258;130;252
8;8;8;8
221;129;18;238
142;142;142;142
37;48;187;31
287;286;190;48
159;286;99;251
240;40;265;166
139;144;139;214
272;88;44;24
175;15;186;69
41;212;230;53
12;198;130;29
221;49;102;165
123;292;262;213
133;211;193;271
59;177;114;222
172;156;166;189
283;283;283;283
106;102;200;154
210;210;210;210
134;172;206;177
186;59;298;252
224;253;38;166
111;70;31;111
73;73;37;111
99;269;237;151
62;54;12;235
292;292;292;292
19;53;221;86
272;64;272;231
157;166;287;94
196;208;233;239
221;224;274;17
81;84;206;107
160;194;277;113
41;41;41;41
203;245;57;87
155;250;172;288
137;131;198;109
198;127;179;43
244;72;108;72
296;67;246;221
225;225;225;225
283;283;283;283
31;31;31;31
191;191;250;135
120;246;176;88
121;197;244;210
189;189;189;189
67;83;107;289
97;97;97;97
209;239;186;52
197;181;197;252
206;222;151;151
164;164;164;164
152;152;152;152
13;74;64;196
84;273;90;273
52;52;52;52
33;82;149;33
230;73;115;245
174;170;64;44
34;168;178;23
251;102;256;74
77;77;77;77
28;119;164;300
53;118;59;178
184;184;184;184
231;185;24;223
65;156;145;201
77;77;14;82
297;258;163;287
217;217;217;217
293;197;8;168
278;180;261;172
108;108;108;108
88;171;169;154
233;24;29;227
105;221;294;123
35;263;226;216
275;263;129;176
152;152;152;152
33;122;152;152
85;85;115;178
258;245;97;73
228;228;66;116
217;165;253;121
86;198;125;246
291;119;197;148
130;232;163;167
164;50;50;233
106;113;191;131
105;105;105;105
7;100;28;22
195;23;68;158
43;43;43;43
258;236;280;132
127;219;102;95
152;68;40;38
47;99;291;47
15;15;53;201
163;163;163;163
151;201;245;217
173;173;136;60
225;140;13;225
28;297;297;208
171;171;171;171
172;73;42;172
251;269;251;135
106;106;106;106
190;151;61;204
150;150;150;150
264;29;263;263
26;279;26;235
120;120;120;120
130;264;261;137
97;97;177;246
250;42;127;14
226;90;45;90
40;134;134;43
21;136;164;269
261;78;96;261
190;118;27;138
288;247;21;151
150;19;128;116
102;253;206;36
183;141;112;187
80;269;248;154
126;271;271;147
211;211;211;211
297;297;297;297
290;82;197;216
16;147;64;169
237;82;286;111
181;79;212;249
160;147;160;297
39;39;38;21
202;202;202;202
276;33;250;203
275;130;227;230
40;120;161;203
248;248;248;248
161;63;73;131
125;241;164;33
19;61;19;116
172;209;264;93
131;99;7;268
96;60;206;143
175;213;46;176
214;274;153;233
167;167;167;167
157;45;288;218
259;171;117;129
40;123;40;261
142;167;26;25
117;206;37;119
160;189;131;267
60;252;90;74
76;137;174;92
212;142;138;59
258;92;112;277
99;282;35;176
142;167;16;144
212;15;130;181
99;128;108;108
226;42;209;211
128;30;257;167
195;134;32;262
173;235;146;229
53;218;83;218
31;31;31;31
182;240;196;149
209;59;143;209
237;294;56;8
12;12;12;12
27;23;183;296
263;41;78;73
187;168;252;75
54;150;16;19
78;144;191;33
257;257;204;261
120;235;115;300
212;210;129;142
197;50;36;106
210;107;180;204
21;66;232;218
67;236;13;286
129;297;21;150
173;177;188;189
57;108;61;173
197;189;58;150
105;163;9;210
158;38;7;295
121;293;291;139
175;238;54;74
209;209;209;209
207;207;207;207
33;65;191;286
129;257;157;183
262;202;203;262
196;62;196;62
257;172;129;257
106;106;272;80
140;291;54;140
92;11;92;170
240;156;270;121
20;20;296;286
24;135;272;248
241;59;62;102
102;73;277;224
91;165;35;84
12;56;240;209
105;16;267;30
220;201;285;193
159;245;118;236
258;46;85;46
123;257;261;210
232;278;27;99
265;265;265;265
55;22;96;55
220;256;167;220
50;50;190;120
62;244;73;133
25;185;226;200
18;198;279;14
50;50;50;50
219;24;150;19
44;44;294;42
205;205;224;194
94;56;215;132
81;81;81;81
247;148;92;126
251;251;251;251
256;256;256;256
140;259;53;239
198;262;198;48
68;236;185;225
170;56;83;21
249;127;242;29
208;208;208;208
48;68;68;37
173;296;147;299
252;169;150;298
99;122;256;15
284;146;60;127
258;111;84;46
292;297;148;187
204;105;77;185
178;108;99;87
45;226;9;140
87;141;208;87
292;292;292;292
144;24;78;74
293;137;90;69
199;81;114;199
64;70;70;30
149;254;286;270
159;253;127;180
281;281;281;281
255;5;143;179
183;183;183;183
109;157;80;122
288;141;288;117
165;165;41;152
293;171;85;6
100;100;100;100
58;224;160;160
107;143;171;235
172;172;172;172
216;87;231;216
61;84;77;230
18;18;18;18
21;258;27;53
243;136;158;262
20;75;183;173
44;44;44;44
54;261;85;213
292;54;107;286
169;169;216;123
139;59;41;244
227;272;90;90
161;118;184;88
258;9;258;142
277;64;227;89
196;196;196;196
54;266;16;50
191;212;179;102
256;256;256;256
130;220;204;200
102;159;219;276
14;14;14;14
214;258;123;107
192;262;75;45
56;199;252;298
171;171;171;171
27;204;139;147
218;294;255;294
72;62;244;271
110;257;273;48
191;161;191;29
23;59;42;243
266;134;57;50
227;45;112;207
275;275;275;275
17;85;72;240
85;38;13;107
161;120;63;161
134;277;263;187
107;50;225;113
77;259;259;214
178;64;178;131
286;286;286;286
35;35;35;35
206;131;199;139
252;120;289;29
82;82;82;82
67;218;288;79
217;158;136;168
206;206;206;206
295;10;103;224
167;167;167;167
222;239;10;220
267;141;194;257
129;129;129;129
122;195;116;51
178;27;69;142
202;96;46;299
292;168;143;140
135;135;197;254
31;31;31;31
225;225;225;225
76;76;76;76
50;50;50;50
87;87;87;87
41;226;61;90
256;231;237;219
115;170;262;190
175;20;130;20
118;118;118;118
137;134;14;269
69;69;69;69
158;186;120;120
28;28;28;28
291;291;291;291
261;216;19;171
246;95;31;43
22;140;127;165
280;255;81;51
43;43;43;43
243;179;186;84
166;168;25;248
298;199;241;133
236;262;289;57
48;183;48;143
35;35;35;35
65;113;49;19
160;263;45;155
6;56;260;98
247;171;297;207
56;193;72;72
170;100;105;159
178;256;29;136
202;51;287;202
95;172;226;202
299;299;299;299
69;295;130;87
43;43;294;56
295;295;295;295
13;214;249;35
175;175;175;175
175;175;175;175
250;30;296;86
165;26;235;299
290;206;101;44
47;300;80;292
41;121;243;243
11;87;163;11
82;82;82;82
278;136;8;67
81;262;244;210
166;33;178;96
148;51;255;172
95;17;18;23
179;179;179;179
216;300;300;213
199;40;44;210
90;90;90;90
69;107;280;205
244;251;66;254
137;137;137;137
216;216;216;216
42;42;42;42
51;175;94;111
70;179;237;244
224;53;265;140
10;9;125;176
99;189;252;99
151;20;228;298
67;67;98;72
176;74;124;176
178;178;178;178
94;20;44;289
240;169;289;100
141;151;112;230
287;273;135;79
30;142;91;296
124;124;163;158
252;252;252;252
109;109;63;101
218;218;218;218
258;275;275;116
180;220;168;188
108;14;147;14
136;136;136;136
97;224;194;220
257;257;257;257
213;90;250;229
274;143;211;84
289;289;289;289
141;215;290;215
166;102;53;51
178;112;142;24
66;215;40;168
95;105;95;5
95;124;59;292
209;199;282;15
285;155;117;184
170;293;94;182
267;144;47;23
276;276;276;276
183;184;215;142
279;45;114;104
119;34;203;151
121;97;288;250
234;234;234;234
256;256;256;256
6;145;190;146
162;78;228;187
50;284;85;284
101;279;288;288
287;273;212;151
203;273;138;138
211;211;211;211
112;49;208;76
220;189;271;164
160;201;281;12
212;212;212;212
204;204;204;204
173;290;173;75
130;123;108;219
78;42;249;186
72;72;72;72
243;240;183;295
236;236;236;236
139;139;139;139
111;184;125;184
219;183;17;183
227;118;251;118
197;197;197;197
300;21;116;116
238;124;77;87
237;237;237;237
60;177;118;295
121;23;221;116
279;279;279;279
247;209;296;87
13;132;16;159
23;137;203;121
282;200;200;78
283;140;235;237
40;40;40;40
205;299;5;103
13;229;84;251
137;137;137;137
24;216;139;139
24;189;17;100
244;172;100;207
118;268;113;178
37;45;93;38
75;217;192;203
17;177;105;145
42;189;239;219
57;205;137;72
247;237;107;237
203;250;124;271
232;35;37;232
113;209;136;232
245;181;49;56
33;182;33;205
57;52;256;62
164;254;30;51
297;185;231;215
256;35;236;134
27;219;7;237
179;47;26;235
55;55;55;55
260;16;245;166
71;71;71;71
81;293;149;191
168;168;168;168
180;180;180;180
50;266;84;8
45;45;45;45
96;74;122;134
268;233;157;157
38;129;77;129
50;265;67;270
49;49;126;42
281;167;54;205
7;21;7;236
193;92;218;105
245;87;275;245
81;168;23;211
171;295;171;103
190;252;210;90
74;148;101;234
108;234;114;212
55;55;55;55
244;290;118;181
103;185;120;113
154;85;267;109
134;134;134;134
29;254;265;180
277;14;242;298
237;76;294;294
154;241;179;118
85;110;85;55
153;153;153;153
204;50;212;58
187;187;244;54
236;29;39;32
93;93;93;93
36;48;230;59
26;234;5;240
226;226;78;188
232;290;73;220
155;80;57;182
166;150;58;150
200;140;140;190
27;226;98;111
41;41;41;41
57;38;238;105
166;294;36;143
279;95;62;121
259;91;59;268
20;68;289;30
66;13;291;253
73;159;98;247
70;183;214;67
15;15;223;109
183;62;215;273
291;151;269;108
206;206;206;206
290;187;81;120
105;148;151;148
174;138;112;154
59;134;59;219
294;251;267;70
84;131;272;33
135;135;135;135
91;200;260;99
211;169;238;211
134;58;207;170
278;278;278;278
52;52;52;52
196;158;75;103
58;12;12;71
69;172;271;291
297;297;297;297
92;92;92;92
125;37;25;192
215;215;172;165
32;32;32;32
226;45;10;69
123;279;238;232
286;198;264;270
103;81;271;143
206;275;33;238
6;6;6;6
162;32;150;162
101;101;101;101
71;211;43;71
62;126;62;86
24;70;278;148
154;114;169;280
257;257;257;257
239;23;108;219
263;263;263;263
252;252;252;252
298;239;141;215
106;59;37;97
124;295;131;232
286;286;286;286
202;256;59;216
153;265;197;197
52;52;52;52
255;184;79;79
83;33;60;259
23;84;270;80
278;221;284;180
286;272;286;284
283;298;54;298
99;228;208;260
265;199;84;265
183;183;183;183
34;139;103;160
278;278;278;278
47;166;166;85
169;177;31;14
230;158;158;220
181;50;219;227
96;167;237;274
144;144;144;144
146;146;52;51
122;122;122;122
204;204;204;204
40;288;96;125
47;22;212;181
120;265;236;289
97;20;165;149
34;210;143;210
81;265;132;129
50;50;50;50
133;106;134;43
98;41;258;41
292;111;58;292
247;249;166;294
60;60;60;60
288;288;288;288
96;96;96;96
193;168;212;129
284;293;293;53
46;46;260;179
9;166;125;189
96;278;120;298
38;76;250;56
285;118;17;257
239;239;239;239
97;97;97;97
134;258;103;134
78;78;78;78
243;243;243;243
106;204;131;204
57;57;57;57
197;261;65;235
230;129;127;223
266;275;83;280
160;129;41;129
217;247;78;78
70;252;23;288
86;257;27;250
170;77;286;129
264;264;264;264
231;247;58;212
238;107;203;107
203;293;29;177
243;239;52;116
283;298;81;167
189;227;238;60
110;185;188;176
126;24;7;297
170;38;68;133
137;58;285;92
209;99;222;134
202;117;187;117
279;92;187;87
90;90;90;90
216;216;216;216
121;121;121;121
73;73;73;73
175;175;48;209
9;52;184;290
265;265;265;265
27;27;27;27
9;68;111;293
117;23;288;166
144;144;144;144
190;188;195;228
285;225;18;34
272;284;200;200
74;198;198;231
128;101;277;240
197;197;197;197
171;5;256;253
222;103;291;192
231;231;271;99
255;10;9;173
189;110;22;112
26;286;173;70
224;120;258;69
64;192;58;167
196;297;202;202
187;180;29;150
275;21;297;297
180;7;94;141
92;51;237;103
195;211;50;92
202;214;214;150
24;63;56;187
281;297;123;123
112;215;256;213
72;23;229;290
8;43;213;43
49;172;15;277
271;109;118;245
76;220;145;148
276;188;233;52
264;283;198;249
172;173;94;254
186;32;76;191
115;187;163;30
234;234;234;234
279;91;96;276
132;6;98;158
81;253;130;95
181;109;20;80
296;118;118;64
281;208;70;208
259;180;28;291
181;191;94;145
162;250;294;287
250;128;83;59
248;122;73;279
254;95;107;95
75;276;36;36
13;213;215;79
43;43;43;43
154;288;245;214
145;145;145;145
236;175;269;236
59;118;155;18
276;276;276;276
114;114;114;114
139;139;139;139
265;183;104;219
261;185;189;265
137;169;187;137
137;183;144;182
271;65;135;248
238;238;238;238
89;170;119;17
229;30;30;102
251;20;216;166
37;37;37;37
32;22;252;153
17;8;141;78
16;84;291;172
50;50;50;50
246;246;284;54
109;29;184;72
117;128;197;194
24;24;24;24
243;223;11;291
253;9;261;268
123;290;186;72
145;164;85;209
182;168;24;176
25;203;95;30
220;220;220;220
246;28;51;293
300;55;267;55
18;242;72;210
246;246;235;70
176;252;9;242
29;29;29;29
61;61;61;61
181;222;38;244
291;108;112;104
50;51;50;21
277;91;76;155
223;99;66;166
106;292;72;25
37;147;54;5
117;117;126;104
17;17;92;252
25;85;265;11
237;237;237;237
77;84;78;32
19;254;66;126
8;215;40;121
186;53;188;53
213;213;183;256
31;64;295;212
162;286;167;241
36;36;36;36
191;191;191;191
94;51;241;91
94;246;223;34
63;224;251;285
37;127;127;161
182;196;122;89
204;191;47;281
247;241;13;41
121;121;121;121
288;196;288;190
267;35;164;220
159;184;7;28
112;112;199;20
273;255;254;10
293;76;265;135
292;237;182;147
211;72;208;95
29;183;250;13
238;30;233;225
201;49;13;293
61;49;30;251
8;217;103;45
256;229;256;211
34;83;83;276
116;116;116;116
112;48;268;104
32;142;51;248
154;175;285;153
156;156;156;156
218;142;38;262
108;108;58;158
157;68;70;226
81;52;12;159
128;194;121;190
208;199;8;99
251;146;182;60
20;235;171;148
33;82;98;261
113;23;199;24
170;110;80;110
175;233;172;280
39;200;184;205
22;128;126;208
276;276;276;276
7;297;280;297
195;62;133;76
142;142;142;142
218;64;182;193
284;132;228;40
85;85;85;85
274;274;274;274
155;58;178;155
34;251;211;165
67;246;239;278
19;102;19;23
7;136;7;55
243;292;42;97
266;176;124;236
260;60;275;86
168;217;153;266
117;220;72;142
164;95;250;250
46;33;99;108
175;32;160;243
187;106;68;172
261;40;223;269
245;203;259;221
51;51;51;51
82;82;82;82
151;151;247;36
222;222;222;222
226;18;103;148
207;139;207;41
59;15;90;30
234;234;234;234
213;253;94;94
299;215;78;111
298;134;102;249
210;29;32;53
250;124;23;275
185;261;128;128
159;159;159;159
110;110;110;110
123;32;56;38
104;29;53;288
62;285;198;43
113;113;113;113
154;72;51;94
229;33;98;159
250;250;250;250
285;97;260;21
63;296;122;291
280;176;139;159
177;130;176;91
170;188;32;200
224;265;243;139
80;81;62;292
80;112;80;158
279;131;205;279
6;197;285;44
278;48;188;261
148;39;171;280
256;34;79;108
181;181;181;181
205;48;116;25
42;152;281;233
219;35;266;35
134;71;98;162
169;128;169;245
46;26;173;48
233;171;291;84
162;162;162;162
75;75;75;75
263;7;197;192
14;81;292;117
10;105;272;10
26;178;217;254
92;63;266;115
134;231;62;231
202;9;148;225
65;28;126;92
237;188;221;35
299;87;236;153
62;37;77;240
263;75;263;16
124;259;274;233
137;292;191;292
278;51;109;76
106;106;106;106
61;167;292;172
181;181;142;171
252;262;290;226
171;229;291;30
13;115;142;89
64;122;64;180
172;172;172;172
164;164;164;164
218;113;288;218
159;159;159;159
91;157;59;226
57;95;95;165
133;236;133;205
60;147;206;135
95;7;17;171
158;76;273;115
132;292;225;65
177;71;189;32
167;5;36;141
296;296;296;296
28;72;148;212
18;51;173;83
192;192;192;192
212;53;275;221
259;58;70;111
216;157;17;130
238;35;54;196
275;275;275;275
145;140;190;30
22;22;22;22
189;69;289;230
219;35;85;85
179;105;26;149
253;66;45;48
19;263;263;129
159;234;94;35
188;31;271;140
15;265;256;223
295;41;142;158
285;49;231;155
174;237;211;63
257;42;67;199
247;247;247;247
31;82;18;286
252;252;252;252
49;152;95;149
132;119;171;118
182;99;278;44
256;205;275;205
218;56;102;102
174;174;196;85
97;148;200;92
220;185;75;271
56;43;218;275
231;258;27;238
252;51;246;246
105;164;190;189
204;167;296;100
90;153;144;54
266;163;23;25
288;230;288;162
268;46;225;78
209;273;96;148
8;87;43;110
162;191;162;52
139;267;267;136
170;114;130;130
14;133;138;206
92;294;134;90
44;210;201;98
195;169;222;149
262;179;272;262
120;104;150;240
188;266;272;276
61;184;226;245
138;160;124;124
139;159;124;266
23;52;118;299
214;298;276;299
121;155;121;39
208;151;102;134
158;258;158;147
288;164;74;177
283;283;88;94
157;157;157;157
227;284;211;97
284;15;201;7
86;175;86;98
62;125;252;108
215;71;12;20
68;65;218;252
98;98;98;98
170;69;58;271
54;166;298;54
196;62;234;261
292;63;126;63
226;18;118;284
131;131;131;131
6;34;27;164
234;234;234;234
32;143;32;145
117;46;101;23
109;133;149;159
150;152;231;152
18;18;18;18
63;269;21;78
173;250;150;118
35;35;35;35
77;245;168;292
272;272;272;272
47;170;128;180
151;151;151;151
46;189;14;237
104;170;5;23
212;132;259;84
204;238;179;23
153;245;245;202
56;170;170;221
269;156;113;148
109;290;221;175
89;89;89;89
232;232;232;232
40;40;40;40
210;263;70;15
163;172;77;33
292;292;292;292
199;128;285;128
17;227;240;63
254;28;56;141
205;205;205;205
144;139;157;246
158;182;282;178
172;48;71;84
273;27;77;229
69;181;8;66
149;204;204;66
101;258;267;220
285;101;66;113
216;199;64;259
202;67;101;64
88;113;11;152
16;176;33;33
238;58;256;147
128;64;84;193
103;254;15;273
270;257;235;16
274;274;274;274
284;255;228;170
51;51;278;66
185;185;185;185
254;26;248;184
293;13;64;292
39;160;99;127
65;153;47;265
100;100;100;100
58;218;222;263
188;188;188;188
194;206;153;220
58;289;49;16
212;54;167;152
208;208;168;172
103;170;232;169
22;142;103;174
162;122;12;183
188;15;228;188
148;258;195;35
100;8;59;211
218;29;206;136
163;43;273;250
118;252;118;143
290;290;290;290
204;270;18;221
51;192;83;291
243;243;243;243
137;167;238;98
45;139;45;254
93;112;107;75
237;142;269;249
262;269;165;293
104;104;104;104
286;273;14;209
299;299;299;299
211;211;211;211
220;129;51;220
196;14;227;130
167;131;163;131
296;105;60;219
277;94;129;54
45;45;45;45
276;276;276;276
86;276;59;223
228;199;267;238
52;80;102;192
116;116;116;116
180;180;180;180
241;43;127;118
185;237;43;97
284;14;67;87
184;22;236;138
148;298;202;242
207;34;268;103
285;180;32;218
73;177;32;220
265;133;111;111
110;15;247;97
201;111;30;90
242;162;124;229
25;178;7;77
170;289;107;107
65;137;137;194
268;225;183;239
196;136;217;6
120;151;48;227
193;193;193;193
21;116;170;91
195;15;53;15
271;155;228;258
154;243;167;159
84;222;78;112
197;110;166;92
213;244;85;91
165;35;258;202
24;24;24;24
45;9;246;257
234;137;190;120
282;47;282;49
69;100;167;53
25;25;25;25
224;286;176;85
76;300;188;130
59;59;59;59
211;164;27;190
129;106;53;65
44;151;255;150
212;87;23;203
106;106;106;106
86;265;270;69
59;226;197;197
62;94;220;210
27;249;27;60
61;61;61;61
19;229;161;229
86;56;174;97
42;179;218;40
74;40;40;273
268;188;191;54
276;276;276;276
19;294;172;158
41;131;36;203
185;114;204;76
103;64;162;51
255;59;59;255
41;41;41;41
158;173;59;202
183;168;32;7
67;279;67;204
193;75;26;8
223;223;223;223
146;38;215;201
255;78;19;280
252;126;188;140
220;196;220;161
276;9;218;9
79;9;51;283
287;287;254;99
76;115;24;273
33;234;120;16
203;158;113;137
156;28;156;264
229;91;96;279
192;201;220;221
88;235;88;230
33;33;203;32
146;271;90;84
192;58;230;119
221;73;172;204
237;56;159;289
282;282;282;282
257;269;269;195
181;131;247;213
256;139;148;74
7;109;239;127
184;115;103;107
220;205;26;124
150;230;253;38
105;83;107;105
98;83;40;184
260;131;181;50
106;287;43;106
201;207;214;148
202;202;202;202
50;248;72;212
222;143;141;13
220;278;87;278
78;174;174;56
257;250;129;249
10;292;210;248
77;43;90;47
21;21;21;21
133;289;183;133
222;9;222;42
15;150;152;152
133;295;212;229
138;39;109;270
124;96;267;19
127;55;280;107
233;106;233;232
162;162;162;162
198;54;191;54
26;24;173;24
142;128;213;32
276;44;96;58
266;280;140;237
247;25;132;35
154;187;68;101
60;60;60;60
67;73;12;84
261;55;235;161
130;171;130;126
286;286;286;286
85;235;39;277
182;254;147;105
84;134;188;247
267;267;267;267
63;127;258;127
219;219;219;219
87;8;210;278
228;251;172;49
231;161;72;72
156;155;134;295
288;169;190;271
138;19;153;216
123;123;123;123
78;21;142;142
120;231;251;6
198;132;214;251
28;28;28;28
278;140;195;285
265;288;297;135
128;128;128;128
124;165;205;227
266;30;260;218
8;187;251;123
148;148;148;148
217;298;289;95
104;166;298;166
181;270;238;128
85;153;172;177
209;29;131;253
111;111;111;111
163;167;193;62
126;161;285;255
44;44;44;44
43;222;23;222
213;213;213;213
264;127;36;256
129;17;250;43
117;244;203;202
204;204;204;204
289;95;291;95
18;165;226;165
191;73;36;267
147;180;67;161
240;208;193;222
145;213;190;271
290;290;290;290
213;102;235;185
233;233;233;233
145;39;114;18
213;186;257;87
125;81;62;90
180;92;232;230
170;51;296;236
48;78;104;141
289;283;295;221
166;94;224;136
219;84;176;268
138;78;153;183
49;48;65;265
24;24;24;24
23;200;71;23
173;107;107;156
235;235;235;235
229;81;61;35
160;157;227;139
53;169;260;71
64;110;28;178
172;75;198;122
207;171;111;109
28;28;28;28
25;244;107;107
64;114;26;128
68;228;282;137
251;96;143;267
15;15;15;15
120;103;258;147
194;181;227;239
172;185;175;124
57;70;262;87
75;137;132;103
204;116;204;98
26;267;267;205
139;6;226;258
118;157;30;299
181;96;145;8
65;189;140;65
101;49;273;274
203;92;29;203
81;52;257;270
283;283;283;283
214;291;92;106
39;39;39;39
64;285;166;166
284;220;291;99
165;229;226;165
29;126;81;109
219;263;263;195
257;288;83;218
252;283;149;253
255;241;264;123
87;87;13;76
238;92;44;70
24;166;96;166
273;8;273;204
150;150;150;150
100;140;66;44
149;88;155;130
174;124;106;118
281;75;54;49
11;11;11;11
170;241;93;49
64;47;25;42
118;290;179;39
119;119;119;119
277;274;158;252
245;178;141;98
225;23;251;68
161;254;198;198
56;218;246;14
295;18;28;123
74;74;74;74
101;120;36;29
200;200;200;200
87;87;87;87
86;255;184;269
176;176;176;176
80;53;225;108
207;24;158;299
262;97;271;249
182;154;227;154
279;279;279;279
254;158;87;288
122;284;122;220
173;13;28;28
291;82;7;86
15;53;260;199
257;252;135;238
275;35;275;135
147;35;274;24
131;129;200;98
184;184;184;184
105;107;17;158
75;75;75;75
93;192;9;266
289;83;37;121
131;274;32;114
88;206;104;165
291;35;271;119
90;90;90;90
26;32;266;294
97;97;97;97
169;273;63;230
137;80;237;142
55;235;235;78
225;143;143;117
192;213;249;128
104;200;78;78
172;243;9;172
6;81;174;92
66;91;297;29
102;142;61;142
20;237;257;39
252;190;251;190
157;146;202;132
184;190;254;181
39;179;39;251
263;120;224;237
127;35;16;168
130;151;52;208
223;223;155;258
284;145;280;145
128;128;128;128
59;59;59;59
206;26;207;156
73;271;258;258
260;39;203;55
123;272;17;156
256;167;50;279
185;220;80;16
15;15;15;15
267;113;254;10
259;161;272;52
248;44;75;284
272;272;272;272
157;279;134;278
139;49;154;169
146;146;146;146
94;39;20;254
70;70;70;70
258;152;106;52
125;258;212;139
199;108;78;251
174;250;28;112
196;222;250;206
30;168;187;276
249;111;114;134
262;197;163;258
38;199;189;29
266;266;266;266
184;105;55;267
180;125;125;163
52;38;230;265
241;38;191;97
234;79;88;145
170;264;212;259
34;148;161;294
148;148;148;148
216;216;216;216
15;210;200;251
132;181;163;244
222;171;198;117
208;89;188;299
281;271;112;271
140;256;254;254
123;80;79;92
292;292;292;292
209;209;209;209
276;233;53;142
261;261;261;261
42;275;226;121
190;190;190;190
147;164;289;60
18;261;209;18
263;188;150;231
64;71;123;182
200;79;44;271
241;241;241;241
194;195;213;39
18;278;167;278
58;75;236;133
60;8;8;239
260;80;172;249
229;229;229;229
293;264;162;258
199;199;199;199
197;171;166;225
276;113;288;195
135;135;135;135
133;195;298;247
183;114;175;76
74;229;34;9
91;239;59;59
75;255;255;61
172;218;218;33
121;66;121;21
108;228;81;226
296;26;243;36
234;244;266;25
206;125;259;277
119;98;75;98
57;109;57;207
231;189;102;195
235;235;251;45
64;127;126;233
160;42;294;135
169;169;20;268
160;55;160;16
190;190;190;190
25;25;25;25
198;198;198;198
51;84;228;160
125;117;94;23
263;158;280;195
188;164;58;268
267;254;45;12
96;295;96;86
257;52;121;281
90;90;90;90
105;273;43;126
172;94;243;177
45;102;232;232
248;206;129;68
298;226;226;164
199;55;188;206
70;207;149;202
175;240;28;117
10;28;57;10
165;285;30;114
31;11;288;23
168;192;46;90
178;88;166;166
285;15;33;85
227;30;30;114
63;237;52;203
156;23;116;252
61;87;129;54
113;223;142;150
183;256;28;183
181;181;181;181
218;109;143;217
107;5;107;158
191;191;191;191
85;48;192;19
92;214;11;92
112;26;222;37
277;160;166;208
56;97;109;174
258;184;77;258
45;285;279;108
22;22;22;22
228;219;172;107
227;227;147;234
279;93;227;217
77;111;14;258
241;239;165;136
102;102;102;102
240;17;203;156
9;50;22;284
39;39;39;39
263;243;8;39
197;184;53;238
79;79;79;79
272;143;165;264
174;174;174;174
102;297;281;87
47;298;72;127
14;78;184;286
132;257;157;21
68;148;177;57
26;281;129;106
233;247;153;98
146;233;51;252
6;141;8;141
21;21;21;21
256;184;291;172
155;279;298;114
187;246;179;82
52;27;52;38
190;242;262;73
187;117;117;95
71;71;86;39
279;214;279;70
281;18;281;59
223;186;12;273
146;146;146;146
299;102;55;55
72;254;72;268
170;253;160;169
247;49;186;171
263;169;285;55
103;67;263;293
34;190;239;163
58;58;58;58
88;88;88;88
168;179;134;176
66;150;252;252
188;188;188;188
129;174;238;18
72;240;224;284
270;45;270;244
69;286;6;252
17;142;127;161
30;218;116;188
149;108;262;149
116;70;128;159
299;72;245;187
254;21;25;270
218;218;218;218
139;65;92;95
21;273;24;115
216;276;67;292
197;197;197;197
41;138;88;88
92;274;192;294
298;265;144;220
120;188;213;211
171;171;171;171
287;244;236;88
63;142;109;290
170;170;247;231
31;64;22;263
21;24;109;300
231;217;276;110
70;227;248;148
162;162;162;162
245;245;245;245
141;140;260;91
28;251;261;251
48;48;48;48
73;34;240;276
197;195;179;73
109;15;254;181
64;64;64;64
234;72;72;188
188;126;286;291
75;141;236;120
254;45;188;273
224;75;117;48
116;48;62;52
168;207;129;112
283;283;133;22
188;188;188;188
243;243;243;243
71;65;201;30
216;232;224;85
201;166;140;73
226;292;166;257
8;274;265;233
261;92;252;252
109;109;109;109
60;60;60;60
94;85;41;169
37;180;274;29
276;125;70;70
247;119;17;39
265;140;30;282
229;79;167;197
108;108;108;108
233;30;65;102
65;256;209;117
227;43;86;151
22;241;220;225
94;91;273;91
234;90;234;296
220;173;239;142
28;28;28;28
294;132;114;178
123;40;106;62
219;103;146;180
164;114;196;173
73;73;73;73
293;157;123;225
70;272;275;275
190;244;122;23
109;109;109;109
201;73;248;73
125;125;125;125
86;166;157;157
135;15;226;14
109;244;38;259
271;28;272;238
179;56;64;51
256;245;267;161
139;231;93;45
240;162;240;205
258;148;258;176
173;173;173;173
227;279;279;221
39;197;95;273
50;133;5;291
74;74;138;288
254;65;34;60
223;227;251;199
38;208;214;208
6;240;281;6
217;39;39;247
99;75;291;244
80;196;170;249
145;207;82;145
278;278;278;278
249;171;223;145
59;300;124;81
177;222;87;166
215;287;158;287
30;201;24;23
251;270;270;164
103;103;245;200
266;48;286;254
224;224;224;224
180;180;180;180
162;78;78;252
126;126;270;138
143;143;143;143
34;90;88;17
31;89;294;212
126;126;126;126
91;42;202;233
285;248;106;153
31;155;97;235
273;129;17;182
238;238;238;238
202;163;196;85
143;237;143;173
202;42;42;116
229;95;297;181
203;51;170;41
17;17;58;221
290;181;18;254
139;139;139;139
246;272;241;204
111;61;266;132
80;197;218;244
289;135;242;254
166;166;226;218
28;229;161;8
78;37;92;285
195;134;15;262
57;237;101;189
227;227;227;227
218;257;268;150
28;28;28;28
66;117;139;119
227;257;196;257
287;14;38;150
219;293;17;131
182;27;27;33
6;239;57;295
121;95;143;121
250;157;78;23
112;17;134;158
205;154;283;205
272;272;272;272
174;101;224;40
102;27;253;102
260;193;93;299
36;36;36;36
114;188;202;119
74;225;212;56
76;115;98;77
93;73;146;93
298;222;109;198
43;43;43;43
27;9;169;255
85;133;277;28
290;203;77;157
195;159;159;105
179;157;179;109
137;295;192;8
43;43;43;43
300;147;85;170
284;49;243;136
250;116;25;15
29;90;222;251
254;61;37;246
50;30;265;133
277;165;18;72
274;258;79;226
232;258;228;82
96;119;213;241
82;35;93;82
145;156;149;59
279;279;279;279
45;187;113;197
142;168;128;153
281;74;175;74
219;219;219;219
236;236;236;236
208;189;189;150
30;70;91;287
128;128;128;128
42;62;26;155
275;194;151;194
270;270;270;270
168;271;100;186
63;46;224;195
261;130;26;258
201;50;152;158
18;66;264;154
203;146;68;203
195;264;294;270
180;62;62;181
75;181;144;181
158;222;268;292
141;52;252;13
278;285;85;294
135;135;135;135
145;145;145;145
123;195;78;195
127;288;179;81
166;268;285;37
25;168;112;260
45;158;178;45
146;75;229;138
119;282;82;20
289;77;193;150
9;263;275;136
178;77;25;107
151;47;151;218
298;84;298;264
101;176;103;206
181;148;83;181
292;217;262;97
72;178;251;93
16;121;224;241
192;144;76;213
236;166;21;65
138;143;140;81
214;95;254;95
47;113;54;24
115;115;115;115
231;89;144;89
129;32;174;188
114;179;132;280
183;20;233;225
299;110;214;196
184;184;184;184
76;76;76;76
245;6;48;240
296;75;155;213
78;299;154;78
268;296;19;162
14;41;170;183
188;214;95;134
100;261;66;155
134;102;212;74
296;220;168;43
85;85;85;85
239;165;269;148
265;265;265;265
263;263;263;263
191;14;121;227
135;121;182;103
56;279;220;279
161;161;161;161
142;275;81;81
108;108;108;108
64;64;64;64
238;271;190;238
250;221;294;195
80;127;228;106
109;272;43;237
136;269;51;66
51;132;42;184
294;294;294;294
47;147;196;78
238;290;51;234
237;133;183;68
226;109;156;249
158;267;196;90
209;209;274;72
148;69;63;140
212;212;31;299
166;109;266;180
30;30;30;30
46;147;77;171
175;67;199;159
120;8;215;197
24;24;24;24
205;120;171;226
215;27;27;130
265;265;185;98
112;37;228;130
260;169;99;50
89;120;114;250
123;203;124;255
86;110;90;232
16;46;119;7
55;9;6;10
288;60;28;102
59;68;59;153
268;263;211;85
112;270;158;223
72;276;220;185
51;234;104;159
125;162;109;190
171;137;168;55
207;172;207;264
204;24;116;147
277;177;19;122
147;76;289;289
168;185;90;162
275;100;291;145
20;178;60;214
40;198;271;187
180;120;263;94
178;178;285;135
222;106;11;45
225;31;187;14
33;93;157;291
38;38;38;38
238;9;36;181
101;32;163;97
238;238;238;238
145;145;145;145
205;55;30;20
225;225;225;225
219;149;85;220
157;157;157;157
293;164;149;164
5;53;28;53
185;243;86;107
13;132;85;239
72;286;230;11
273;5;249;274
179;289;289;168
160;160;160;160
251;27;114;14
156;156;156;156
266;266;266;266
124;217;260;121
132;138;7;94
270;270;270;270
195;135;115;253
288;288;288;288
70;134;29;76
298;105;179;54
78;37;229;214
193;152;190;129
196;231;116;138
118;279;97;259
195;107;121;48
159;179;74;249
146;239;266;203
65;271;213;275
296;296;124;272
211;211;211;211
197;217;117;225
110;58;288;177
276;183;225;151
282;282;39;278
259;179;61;254
170;170;170;170
95;205;237;237
211;211;211;211
121;233;91;196
128;51;51;159
209;209;209;209
251;296;208;287
176;176;176;176
235;268;159;159
68;201;201;288
107;259;24;286
18;18;18;18
118;24;251;251
237;111;168;240
230;63;63;176
5;5;5;5
176;6;8;232
188;299;19;19
37;291;279;295
219;168;121;168
285;228;110;58
196;196;196;196
122;122;122;122
89;232;232;221
25;25;25;25
281;134;27;263
18;204;91;85
34;113;252;156
99;99;99;99
64;95;273;70
258;12;12;111
37;37;37;37
180;273;186;298
206;257;248;64
280;280;280;280
225;79;254;110
111;224;224;129
229;199;229;176
207;146;281;205
270;24;222;270
169;214;74;169
261;211;76;160
213;253;118;9
107;107;40;255
35;212;290;170
160;12;147;49
37;283;283;173
131;33;163;31
106;145;83;206
95;95;265;184
53;176;176;137
243;243;243;243
193;210;27;180
8;74;266;27
194;46;29;46
279;52;283;103
109;109;109;109
207;262;53;300
242;162;180;180
185;101;101;236
66;33;55;295
287;46;276;250
254;110;24;298
227;227;227;227
266;255;24;92
28;256;226;94
247;78;126;82
144;144;144;144
150;150;150;150
236;291;221;285
273;212;79;219
118;118;118;118
277;279;279;88
136;71;5;136
138;138;138;138
251;124;289;288
211;134;249;107
266;68;269;205
46;191;232;84
206;70;150;136
272;272;272;272
109;221;227;274
169;38;67;159
138;138;138;138
212;212;98;131
288;237;266;102
54;256;291;236
186;135;112;280
118;28;65;98
210;188;246;218
24;207;221;149
199;20;45;15
118;25;93;93
166;166;166;166
226;226;226;226
45;34;132;34
191;191;191;191
224;161;80;92
213;246;140;106
115;121;252;161
201;156;215;78
282;261;54;104
16;46;101;31
299;132;107;250
147;253;268;287
206;153;201;168
47;106;221;195
106;164;75;199
229;212;224;245
207;207;207;207
261;223;294;194
52;91;131;101
160;230;218;82
113;300;300;24
51;295;45;162
94;172;86;38
248;116;9;45
195;195;195;195
285;107;225;148
106;270;270;160
153;294;217;46
187;206;10;248
199;219;229;236
177;263;205;263
279;84;265;52
202;202;202;202
71;116;40;40
85;85;85;85
131;86;49;148
47;195;150;122
75;94;75;134
100;45;298;238
276;126;129;45
75;227;144;59
84;286;286;228
123;165;258;46
42;55;262;184
45;299;176;222
230;94;8;89
156;156;156;156
236;251;25;241
285;279;154;87
188;200;110;249
187;237;195;23
111;179;14;179
159;159;159;159
268;37;37;260
66;115;72;278
198;198;198;198
294;53;168;199
122;48;267;260
41;35;252;165
170;170;170;170
33;160;48;162
271;89;116;75
135;266;135;292
235;51;257;170
159;113;300;100
128;100;140;289
295;83;206;15
69;257;85;69
128;27;134;298
108;77;215;272
296;296;296;296
125;101;250;252
206;206;225;116
266;266;106;223
155;227;7;97
262;230;24;252
238;215;32;32
180;67;276;139
199;200;142;225
174;265;14;174
59;59;59;59
245;245;245;245
278;139;283;94
274;76;178;152
150;155;179;268
272;192;241;90
68;68;68;68
23;145;142;23
162;64;290;198
232;174;62;114
296;212;296;184
160;68;46;263
262;262;262;262
223;189;209;26
231;251;284;148
194;194;194;194
67;19;11;102
186;186;186;186
188;196;21;29
49;49;49;49
108;108;157;180
251;50;17;251
177;285;285;70
231;231;231;231
207;158;160;207
68;6;257;243
151;47;8;290
185;185;185;185
127;127;127;127
83;251;218;196
33;33;33;33
285;209;285;44
23;270;82;100
171;87;132;286
43;246;173;43
100;111;291;216
184;46;300;300
202;221;16;142
47;82;102;193
290;290;148;267
190;190;190;190
188;266;179;36
86;209;107;107
135;135;135;135
64;251;51;145
265;25;262;136
292;228;49;278
258;166;107;7
263;62;104;275
255;255;255;255
169;18;163;236
176;225;254;176
16;123;207;157
258;5;246;151
139;14;125;224
225;155;289;289
213;31;163;114
23;205;23;122
62;186;194;249
223;223;223;223
217;114;220;11
169;169;169;169
179;221;256;186
67;297;22;134
33;65;168;239
89;300;89;284
41;41;41;41
22;27;272;66
170;233;170;280
187;187;44;72
109;11;99;198
60;145;249;201
126;281;243;126
94;94;94;94
182;182;182;182
5;180;58;234
5;120;275;54
249;102;230;142
293;102;288;236
16;274;104;46
296;45;64;227
235;165;268;66
198;140;7;140
53;175;53;16
55;55;55;55
205;64;47;235
124;124;124;124
59;59;59;59
126;284;177;284
139;94;71;94
14;281;28;68
67;187;128;57
150;121;121;184
150;247;75;141
285;285;285;285
20;118;83;118
80;103;9;268
104;276;276;191
213;166;160;35
55;188;148;81
71;119;79;34
28;28;28;28
226;250;198;9
63;182;232;239
52;73;232;52
205;228;208;273
181;181;181;181
151;41;106;230
119;119;119;119
40;280;244;244
101;178;145;50
84;291;102;187
255;10;87;107
104;281;91;76
193;227;227;89
91;91;91;91
173;173;173;173
122;298;270;287
220;8;78;257
25;214;46;265
165;165;165;165
133;68;218;166
133;136;176;274
298;167;300;300
153;94;256;186
299;85;276;105
289;289;289;289
244;244;288;26
200;68;37;219
279;168;242;89
26;26;104;242
80;131;54;131
219;96;217;160
106;106;106;106
122;103;283;38
124;34;190;300
44;299;111;268
119;270;271;40
168;230;168;10
149;139;139;155
102;102;102;102
22;102;35;22
60;60;60;60
212;246;89;88
128;128;128;128
185;27;283;244
196;255;255;214
295;169;141;195
216;216;216;216
27;211;273;239
60;60;60;60
106;106;106;106
296;267;275;39
72;226;134;108
24;207;35;24
124;178;178;96
111;83;171;171
72;51;131;210
147;147;147;147
121;121;121;121
255;255;255;255
29;53;29;257
53;82;26;273
233;233;233;233
96;147;147;261
300;88;88;253
183;182;128;295
70;61;16;60
202;202;202;202
214;123;47;241
182;158;182;139
131;144;56;34
265;290;250;88
220;220;220;220
297;288;260;172
53;152;88;236
238;238;238;238
97;12;123;159
274;194;272;180
36;36;36;36
37;37;37;37
36;7;8;128
61;43;9;260
212;276;226;47
98;98;234;100
37;281;181;187
270;82;13;82
149;5;190;116
139;267;116;147
137;37;43;153
173;173;173;173
50;20;149;42
51;153;178;178
288;191;145;204
97;97;97;97
206;67;22;262
232;28;195;177
41;182;165;296
147;68;23;23
78;78;78;78
186;161;148;260
171;171;171;171
134;93;134;272
97;97;97;97
234;286;230;185
289;205;286;148
104;254;95;264
297;247;297;298
247;247;247;247
132;36;33;181
91;149;146;63
241;241;241;241
43;43;284;84
281;103;281;86
206;62;58;106
41;177;22;266
195;184;195;175
195;45;148;244
169;171;275;171
35;274;199;152
162;25;256;235
293;221;100;171
138;134;107;73
221;234;52;59
165;31;164;106
292;292;241;178
296;296;296;296
298;298;220;119
284;283;146;288
229;137;116;49
39;75;218;160
166;227;282;282
149;122;208;45
127;237;92;261
229;229;229;229
75;75;204;153
237;139;153;154
180;33;44;44
113;125;44;245
75;192;101;164
58;132;11;59
152;151;45;163
272;272;272;272
159;159;159;159
65;96;280;96
117;118;259;56
241;51;218;187
10;10;10;10
226;226;226;226
240;151;151;166
74;74;123;106
50;214;158;20
20;254;247;299
181;270;228;194
125;98;253;198
121;132;174;262
169;64;94;179
157;257;190;124
128;128;128;128
186;186;186;186
281;39;285;285
135;162;138;162
26;155;45;178
239;202;202;232
272;68;83;42
121;282;266;176
28;164;28;242
99;127;61;139
108;206;112;160
6;64;231;6
198;183;214;43
15;244;257;117
104;104;104;104
134;134;158;134
134;166;161;199
27;208;27;26
47;42;105;163
275;268;225;275
265;265;124;278
163;11;58;265
136;194;228;183
259;259;259;259
81;76;188;25
208;278;226;226
203;260;103;69
105;230;120;282
187;187;187;187
93;113;29;152
115;51;116;282
143;156;63;59
119;212;123;212
124;205;17;233
58;58;58;58
106;193;206;193
268;5;129;294
39;243;243;110
235;7;132;102
138;123;42;203
153;136;101;69
249;221;133;205
265;26;170;202
18;18;18;18
267;262;145;218
274;214;91;72
176;176;176;176
180;295;266;234
216;121;181;240
286;226;66;148
241;58;260;116
17;28;193;147
105;82;206;20
141;281;225;238
146;146;146;146
210;246;246;274
248;169;31;154
5;161;246;185
253;253;253;253
191;285;191;191
125;145;10;10
73;171;12;232
159;129;120;294
69;69;54;148
132;132;132;132
233;233;233;233
124;124;225;291
99;92;157;131
22;225;41;278
279;279;279;279
30;30;30;30
172;108;64;172
294;34;58;294
109;281;161;153
137;52;218;52
92;50;238;79
39;39;248;285
215;215;215;215
24;50;108;284
19;19;19;19
243;33;215;243
37;29;18;29
267;75;115;266
242;107;228;35
226;276;153;189
42;293;250;42
168;80;178;20
111;121;30;247
83;47;55;247
262;109;262;73
27;14;70;118
169;214;28;150
274;237;61;50
194;254;52;194
64;64;64;64
7;7;7;7
62;62;62;62
260;40;14;232
211;10;107;181
120;120;120;120
217;38;38;97
255;27;281;86
260;16;249;268
201;138;141;127
9;213;68;150
262;282;32;227
11;227;248;265
63;213;214;89
91;227;299;262
97;91;238;97
106;237;277;108
270;142;285;32
239;239;239;239
295;244;33;153
264;26;211;26
168;294;132;152
102;42;126;180
204;274;160;275
179;241;19;182
186;186;186;186
138;167;147;264
150;150;150;150
234;234;234;234
132;294;152;294
235;22;295;95
277;287;205;19
281;114;288;281
89;152;54;54
173;99;177;117
169;169;169;169
80;237;145;90
266;98;176;37
259;66;81;259
176;27;191;153
268;10;166;262
113;290;226;249
30;90;120;106
33;151;54;186
258;75;99;75
199;255;279;35
248;248;249;42
298;75;31;148
136;286;255;271
283;181;176;137
296;296;296;296
167;189;57;28
21;70;116;70
13;222;12;11
181;181;140;159
116;292;300;282
129;209;280;168
147;293;85;231
280;10;191;150
76;182;151;156
154;246;261;27
54;148;39;39
109;247;6;228
259;173;88;259
36;36;36;36
84;71;278;180
94;216;62;62
101;91;91;29
89;169;101;295
23;23;23;23
78;78;78;78
87;192;170;193
52;265;265;283
260;192;281;24
266;211;227;46
31;31;31;31
244;72;77;46
38;38;38;38
235;40;243;129
148;123;168;168
63;46;19;277
194;194;194;194
146;212;23;291
271;183;297;183
14;278;132;289
248;91;71;248
126;126;126;126
34;34;34;34
192;107;94;109
174;191;261;261
238;28;60;284
75;276;168;31
10;97;273;208
9;282;76;20
104;104;104;104
192;252;16;16
222;254;209;119
99;30;100;108
187;136;160;76
96;96;96;96
271;19;44;208
221;28;221;265
125;136;297;40
38;38;38;38
255;255;255;255
95;236;93;141
103;39;103;256
251;120;294;108
263;6;208;6
180;180;180;180
247;99;85;27
276;91;174;288
68;167;112;68
70;164;300;60
293;293;293;293
239;43;90;250
209;143;172;69
142;142;142;142
270;195;118;78
274;238;162;188
71;191;71;249
30;224;140;274
43;208;24;208
212;198;99;170
73;202;196;196
94;170;53;196
213;232;62;299
202;191;220;59
220;75;295;13
158;273;40;276
184;90;124;140
9;9;9;9
220;220;220;220
275;5;234;257
113;269;197;64
23;5;125;83
9;184;147;229
65;258;144;285
123;69;188;95
242;188;29;196
254;124;18;149
274;274;274;274
267;88;83;284
300;270;251;233
161;227;261;218
256;193;195;72
297;11;132;29
298;118;196;96
27;125;159;233
139;139;158;152
45;260;169;212
48;48;48;48
11;267;53;97
135;135;135;135
87;87;141;247
176;176;164;276
83;212;71;118
24;206;255;98
175;199;251;22
297;131;124;20
69;69;69;69
92;243;178;14
170;89;186;181
31;31;213;63
150;19;150;239
65;67;221;273
220;238;54;227
260;260;275;50
99;170;130;81
203;266;79;210
126;213;165;146
24;159;17;147
193;252;92;7
275;275;48;113
256;256;15;292
251;272;187;20
136;139;91;269
31;52;31;240
38;38;38;38
176;64;64;114
92;297;100;300
145;88;297;150
101;40;118;101
204;204;204;204
117;117;117;117
200;289;26;12
214;271;34;101
266;136;175;211
24;265;248;210
229;228;150;260
281;156;92;92
18;200;231;156
72;11;287;255
135;82;198;227
25;79;295;93
163;246;18;41
96;31;138;235
287;109;286;266
195;76;49;89
137;212;164;271
78;252;286;65
131;292;141;271
99;77;119;116
263;122;124;253
154;20;57;145
8;144;183;146
143;234;213;129
235;235;235;235
107;215;85;62
125;289;51;128
297;218;183;218
147;120;16;290
30;28;253;30
261;258;54;278
276;276;276;276
146;146;112;231
216;173;156;289
71;71;71;71
291;196;21;291
114;84;53;187
103;292;172;287
202;222;233;162
226;13;239;37
139;170;178;203
138;138;168;122
269;45;35;138
102;129;292;127
159;283;145;90
173;167;81;165
26;206;222;267
80;80;80;80
264;264;264;264
63;169;117;68
127;234;74;109
209;109;231;265
282;282;282;282
110;294;135;175
189;288;34;189
274;274;274;274
212;131;117;117
136;136;136;136
14;252;88;128
276;273;273;191
259;100;17;300
199;199;199;199
210;158;158;153
56;211;193;180
226;111;288;234
219;278;272;227
58;58;58;58
161;161;137;52
80;49;97;30
78;115;263;298
88;287;38;209
212;212;212;212
91;91;91;91
182;135;169;214
225;225;225;225
206;7;7;235
285;289;285;131
141;165;158;187
32;32;90;74
173;250;145;79
121;27;287;270
69;75;69;104
33;292;46;46
42;248;131;124
264;38;271;253
271;66;265;271
103;71;150;285
197;54;210;283
257;197;161;174
185;107;219;130
64;163;107;93
293;201;293;178
15;118;31;31
245;245;245;245
189;177;181;181
30;118;299;239
35;35;35;35
181;89;29;77
222;205;222;166
127;209;206;60
55;238;55;38
175;289;16;16
159;66;175;197
93;93;93;93
263;286;232;218
46;175;67;113
194;162;183;194
241;55;175;196
44;44;44;44
45;269;277;99
23;104;150;80
195;257;205;228
230;26;285;247
208;122;122;137
197;17;272;27
182;192;68;32
100;126;124;119
264;228;242;161
136;97;182;33
70;225;251;70
285;268;171;43
127;51;260;267
41;91;41;148
77;11;77;296
98;98;98;98
167;278;85;228
102;37;5;9
207;41;66;41
129;292;71;49
141;227;156;140
116;81;284;106
245;17;84;181
75;255;69;297
211;214;205;163
38;38;38;38
176;253;151;121
293;222;191;11
160;160;160;160
222;62;176;209
151;36;167;83
107;16;256;16
249;50;227;261
192;146;271;91
252;69;145;28
132;132;132;132
178;194;171;245
83;83;83;83
135;239;239;68
113;113;113;113
238;6;241;83
20;281;269;165
181;137;102;102
275;295;295;152
133;29;253;236
12;246;229;21
38;292;263;39
174;91;270;296
125;216;194;218
242;242;242;242
48;56;25;30
226;226;226;226
24;109;7;198
151;286;105;151
193;47;47;230
256;179;239;238
259;62;177;149
235;81;34;141
211;96;242;283
171;155;23;155
143;143;143;143
154;293;121;72
44;241;144;63
15;122;89;171
52;115;52;211
296;296;296;296
125;211;164;125
129;129;129;129
32;32;32;32
205;59;167;59
119;111;297;40
32;117;117;83
65;65;65;65
60;220;103;52
103;121;125;121
169;91;114;64
155;277;243;133
55;55;20;11
188;143;191;143
72;156;240;75
123;239;137;239
95;217;42;281
238;37;48;37
245;12;159;279
261;261;261;261
129;176;203;222
17;248;74;55
149;208;275;52
149;39;78;38
190;247;15;214
195;167;172;106
286;195;23;195
79;256;300;16
186;199;80;213
98;98;98;98
146;164;216;300
276;84;204;70
70;70;70;70
35;177;236;101
137;137;137;137
41;58;132;135
211;157;157;134
129;108;108;179
98;98;98;98
95;129;243;145
71;105;273;226
178;18;297;14
16;219;90;221
14;15;262;104
292;292;292;292
235;298;107;77
270;111;163;139
193;264;26;206
225;130;147;214
271;271;271;271
74;158;299;289
18;65;46;184
164;164;164;164
144;229;250;48
145;218;63;126
13;178;173;173
278;64;64;38
188;295;118;113
105;242;242;62
185;178;205;185
158;158;158;158
177;155;278;162
120;266;137;68
76;200;41;227
262;23;208;33
217;177;220;27
128;218;239;177
69;69;69;69
253;224;267;230
189;189;189;189
37;257;181;223
224;163;193;74
212;212;212;212
70;8;87;27
88;88;88;88
20;213;277;264
66;66;66;66
18;299;239;122
96;91;39;87
105;291;60;59
236;96;232;137
120;120;120;120
295;139;88;26
152;152;152;152
83;83;83;83
222;152;152;124
194;122;207;90
206;206;206;206
201;7;66;183
191;191;191;191
18;65;242;5
39;211;227;293
176;265;9;47
164;150;260;150
300;181;269;300
209;234;296;13
252;252;252;252
255;255;255;255
161;35;146;161
170;78;118;212
253;73;188;52
204;260;161;204
266;181;213;93
257;26;26;42
285;122;144;91
89;29;40;29
215;139;156;156
238;229;15;39
56;179;6;207
151;151;151;151
221;221;221;221
227;227;227;227
277;85;277;173
191;191;191;191
285;99;14;14
251;27;95;251
156;258;233;131
227;40;40;280
279;105;203;203
91;9;76;65
42;284;19;44
36;288;14;181
258;167;272;19
14;25;105;25
106;196;242;99
30;109;284;89
187;156;243;220
98;275;299;131
116;199;245;279
14;56;158;158
130;293;203;280
179;292;187;167
99;105;210;82
176;156;30;138
10;10;10;10
201;201;201;201
287;180;143;100
64;296;195;111
75;36;240;75
242;206;134;200
111;135;9;68
196;196;196;196
226;262;74;260
175;68;224;67
53;53;53;53
48;48;48;48
77;174;174;283
161;250;54;191
268;268;268;268
154;154;154;154
172;222;96;150
271;66;75;115
9;9;9;9
176;176;176;176
166;166;166;166
221;30;182;18
73;237;147;234
41;41;41;41
176;101;196;280
285;210;285;34
138;25;12;149
219;245;284;148
96;73;240;35
270;97;169;100
184;245;232;232
273;221;275;179
231;229;282;133
198;172;119;77
96;8;262;173
68;266;86;227
295;295;295;295
204;204;204;204
299;223;220;276
277;186;35;264
15;17;290;119
225;289;251;102
81;152;96;152
10;158;89;5
57;257;152;257
268;268;268;268
285;285;103;299
21;133;77;21
288;288;288;288
298;298;298;298
209;113;291;47
259;238;87;150
219;73;106;260
176;36;162;36
222;75;195;100
200;200;200;200
109;109;279;155
290;226;56;263
287;292;228;123
171;171;171;171
35;46;131;155
163;51;20;163
268;150;268;189
161;116;98;48
73;92;131;131
14;14;14;14
45;64;64;24
148;290;220;276
112;170;248;127
24;150;37;102
89;32;255;221
151;125;209;242
253;90;38;32
138;217;20;14
118;137;188;137
185;271;25;135
86;104;246;135
237;36;119;154
156;77;203;86
48;232;113;16
266;188;259;245
257;66;290;66
141;141;141;141
56;150;56;101
158;227;274;158
263;281;15;53
134;238;57;236
226;226;226;226
145;162;150;162
30;176;86;12
164;164;164;164
291;201;47;122
201;139;103;147
236;6;230;277
120;120;120;120
23;23;23;23
93;256;235;266
147;84;147;53
123;123;123;123
272;202;100;13
273;300;300;148
117;111;21;44
290;143;51;110
54;81;81;277
242;8;195;8
132;240;114;85
241;241;241;241
32;90;90;291
154;154;154;154
175;119;296;140
133;133;133;133
188;225;233;233
133;133;133;133
213;284;213;144
196;230;31;129
82;22;193;22
195;247;197;295
81;149;281;21
115;48;143;254
147;220;170;220
24;148;209;24
133;133;133;133
47;47;47;47
289;237;284;177
97;206;146;10
44;80;38;264
168;168;168;168
41;169;90;267
165;280;280;262
45;182;286;64
137;295;260;260
206;193;123;251
254;254;254;254
145;239;98;98
103;55;118;266
130;130;130;130
262;262;262;262
44;44;44;44
211;67;67;244
44;84;127;273
255;195;284;45
31;103;220;31
269;173;47;205
248;248;224;99
141;141;141;141
261;80;6;271
30;30;30;30
259;259;259;259
207;132;85;118
131;11;125;176
220;7;220;169
186;297;258;258
48;68;238;16
107;117;71;117
7;187;187;174
90;257;149;297
221;255;241;299
46;24;232;88
67;289;20;274
79;79;79;79
181;89;257;22
143;5;194;183
73;55;65;65
51;137;43;173
187;187;187;187
161;161;161;161
110;32;20;151
222;168;168;154
45;112;45;65
251;100;235;190
110;201;214;62
98;159;279;159
32;232;184;79
278;278;27;31
169;169;169;169
261;156;184;147
128;133;34;128
150;212;150;280
214;53;145;251
169;51;15;51
150;214;27;21
49;49;49;49
295;295;295;295
19;216;296;116
166;195;297;50
291;23;134;101
138;138;138;138
84;150;276;150
